model,origin,seconds,failures,share_ANA,train_rows,train_max_target_day,config
snaive,1773,5.4694000027666334e-05,0,,,,
ets,1773,0.014718807000008383,0,0.23333333333333334,,,
lgbm,1773,4.19555238800001,0,,86100.0,1773.0,tweedie_31
snaive,1829,4.754300005060941e-05,0,,,,
ets,1829,0.013929288999975142,0,0.4,,,
lgbm,1829,2.635333050999975,0,,86100.0,1829.0,tweedie_31
snaive,1885,4.946600006405788e-05,0,,,,
ets,1885,0.014184438000029331,0,0.3333333333333333,,,
lgbm,1885,2.7964414919999854,0,,86100.0,1885.0,tweedie_31
