model,volume_group,n_obs,actual_units,abs_error,signed_error,wape,bias,mean_rmsse,median_rmsse,n_series_origins,rmsse_undefined,origin
ets,high,1008,5785.0,3230.462372617448,-82.39539772361692,0.5584204619909159,-0.014242938240901802,0.6444903117913758,0.593395393354277,36,0,
ets,low,504,240.0,272.158860457608,12.281767604731199,1.1339952519067,0.051174031686379996,0.5777468615890821,0.5184863742778119,18,0,
ets,medium,1008,891.0,828.2101046228798,-88.45396061580917,0.9295287369504824,-0.09927492773940423,0.6418385795180421,0.6143459019671818,36,0,
lgbm,high,1008,5785.0,3198.331570057649,-528.394129558337,0.552866304245056,-0.09133865679487242,0.6686533632648796,0.5697181706688688,36,0,
lgbm,low,504,240.0,269.7095615890384,18.983985753853464,1.1237898399543267,0.0790999406410561,0.5716410224361116,0.5078805166103992,18,0,
lgbm,medium,1008,891.0,817.8080635371343,-53.769934644385735,0.9178541678306783,-0.06034785033039925,0.6273844029305895,0.6073954868000431,36,0,
snaive,high,1008,5785.0,3849.0,-221.0,0.6653414001728608,-0.038202247191011236,0.8412755952306259,0.7991913617550646,36,0,
snaive,low,504,240.0,314.0,40.0,1.3083333333333333,0.16666666666666666,0.7709012678206676,0.8181546063638585,18,0,
snaive,medium,1008,891.0,989.0,-127.0,1.1099887766554433,-0.1425364758698092,0.8259407069067213,0.8694487815120746,36,0,
ets,,840,1867.0,1204.8718440679668,-35.92821289783191,0.6453518179260669,-0.019243820513032625,0.5406222203063193,0.5407734635276189,30,0,1773.0
ets,,840,2612.0,1559.2663617610613,-490.99195674708477,0.5969626193572211,-0.1879754811436006,0.6913372735703798,0.645430722146303,30,0,1829.0
ets,,840,2437.0,1566.6931318689078,368.3525789102218,0.6428777726175248,0.15115001186303725,0.6582832926480517,0.5996695644527259,30,0,1885.0
lgbm,,840,1867.0,1133.377785329228,-8.686608187300017,0.6070582674500418,-0.0046527092594001165,0.5417183069389782,0.5595014307310733,30,0,1773.0
lgbm,,840,2612.0,1579.064755051504,-584.313430088479,0.6045424023933783,-0.22370345715485412,0.7025167583874743,0.6628578592623678,30,0,1829.0
lgbm,,840,2437.0,1573.4066548030896,29.81995982690969,0.6456326035301968,0.012236339690976483,0.6539948675697773,0.5713964930714905,30,0,1885.0
snaive,,840,1867.0,1553.0,189.0,0.8318157471880021,0.10123192287091591,0.7319694356065652,0.7847929557627835,30,0,1773.0
snaive,,840,2612.0,1810.0,-512.0,0.6929555895865237,-0.19601837672281777,0.842343742983508,0.8449530433718405,30,0,1829.0
snaive,,840,2437.0,1789.0,15.0,0.7340993024210094,0.006155108740254411,0.8888871446671439,0.9784039506429549,30,0,1885.0
