d,date
1,2011-01-29
2,2011-01-30
3,2011-01-31
4,2011-02-01
5,2011-02-02
6,2011-02-03
7,2011-02-04
8,2011-02-05
9,2011-02-06
10,2011-02-07
11,2011-02-08
12,2011-02-09
13,2011-02-10
14,2011-02-11
15,2011-02-12
16,2011-02-13
17,2011-02-14
18,2011-02-15
19,2011-02-16
20,2011-02-17
21,2011-02-18
22,2011-02-19
23,2011-02-20
24,2011-02-21
25,2011-02-22
26,2011-02-23
27,2011-02-24
28,2011-02-25
29,2011-02-26
30,2011-02-27
31,2011-02-28
32,2011-03-01
33,2011-03-02
34,2011-03-03
35,2011-03-04
36,2011-03-05
37,2011-03-06
38,2011-03-07
39,2011-03-08
40,2011-03-09
41,2011-03-10
42,2011-03-11
43,2011-03-12
44,2011-03-13
45,2011-03-14
46,2011-03-15
47,2011-03-16
48,2011-03-17
49,2011-03-18
50,2011-03-19
51,2011-03-20
52,2011-03-21
53,2011-03-22
54,2011-03-23
55,2011-03-24
56,2011-03-25
57,2011-03-26
58,2011-03-27
59,2011-03-28
60,2011-03-29
61,2011-03-30
62,2011-03-31
63,2011-04-01
64,2011-04-02
65,2011-04-03
66,2011-04-04
67,2011-04-05
68,2011-04-06
69,2011-04-07
70,2011-04-08
71,2011-04-09
72,2011-04-10
73,2011-04-11
74,2011-04-12
75,2011-04-13
76,2011-04-14
77,2011-04-15
78,2011-04-16
79,2011-04-17
80,2011-04-18
81,2011-04-19
82,2011-04-20
83,2011-04-21
84,2011-04-22
85,2011-04-23
86,2011-04-24
87,2011-04-25
88,2011-04-26
89,2011-04-27
90,2011-04-28
91,2011-04-29
92,2011-04-30
93,2011-05-01
94,2011-05-02
95,2011-05-03
96,2011-05-04
97,2011-05-05
98,2011-05-06
99,2011-05-07
100,2011-05-08
101,2011-05-09
102,2011-05-10
103,2011-05-11
104,2011-05-12
105,2011-05-13
106,2011-05-14
107,2011-05-15
108,2011-05-16
109,2011-05-17
110,2011-05-18
111,2011-05-19
112,2011-05-20
113,2011-05-21
114,2011-05-22
115,2011-05-23
116,2011-05-24
117,2011-05-25
118,2011-05-26
119,2011-05-27
120,2011-05-28
121,2011-05-29
122,2011-05-30
123,2011-05-31
124,2011-06-01
125,2011-06-02
126,2011-06-03
127,2011-06-04
128,2011-06-05
129,2011-06-06
130,2011-06-07
131,2011-06-08
132,2011-06-09
133,2011-06-10
134,2011-06-11
135,2011-06-12
136,2011-06-13
137,2011-06-14
138,2011-06-15
139,2011-06-16
140,2011-06-17
141,2011-06-18
142,2011-06-19
143,2011-06-20
144,2011-06-21
145,2011-06-22
146,2011-06-23
147,2011-06-24
148,2011-06-25
149,2011-06-26
150,2011-06-27
151,2011-06-28
152,2011-06-29
153,2011-06-30
154,2011-07-01
155,2011-07-02
156,2011-07-03
157,2011-07-04
158,2011-07-05
159,2011-07-06
160,2011-07-07
161,2011-07-08
162,2011-07-09
163,2011-07-10
164,2011-07-11
165,2011-07-12
166,2011-07-13
167,2011-07-14
168,2011-07-15
169,2011-07-16
170,2011-07-17
171,2011-07-18
172,2011-07-19
173,2011-07-20
174,2011-07-21
175,2011-07-22
176,2011-07-23
177,2011-07-24
178,2011-07-25
179,2011-07-26
180,2011-07-27
181,2011-07-28
182,2011-07-29
183,2011-07-30
184,2011-07-31
185,2011-08-01
186,2011-08-02
187,2011-08-03
188,2011-08-04
189,2011-08-05
190,2011-08-06
191,2011-08-07
192,2011-08-08
193,2011-08-09
194,2011-08-10
195,2011-08-11
196,2011-08-12
197,2011-08-13
198,2011-08-14
199,2011-08-15
200,2011-08-16
201,2011-08-17
202,2011-08-18
203,2011-08-19
204,2011-08-20
205,2011-08-21
206,2011-08-22
207,2011-08-23
208,2011-08-24
209,2011-08-25
210,2011-08-26
211,2011-08-27
212,2011-08-28
213,2011-08-29
214,2011-08-30
215,2011-08-31
216,2011-09-01
217,2011-09-02
218,2011-09-03
219,2011-09-04
220,2011-09-05
221,2011-09-06
222,2011-09-07
223,2011-09-08
224,2011-09-09
225,2011-09-10
226,2011-09-11
227,2011-09-12
228,2011-09-13
229,2011-09-14
230,2011-09-15
231,2011-09-16
232,2011-09-17
233,2011-09-18
234,2011-09-19
235,2011-09-20
236,2011-09-21
237,2011-09-22
238,2011-09-23
239,2011-09-24
240,2011-09-25
241,2011-09-26
242,2011-09-27
243,2011-09-28
244,2011-09-29
245,2011-09-30
246,2011-10-01
247,2011-10-02
248,2011-10-03
249,2011-10-04
250,2011-10-05
251,2011-10-06
252,2011-10-07
253,2011-10-08
254,2011-10-09
255,2011-10-10
256,2011-10-11
257,2011-10-12
258,2011-10-13
259,2011-10-14
260,2011-10-15
261,2011-10-16
262,2011-10-17
263,2011-10-18
264,2011-10-19
265,2011-10-20
266,2011-10-21
267,2011-10-22
268,2011-10-23
269,2011-10-24
270,2011-10-25
271,2011-10-26
272,2011-10-27
273,2011-10-28
274,2011-10-29
275,2011-10-30
276,2011-10-31
277,2011-11-01
278,2011-11-02
279,2011-11-03
280,2011-11-04
281,2011-11-05
282,2011-11-06
283,2011-11-07
284,2011-11-08
285,2011-11-09
286,2011-11-10
287,2011-11-11
288,2011-11-12
289,2011-11-13
290,2011-11-14
291,2011-11-15
292,2011-11-16
293,2011-11-17
294,2011-11-18
295,2011-11-19
296,2011-11-20
297,2011-11-21
298,2011-11-22
299,2011-11-23
300,2011-11-24
301,2011-11-25
302,2011-11-26
303,2011-11-27
304,2011-11-28
305,2011-11-29
306,2011-11-30
307,2011-12-01
308,2011-12-02
309,2011-12-03
310,2011-12-04
311,2011-12-05
312,2011-12-06
313,2011-12-07
314,2011-12-08
315,2011-12-09
316,2011-12-10
317,2011-12-11
318,2011-12-12
319,2011-12-13
320,2011-12-14
321,2011-12-15
322,2011-12-16
323,2011-12-17
324,2011-12-18
325,2011-12-19
326,2011-12-20
327,2011-12-21
328,2011-12-22
329,2011-12-23
330,2011-12-24
331,2011-12-25
332,2011-12-26
333,2011-12-27
334,2011-12-28
335,2011-12-29
336,2011-12-30
337,2011-12-31
338,2012-01-01
339,2012-01-02
340,2012-01-03
341,2012-01-04
342,2012-01-05
343,2012-01-06
344,2012-01-07
345,2012-01-08
346,2012-01-09
347,2012-01-10
348,2012-01-11
349,2012-01-12
350,2012-01-13
351,2012-01-14
352,2012-01-15
353,2012-01-16
354,2012-01-17
355,2012-01-18
356,2012-01-19
357,2012-01-20
358,2012-01-21
359,2012-01-22
360,2012-01-23
361,2012-01-24
362,2012-01-25
363,2012-01-26
364,2012-01-27
365,2012-01-28
366,2012-01-29
367,2012-01-30
368,2012-01-31
369,2012-02-01
370,2012-02-02
371,2012-02-03
372,2012-02-04
373,2012-02-05
374,2012-02-06
375,2012-02-07
376,2012-02-08
377,2012-02-09
378,2012-02-10
379,2012-02-11
380,2012-02-12
381,2012-02-13
382,2012-02-14
383,2012-02-15
384,2012-02-16
385,2012-02-17
386,2012-02-18
387,2012-02-19
388,2012-02-20
389,2012-02-21
390,2012-02-22
391,2012-02-23
392,2012-02-24
393,2012-02-25
394,2012-02-26
395,2012-02-27
396,2012-02-28
397,2012-02-29
398,2012-03-01
399,2012-03-02
400,2012-03-03
401,2012-03-04
402,2012-03-05
403,2012-03-06
404,2012-03-07
405,2012-03-08
406,2012-03-09
407,2012-03-10
408,2012-03-11
409,2012-03-12
410,2012-03-13
411,2012-03-14
412,2012-03-15
413,2012-03-16
414,2012-03-17
415,2012-03-18
416,2012-03-19
417,2012-03-20
418,2012-03-21
419,2012-03-22
420,2012-03-23
421,2012-03-24
422,2012-03-25
423,2012-03-26
424,2012-03-27
425,2012-03-28
426,2012-03-29
427,2012-03-30
428,2012-03-31
429,2012-04-01
430,2012-04-02
431,2012-04-03
432,2012-04-04
433,2012-04-05
434,2012-04-06
435,2012-04-07
436,2012-04-08
437,2012-04-09
438,2012-04-10
439,2012-04-11
440,2012-04-12
441,2012-04-13
442,2012-04-14
443,2012-04-15
444,2012-04-16
445,2012-04-17
446,2012-04-18
447,2012-04-19
448,2012-04-20
449,2012-04-21
450,2012-04-22
451,2012-04-23
452,2012-04-24
453,2012-04-25
454,2012-04-26
455,2012-04-27
456,2012-04-28
457,2012-04-29
458,2012-04-30
459,2012-05-01
460,2012-05-02
461,2012-05-03
462,2012-05-04
463,2012-05-05
464,2012-05-06
465,2012-05-07
466,2012-05-08
467,2012-05-09
468,2012-05-10
469,2012-05-11
470,2012-05-12
471,2012-05-13
472,2012-05-14
473,2012-05-15
474,2012-05-16
475,2012-05-17
476,2012-05-18
477,2012-05-19
478,2012-05-20
479,2012-05-21
480,2012-05-22
481,2012-05-23
482,2012-05-24
483,2012-05-25
484,2012-05-26
485,2012-05-27
486,2012-05-28
487,2012-05-29
488,2012-05-30
489,2012-05-31
490,2012-06-01
491,2012-06-02
492,2012-06-03
493,2012-06-04
494,2012-06-05
495,2012-06-06
496,2012-06-07
497,2012-06-08
498,2012-06-09
499,2012-06-10
500,2012-06-11
501,2012-06-12
502,2012-06-13
503,2012-06-14
504,2012-06-15
505,2012-06-16
506,2012-06-17
507,2012-06-18
508,2012-06-19
509,2012-06-20
510,2012-06-21
511,2012-06-22
512,2012-06-23
513,2012-06-24
514,2012-06-25
515,2012-06-26
516,2012-06-27
517,2012-06-28
518,2012-06-29
519,2012-06-30
520,2012-07-01
521,2012-07-02
522,2012-07-03
523,2012-07-04
524,2012-07-05
525,2012-07-06
526,2012-07-07
527,2012-07-08
528,2012-07-09
529,2012-07-10
530,2012-07-11
531,2012-07-12
532,2012-07-13
533,2012-07-14
534,2012-07-15
535,2012-07-16
536,2012-07-17
537,2012-07-18
538,2012-07-19
539,2012-07-20
540,2012-07-21
541,2012-07-22
542,2012-07-23
543,2012-07-24
544,2012-07-25
545,2012-07-26
546,2012-07-27
547,2012-07-28
548,2012-07-29
549,2012-07-30
550,2012-07-31
551,2012-08-01
552,2012-08-02
553,2012-08-03
554,2012-08-04
555,2012-08-05
556,2012-08-06
557,2012-08-07
558,2012-08-08
559,2012-08-09
560,2012-08-10
561,2012-08-11
562,2012-08-12
563,2012-08-13
564,2012-08-14
565,2012-08-15
566,2012-08-16
567,2012-08-17
568,2012-08-18
569,2012-08-19
570,2012-08-20
571,2012-08-21
572,2012-08-22
573,2012-08-23
574,2012-08-24
575,2012-08-25
576,2012-08-26
577,2012-08-27
578,2012-08-28
579,2012-08-29
580,2012-08-30
581,2012-08-31
582,2012-09-01
583,2012-09-02
584,2012-09-03
585,2012-09-04
586,2012-09-05
587,2012-09-06
588,2012-09-07
589,2012-09-08
590,2012-09-09
591,2012-09-10
592,2012-09-11
593,2012-09-12
594,2012-09-13
595,2012-09-14
596,2012-09-15
597,2012-09-16
598,2012-09-17
599,2012-09-18
600,2012-09-19
601,2012-09-20
602,2012-09-21
603,2012-09-22
604,2012-09-23
605,2012-09-24
606,2012-09-25
607,2012-09-26
608,2012-09-27
609,2012-09-28
610,2012-09-29
611,2012-09-30
612,2012-10-01
613,2012-10-02
614,2012-10-03
615,2012-10-04
616,2012-10-05
617,2012-10-06
618,2012-10-07
619,2012-10-08
620,2012-10-09
621,2012-10-10
622,2012-10-11
623,2012-10-12
624,2012-10-13
625,2012-10-14
626,2012-10-15
627,2012-10-16
628,2012-10-17
629,2012-10-18
630,2012-10-19
631,2012-10-20
632,2012-10-21
633,2012-10-22
634,2012-10-23
635,2012-10-24
636,2012-10-25
637,2012-10-26
638,2012-10-27
639,2012-10-28
640,2012-10-29
641,2012-10-30
642,2012-10-31
643,2012-11-01
644,2012-11-02
645,2012-11-03
646,2012-11-04
647,2012-11-05
648,2012-11-06
649,2012-11-07
650,2012-11-08
651,2012-11-09
652,2012-11-10
653,2012-11-11
654,2012-11-12
655,2012-11-13
656,2012-11-14
657,2012-11-15
658,2012-11-16
659,2012-11-17
660,2012-11-18
661,2012-11-19
662,2012-11-20
663,2012-11-21
664,2012-11-22
665,2012-11-23
666,2012-11-24
667,2012-11-25
668,2012-11-26
669,2012-11-27
670,2012-11-28
671,2012-11-29
672,2012-11-30
673,2012-12-01
674,2012-12-02
675,2012-12-03
676,2012-12-04
677,2012-12-05
678,2012-12-06
679,2012-12-07
680,2012-12-08
681,2012-12-09
682,2012-12-10
683,2012-12-11
684,2012-12-12
685,2012-12-13
686,2012-12-14
687,2012-12-15
688,2012-12-16
689,2012-12-17
690,2012-12-18
691,2012-12-19
692,2012-12-20
693,2012-12-21
694,2012-12-22
695,2012-12-23
696,2012-12-24
697,2012-12-25
698,2012-12-26
699,2012-12-27
700,2012-12-28
701,2012-12-29
702,2012-12-30
703,2012-12-31
704,2013-01-01
705,2013-01-02
706,2013-01-03
707,2013-01-04
708,2013-01-05
709,2013-01-06
710,2013-01-07
711,2013-01-08
712,2013-01-09
713,2013-01-10
714,2013-01-11
715,2013-01-12
716,2013-01-13
717,2013-01-14
718,2013-01-15
719,2013-01-16
720,2013-01-17
721,2013-01-18
722,2013-01-19
723,2013-01-20
724,2013-01-21
725,2013-01-22
726,2013-01-23
727,2013-01-24
728,2013-01-25
729,2013-01-26
730,2013-01-27
731,2013-01-28
732,2013-01-29
733,2013-01-30
734,2013-01-31
735,2013-02-01
736,2013-02-02
737,2013-02-03
738,2013-02-04
739,2013-02-05
740,2013-02-06
741,2013-02-07
742,2013-02-08
743,2013-02-09
744,2013-02-10
745,2013-02-11
746,2013-02-12
747,2013-02-13
748,2013-02-14
749,2013-02-15
750,2013-02-16
751,2013-02-17
752,2013-02-18
753,2013-02-19
754,2013-02-20
755,2013-02-21
756,2013-02-22
757,2013-02-23
758,2013-02-24
759,2013-02-25
760,2013-02-26
761,2013-02-27
762,2013-02-28
763,2013-03-01
764,2013-03-02
765,2013-03-03
766,2013-03-04
767,2013-03-05
768,2013-03-06
769,2013-03-07
770,2013-03-08
771,2013-03-09
772,2013-03-10
773,2013-03-11
774,2013-03-12
775,2013-03-13
776,2013-03-14
777,2013-03-15
778,2013-03-16
779,2013-03-17
780,2013-03-18
781,2013-03-19
782,2013-03-20
783,2013-03-21
784,2013-03-22
785,2013-03-23
786,2013-03-24
787,2013-03-25
788,2013-03-26
789,2013-03-27
790,2013-03-28
791,2013-03-29
792,2013-03-30
793,2013-03-31
794,2013-04-01
795,2013-04-02
796,2013-04-03
797,2013-04-04
798,2013-04-05
799,2013-04-06
800,2013-04-07
801,2013-04-08
802,2013-04-09
803,2013-04-10
804,2013-04-11
805,2013-04-12
806,2013-04-13
807,2013-04-14
808,2013-04-15
809,2013-04-16
810,2013-04-17
811,2013-04-18
812,2013-04-19
813,2013-04-20
814,2013-04-21
815,2013-04-22
816,2013-04-23
817,2013-04-24
818,2013-04-25
819,2013-04-26
820,2013-04-27
821,2013-04-28
822,2013-04-29
823,2013-04-30
824,2013-05-01
825,2013-05-02
826,2013-05-03
827,2013-05-04
828,2013-05-05
829,2013-05-06
830,2013-05-07
831,2013-05-08
832,2013-05-09
833,2013-05-10
834,2013-05-11
835,2013-05-12
836,2013-05-13
837,2013-05-14
838,2013-05-15
839,2013-05-16
840,2013-05-17
841,2013-05-18
842,2013-05-19
843,2013-05-20
844,2013-05-21
845,2013-05-22
846,2013-05-23
847,2013-05-24
848,2013-05-25
849,2013-05-26
850,2013-05-27
851,2013-05-28
852,2013-05-29
853,2013-05-30
854,2013-05-31
855,2013-06-01
856,2013-06-02
857,2013-06-03
858,2013-06-04
859,2013-06-05
860,2013-06-06
861,2013-06-07
862,2013-06-08
863,2013-06-09
864,2013-06-10
865,2013-06-11
866,2013-06-12
867,2013-06-13
868,2013-06-14
869,2013-06-15
870,2013-06-16
871,2013-06-17
872,2013-06-18
873,2013-06-19
874,2013-06-20
875,2013-06-21
876,2013-06-22
877,2013-06-23
878,2013-06-24
879,2013-06-25
880,2013-06-26
881,2013-06-27
882,2013-06-28
883,2013-06-29
884,2013-06-30
885,2013-07-01
886,2013-07-02
887,2013-07-03
888,2013-07-04
889,2013-07-05
890,2013-07-06
891,2013-07-07
892,2013-07-08
893,2013-07-09
894,2013-07-10
895,2013-07-11
896,2013-07-12
897,2013-07-13
898,2013-07-14
899,2013-07-15
900,2013-07-16
901,2013-07-17
902,2013-07-18
903,2013-07-19
904,2013-07-20
905,2013-07-21
906,2013-07-22
907,2013-07-23
908,2013-07-24
909,2013-07-25
910,2013-07-26
911,2013-07-27
912,2013-07-28
913,2013-07-29
914,2013-07-30
915,2013-07-31
916,2013-08-01
917,2013-08-02
918,2013-08-03
919,2013-08-04
920,2013-08-05
921,2013-08-06
922,2013-08-07
923,2013-08-08
924,2013-08-09
925,2013-08-10
926,2013-08-11
927,2013-08-12
928,2013-08-13
929,2013-08-14
930,2013-08-15
931,2013-08-16
932,2013-08-17
933,2013-08-18
934,2013-08-19
935,2013-08-20
936,2013-08-21
937,2013-08-22
938,2013-08-23
939,2013-08-24
940,2013-08-25
941,2013-08-26
942,2013-08-27
943,2013-08-28
944,2013-08-29
945,2013-08-30
946,2013-08-31
947,2013-09-01
948,2013-09-02
949,2013-09-03
950,2013-09-04
951,2013-09-05
952,2013-09-06
953,2013-09-07
954,2013-09-08
955,2013-09-09
956,2013-09-10
957,2013-09-11
958,2013-09-12
959,2013-09-13
960,2013-09-14
961,2013-09-15
962,2013-09-16
963,2013-09-17
964,2013-09-18
965,2013-09-19
966,2013-09-20
967,2013-09-21
968,2013-09-22
969,2013-09-23
970,2013-09-24
971,2013-09-25
972,2013-09-26
973,2013-09-27
974,2013-09-28
975,2013-09-29
976,2013-09-30
977,2013-10-01
978,2013-10-02
979,2013-10-03
980,2013-10-04
981,2013-10-05
982,2013-10-06
983,2013-10-07
984,2013-10-08
985,2013-10-09
986,2013-10-10
987,2013-10-11
988,2013-10-12
989,2013-10-13
990,2013-10-14
991,2013-10-15
992,2013-10-16
993,2013-10-17
994,2013-10-18
995,2013-10-19
996,2013-10-20
997,2013-10-21
998,2013-10-22
999,2013-10-23
1000,2013-10-24
1001,2013-10-25
1002,2013-10-26
1003,2013-10-27
1004,2013-10-28
1005,2013-10-29
1006,2013-10-30
1007,2013-10-31
1008,2013-11-01
1009,2013-11-02
1010,2013-11-03
1011,2013-11-04
1012,2013-11-05
1013,2013-11-06
1014,2013-11-07
1015,2013-11-08
1016,2013-11-09
1017,2013-11-10
1018,2013-11-11
1019,2013-11-12
1020,2013-11-13
1021,2013-11-14
1022,2013-11-15
1023,2013-11-16
1024,2013-11-17
1025,2013-11-18
1026,2013-11-19
1027,2013-11-20
1028,2013-11-21
1029,2013-11-22
1030,2013-11-23
1031,2013-11-24
1032,2013-11-25
1033,2013-11-26
1034,2013-11-27
1035,2013-11-28
1036,2013-11-29
1037,2013-11-30
1038,2013-12-01
1039,2013-12-02
1040,2013-12-03
1041,2013-12-04
1042,2013-12-05
1043,2013-12-06
1044,2013-12-07
1045,2013-12-08
1046,2013-12-09
1047,2013-12-10
1048,2013-12-11
1049,2013-12-12
1050,2013-12-13
1051,2013-12-14
1052,2013-12-15
1053,2013-12-16
1054,2013-12-17
1055,2013-12-18
1056,2013-12-19
1057,2013-12-20
1058,2013-12-21
1059,2013-12-22
1060,2013-12-23
1061,2013-12-24
1062,2013-12-25
1063,2013-12-26
1064,2013-12-27
1065,2013-12-28
1066,2013-12-29
1067,2013-12-30
1068,2013-12-31
1069,2014-01-01
1070,2014-01-02
1071,2014-01-03
1072,2014-01-04
1073,2014-01-05
1074,2014-01-06
1075,2014-01-07
1076,2014-01-08
1077,2014-01-09
1078,2014-01-10
1079,2014-01-11
1080,2014-01-12
1081,2014-01-13
1082,2014-01-14
1083,2014-01-15
1084,2014-01-16
1085,2014-01-17
1086,2014-01-18
1087,2014-01-19
1088,2014-01-20
1089,2014-01-21
1090,2014-01-22
1091,2014-01-23
1092,2014-01-24
1093,2014-01-25
1094,2014-01-26
1095,2014-01-27
1096,2014-01-28
1097,2014-01-29
1098,2014-01-30
1099,2014-01-31
1100,2014-02-01
1101,2014-02-02
1102,2014-02-03
1103,2014-02-04
1104,2014-02-05
1105,2014-02-06
1106,2014-02-07
1107,2014-02-08
1108,2014-02-09
1109,2014-02-10
1110,2014-02-11
1111,2014-02-12
1112,2014-02-13
1113,2014-02-14
1114,2014-02-15
1115,2014-02-16
1116,2014-02-17
1117,2014-02-18
1118,2014-02-19
1119,2014-02-20
1120,2014-02-21
1121,2014-02-22
1122,2014-02-23
1123,2014-02-24
1124,2014-02-25
1125,2014-02-26
1126,2014-02-27
1127,2014-02-28
1128,2014-03-01
1129,2014-03-02
1130,2014-03-03
1131,2014-03-04
1132,2014-03-05
1133,2014-03-06
1134,2014-03-07
1135,2014-03-08
1136,2014-03-09
1137,2014-03-10
1138,2014-03-11
1139,2014-03-12
1140,2014-03-13
1141,2014-03-14
1142,2014-03-15
1143,2014-03-16
1144,2014-03-17
1145,2014-03-18
1146,2014-03-19
1147,2014-03-20
1148,2014-03-21
1149,2014-03-22
1150,2014-03-23
1151,2014-03-24
1152,2014-03-25
1153,2014-03-26
1154,2014-03-27
1155,2014-03-28
1156,2014-03-29
1157,2014-03-30
1158,2014-03-31
1159,2014-04-01
1160,2014-04-02
1161,2014-04-03
1162,2014-04-04
1163,2014-04-05
1164,2014-04-06
1165,2014-04-07
1166,2014-04-08
1167,2014-04-09
1168,2014-04-10
1169,2014-04-11
1170,2014-04-12
1171,2014-04-13
1172,2014-04-14
1173,2014-04-15
1174,2014-04-16
1175,2014-04-17
1176,2014-04-18
1177,2014-04-19
1178,2014-04-20
1179,2014-04-21
1180,2014-04-22
1181,2014-04-23
1182,2014-04-24
1183,2014-04-25
1184,2014-04-26
1185,2014-04-27
1186,2014-04-28
1187,2014-04-29
1188,2014-04-30
1189,2014-05-01
1190,2014-05-02
1191,2014-05-03
1192,2014-05-04
1193,2014-05-05
1194,2014-05-06
1195,2014-05-07
1196,2014-05-08
1197,2014-05-09
1198,2014-05-10
1199,2014-05-11
1200,2014-05-12
1201,2014-05-13
1202,2014-05-14
1203,2014-05-15
1204,2014-05-16
1205,2014-05-17
1206,2014-05-18
1207,2014-05-19
1208,2014-05-20
1209,2014-05-21
1210,2014-05-22
1211,2014-05-23
1212,2014-05-24
1213,2014-05-25
1214,2014-05-26
1215,2014-05-27
1216,2014-05-28
1217,2014-05-29
1218,2014-05-30
1219,2014-05-31
1220,2014-06-01
1221,2014-06-02
1222,2014-06-03
1223,2014-06-04
1224,2014-06-05
1225,2014-06-06
1226,2014-06-07
1227,2014-06-08
1228,2014-06-09
1229,2014-06-10
1230,2014-06-11
1231,2014-06-12
1232,2014-06-13
1233,2014-06-14
1234,2014-06-15
1235,2014-06-16
1236,2014-06-17
1237,2014-06-18
1238,2014-06-19
1239,2014-06-20
1240,2014-06-21
1241,2014-06-22
1242,2014-06-23
1243,2014-06-24
1244,2014-06-25
1245,2014-06-26
1246,2014-06-27
1247,2014-06-28
1248,2014-06-29
1249,2014-06-30
1250,2014-07-01
1251,2014-07-02
1252,2014-07-03
1253,2014-07-04
1254,2014-07-05
1255,2014-07-06
1256,2014-07-07
1257,2014-07-08
1258,2014-07-09
1259,2014-07-10
1260,2014-07-11
1261,2014-07-12
1262,2014-07-13
1263,2014-07-14
1264,2014-07-15
1265,2014-07-16
1266,2014-07-17
1267,2014-07-18
1268,2014-07-19
1269,2014-07-20
1270,2014-07-21
1271,2014-07-22
1272,2014-07-23
1273,2014-07-24
1274,2014-07-25
1275,2014-07-26
1276,2014-07-27
1277,2014-07-28
1278,2014-07-29
1279,2014-07-30
1280,2014-07-31
1281,2014-08-01
1282,2014-08-02
1283,2014-08-03
1284,2014-08-04
1285,2014-08-05
1286,2014-08-06
1287,2014-08-07
1288,2014-08-08
1289,2014-08-09
1290,2014-08-10
1291,2014-08-11
1292,2014-08-12
1293,2014-08-13
1294,2014-08-14
1295,2014-08-15
1296,2014-08-16
1297,2014-08-17
1298,2014-08-18
1299,2014-08-19
1300,2014-08-20
1301,2014-08-21
1302,2014-08-22
1303,2014-08-23
1304,2014-08-24
1305,2014-08-25
1306,2014-08-26
1307,2014-08-27
1308,2014-08-28
1309,2014-08-29
1310,2014-08-30
1311,2014-08-31
1312,2014-09-01
1313,2014-09-02
1314,2014-09-03
1315,2014-09-04
1316,2014-09-05
1317,2014-09-06
1318,2014-09-07
1319,2014-09-08
1320,2014-09-09
1321,2014-09-10
1322,2014-09-11
1323,2014-09-12
1324,2014-09-13
1325,2014-09-14
1326,2014-09-15
1327,2014-09-16
1328,2014-09-17
1329,2014-09-18
1330,2014-09-19
1331,2014-09-20
1332,2014-09-21
1333,2014-09-22
1334,2014-09-23
1335,2014-09-24
1336,2014-09-25
1337,2014-09-26
1338,2014-09-27
1339,2014-09-28
1340,2014-09-29
1341,2014-09-30
1342,2014-10-01
1343,2014-10-02
1344,2014-10-03
1345,2014-10-04
1346,2014-10-05
1347,2014-10-06
1348,2014-10-07
1349,2014-10-08
1350,2014-10-09
1351,2014-10-10
1352,2014-10-11
1353,2014-10-12
1354,2014-10-13
1355,2014-10-14
1356,2014-10-15
1357,2014-10-16
1358,2014-10-17
1359,2014-10-18
1360,2014-10-19
1361,2014-10-20
1362,2014-10-21
1363,2014-10-22
1364,2014-10-23
1365,2014-10-24
1366,2014-10-25
1367,2014-10-26
1368,2014-10-27
1369,2014-10-28
1370,2014-10-29
1371,2014-10-30
1372,2014-10-31
1373,2014-11-01
1374,2014-11-02
1375,2014-11-03
1376,2014-11-04
1377,2014-11-05
1378,2014-11-06
1379,2014-11-07
1380,2014-11-08
1381,2014-11-09
1382,2014-11-10
1383,2014-11-11
1384,2014-11-12
1385,2014-11-13
1386,2014-11-14
1387,2014-11-15
1388,2014-11-16
1389,2014-11-17
1390,2014-11-18
1391,2014-11-19
1392,2014-11-20
1393,2014-11-21
1394,2014-11-22
1395,2014-11-23
1396,2014-11-24
1397,2014-11-25
1398,2014-11-26
1399,2014-11-27
1400,2014-11-28
1401,2014-11-29
1402,2014-11-30
1403,2014-12-01
1404,2014-12-02
1405,2014-12-03
1406,2014-12-04
1407,2014-12-05
1408,2014-12-06
1409,2014-12-07
1410,2014-12-08
1411,2014-12-09
1412,2014-12-10
1413,2014-12-11
1414,2014-12-12
1415,2014-12-13
1416,2014-12-14
1417,2014-12-15
1418,2014-12-16
1419,2014-12-17
1420,2014-12-18
1421,2014-12-19
1422,2014-12-20
1423,2014-12-21
1424,2014-12-22
1425,2014-12-23
1426,2014-12-24
1427,2014-12-25
1428,2014-12-26
1429,2014-12-27
1430,2014-12-28
1431,2014-12-29
1432,2014-12-30
1433,2014-12-31
1434,2015-01-01
1435,2015-01-02
1436,2015-01-03
1437,2015-01-04
1438,2015-01-05
1439,2015-01-06
1440,2015-01-07
1441,2015-01-08
1442,2015-01-09
1443,2015-01-10
1444,2015-01-11
1445,2015-01-12
1446,2015-01-13
1447,2015-01-14
1448,2015-01-15
1449,2015-01-16
1450,2015-01-17
1451,2015-01-18
1452,2015-01-19
1453,2015-01-20
1454,2015-01-21
1455,2015-01-22
1456,2015-01-23
1457,2015-01-24
1458,2015-01-25
1459,2015-01-26
1460,2015-01-27
1461,2015-01-28
1462,2015-01-29
1463,2015-01-30
1464,2015-01-31
1465,2015-02-01
1466,2015-02-02
1467,2015-02-03
1468,2015-02-04
1469,2015-02-05
1470,2015-02-06
1471,2015-02-07
1472,2015-02-08
1473,2015-02-09
1474,2015-02-10
1475,2015-02-11
1476,2015-02-12
1477,2015-02-13
1478,2015-02-14
1479,2015-02-15
1480,2015-02-16
1481,2015-02-17
1482,2015-02-18
1483,2015-02-19
1484,2015-02-20
1485,2015-02-21
1486,2015-02-22
1487,2015-02-23
1488,2015-02-24
1489,2015-02-25
1490,2015-02-26
1491,2015-02-27
1492,2015-02-28
1493,2015-03-01
1494,2015-03-02
1495,2015-03-03
1496,2015-03-04
1497,2015-03-05
1498,2015-03-06
1499,2015-03-07
1500,2015-03-08
1501,2015-03-09
1502,2015-03-10
1503,2015-03-11
1504,2015-03-12
1505,2015-03-13
1506,2015-03-14
1507,2015-03-15
1508,2015-03-16
1509,2015-03-17
1510,2015-03-18
1511,2015-03-19
1512,2015-03-20
1513,2015-03-21
1514,2015-03-22
1515,2015-03-23
1516,2015-03-24
1517,2015-03-25
1518,2015-03-26
1519,2015-03-27
1520,2015-03-28
1521,2015-03-29
1522,2015-03-30
1523,2015-03-31
1524,2015-04-01
1525,2015-04-02
1526,2015-04-03
1527,2015-04-04
1528,2015-04-05
1529,2015-04-06
1530,2015-04-07
1531,2015-04-08
1532,2015-04-09
1533,2015-04-10
1534,2015-04-11
1535,2015-04-12
1536,2015-04-13
1537,2015-04-14
1538,2015-04-15
1539,2015-04-16
1540,2015-04-17
1541,2015-04-18
1542,2015-04-19
1543,2015-04-20
1544,2015-04-21
1545,2015-04-22
1546,2015-04-23
1547,2015-04-24
1548,2015-04-25
1549,2015-04-26
1550,2015-04-27
1551,2015-04-28
1552,2015-04-29
1553,2015-04-30
1554,2015-05-01
1555,2015-05-02
1556,2015-05-03
1557,2015-05-04
1558,2015-05-05
1559,2015-05-06
1560,2015-05-07
1561,2015-05-08
1562,2015-05-09
1563,2015-05-10
1564,2015-05-11
1565,2015-05-12
1566,2015-05-13
1567,2015-05-14
1568,2015-05-15
1569,2015-05-16
1570,2015-05-17
1571,2015-05-18
1572,2015-05-19
1573,2015-05-20
1574,2015-05-21
1575,2015-05-22
1576,2015-05-23
1577,2015-05-24
1578,2015-05-25
1579,2015-05-26
1580,2015-05-27
1581,2015-05-28
1582,2015-05-29
1583,2015-05-30
1584,2015-05-31
1585,2015-06-01
1586,2015-06-02
1587,2015-06-03
1588,2015-06-04
1589,2015-06-05
1590,2015-06-06
1591,2015-06-07
1592,2015-06-08
1593,2015-06-09
1594,2015-06-10
1595,2015-06-11
1596,2015-06-12
1597,2015-06-13
1598,2015-06-14
1599,2015-06-15
1600,2015-06-16
1601,2015-06-17
1602,2015-06-18
1603,2015-06-19
1604,2015-06-20
1605,2015-06-21
1606,2015-06-22
1607,2015-06-23
1608,2015-06-24
1609,2015-06-25
1610,2015-06-26
1611,2015-06-27
1612,2015-06-28
1613,2015-06-29
1614,2015-06-30
1615,2015-07-01
1616,2015-07-02
1617,2015-07-03
1618,2015-07-04
1619,2015-07-05
1620,2015-07-06
1621,2015-07-07
1622,2015-07-08
1623,2015-07-09
1624,2015-07-10
1625,2015-07-11
1626,2015-07-12
1627,2015-07-13
1628,2015-07-14
1629,2015-07-15
1630,2015-07-16
1631,2015-07-17
1632,2015-07-18
1633,2015-07-19
1634,2015-07-20
1635,2015-07-21
1636,2015-07-22
1637,2015-07-23
1638,2015-07-24
1639,2015-07-25
1640,2015-07-26
1641,2015-07-27
1642,2015-07-28
1643,2015-07-29
1644,2015-07-30
1645,2015-07-31
1646,2015-08-01
1647,2015-08-02
1648,2015-08-03
1649,2015-08-04
1650,2015-08-05
1651,2015-08-06
1652,2015-08-07
1653,2015-08-08
1654,2015-08-09
1655,2015-08-10
1656,2015-08-11
1657,2015-08-12
1658,2015-08-13
1659,2015-08-14
1660,2015-08-15
1661,2015-08-16
1662,2015-08-17
1663,2015-08-18
1664,2015-08-19
1665,2015-08-20
1666,2015-08-21
1667,2015-08-22
1668,2015-08-23
1669,2015-08-24
1670,2015-08-25
1671,2015-08-26
1672,2015-08-27
1673,2015-08-28
1674,2015-08-29
1675,2015-08-30
1676,2015-08-31
1677,2015-09-01
1678,2015-09-02
1679,2015-09-03
1680,2015-09-04
1681,2015-09-05
1682,2015-09-06
1683,2015-09-07
1684,2015-09-08
1685,2015-09-09
1686,2015-09-10
1687,2015-09-11
1688,2015-09-12
1689,2015-09-13
1690,2015-09-14
1691,2015-09-15
1692,2015-09-16
1693,2015-09-17
1694,2015-09-18
1695,2015-09-19
1696,2015-09-20
1697,2015-09-21
1698,2015-09-22
1699,2015-09-23
1700,2015-09-24
1701,2015-09-25
1702,2015-09-26
1703,2015-09-27
1704,2015-09-28
1705,2015-09-29
1706,2015-09-30
1707,2015-10-01
1708,2015-10-02
1709,2015-10-03
1710,2015-10-04
1711,2015-10-05
1712,2015-10-06
1713,2015-10-07
1714,2015-10-08
1715,2015-10-09
1716,2015-10-10
1717,2015-10-11
1718,2015-10-12
1719,2015-10-13
1720,2015-10-14
1721,2015-10-15
1722,2015-10-16
1723,2015-10-17
1724,2015-10-18
1725,2015-10-19
1726,2015-10-20
1727,2015-10-21
1728,2015-10-22
1729,2015-10-23
1730,2015-10-24
1731,2015-10-25
1732,2015-10-26
1733,2015-10-27
1734,2015-10-28
1735,2015-10-29
1736,2015-10-30
1737,2015-10-31
1738,2015-11-01
1739,2015-11-02
1740,2015-11-03
1741,2015-11-04
1742,2015-11-05
1743,2015-11-06
1744,2015-11-07
1745,2015-11-08
1746,2015-11-09
1747,2015-11-10
1748,2015-11-11
1749,2015-11-12
1750,2015-11-13
1751,2015-11-14
1752,2015-11-15
1753,2015-11-16
1754,2015-11-17
1755,2015-11-18
1756,2015-11-19
1757,2015-11-20
1758,2015-11-21
1759,2015-11-22
1760,2015-11-23
1761,2015-11-24
1762,2015-11-25
1763,2015-11-26
1764,2015-11-27
1765,2015-11-28
1766,2015-11-29
1767,2015-11-30
1768,2015-12-01
1769,2015-12-02
1770,2015-12-03
1771,2015-12-04
1772,2015-12-05
1773,2015-12-06
1774,2015-12-07
1775,2015-12-08
1776,2015-12-09
1777,2015-12-10
1778,2015-12-11
1779,2015-12-12
1780,2015-12-13
1781,2015-12-14
1782,2015-12-15
1783,2015-12-16
1784,2015-12-17
1785,2015-12-18
1786,2015-12-19
1787,2015-12-20
1788,2015-12-21
1789,2015-12-22
1790,2015-12-23
1791,2015-12-24
1792,2015-12-25
1793,2015-12-26
1794,2015-12-27
1795,2015-12-28
1796,2015-12-29
1797,2015-12-30
1798,2015-12-31
1799,2016-01-01
1800,2016-01-02
1801,2016-01-03
1802,2016-01-04
1803,2016-01-05
1804,2016-01-06
1805,2016-01-07
1806,2016-01-08
1807,2016-01-09
1808,2016-01-10
1809,2016-01-11
1810,2016-01-12
1811,2016-01-13
1812,2016-01-14
1813,2016-01-15
1814,2016-01-16
1815,2016-01-17
1816,2016-01-18
1817,2016-01-19
1818,2016-01-20
1819,2016-01-21
1820,2016-01-22
1821,2016-01-23
1822,2016-01-24
1823,2016-01-25
1824,2016-01-26
1825,2016-01-27
1826,2016-01-28
1827,2016-01-29
1828,2016-01-30
1829,2016-01-31
1830,2016-02-01
1831,2016-02-02
1832,2016-02-03
1833,2016-02-04
1834,2016-02-05
1835,2016-02-06
1836,2016-02-07
1837,2016-02-08
1838,2016-02-09
1839,2016-02-10
1840,2016-02-11
1841,2016-02-12
1842,2016-02-13
1843,2016-02-14
1844,2016-02-15
1845,2016-02-16
1846,2016-02-17
1847,2016-02-18
1848,2016-02-19
1849,2016-02-20
1850,2016-02-21
1851,2016-02-22
1852,2016-02-23
1853,2016-02-24
1854,2016-02-25
1855,2016-02-26
1856,2016-02-27
1857,2016-02-28
1858,2016-02-29
1859,2016-03-01
1860,2016-03-02
1861,2016-03-03
1862,2016-03-04
1863,2016-03-05
1864,2016-03-06
1865,2016-03-07
1866,2016-03-08
1867,2016-03-09
1868,2016-03-10
1869,2016-03-11
1870,2016-03-12
1871,2016-03-13
1872,2016-03-14
1873,2016-03-15
1874,2016-03-16
1875,2016-03-17
1876,2016-03-18
1877,2016-03-19
1878,2016-03-20
1879,2016-03-21
1880,2016-03-22
1881,2016-03-23
1882,2016-03-24
1883,2016-03-25
1884,2016-03-26
1885,2016-03-27
1886,2016-03-28
1887,2016-03-29
1888,2016-03-30
1889,2016-03-31
1890,2016-04-01
1891,2016-04-02
1892,2016-04-03
1893,2016-04-04
1894,2016-04-05
1895,2016-04-06
1896,2016-04-07
1897,2016-04-08
1898,2016-04-09
1899,2016-04-10
1900,2016-04-11
1901,2016-04-12
1902,2016-04-13
1903,2016-04-14
1904,2016-04-15
1905,2016-04-16
1906,2016-04-17
1907,2016-04-18
1908,2016-04-19
1909,2016-04-20
1910,2016-04-21
1911,2016-04-22
1912,2016-04-23
1913,2016-04-24
1914,2016-04-25
1915,2016-04-26
1916,2016-04-27
1917,2016-04-28
1918,2016-04-29
1919,2016-04-30
1920,2016-05-01
1921,2016-05-02
1922,2016-05-03
1923,2016-05-04
1924,2016-05-05
1925,2016-05-06
1926,2016-05-07
1927,2016-05-08
1928,2016-05-09
1929,2016-05-10
1930,2016-05-11
1931,2016-05-12
1932,2016-05-13
1933,2016-05-14
1934,2016-05-15
1935,2016-05-16
1936,2016-05-17
1937,2016-05-18
1938,2016-05-19
1939,2016-05-20
1940,2016-05-21
1941,2016-05-22
1942,2016-05-23
1943,2016-05-24
1944,2016-05-25
1945,2016-05-26
1946,2016-05-27
1947,2016-05-28
1948,2016-05-29
1949,2016-05-30
1950,2016-05-31
1951,2016-06-01
1952,2016-06-02
1953,2016-06-03
1954,2016-06-04
1955,2016-06-05
1956,2016-06-06
1957,2016-06-07
1958,2016-06-08
1959,2016-06-09
1960,2016-06-10
1961,2016-06-11
1962,2016-06-12
1963,2016-06-13
1964,2016-06-14
1965,2016-06-15
1966,2016-06-16
1967,2016-06-17
1968,2016-06-18
1969,2016-06-19
