cat_id,zero_share_bin,series
FOODS,0.0,433
FOODS,0.1,908
FOODS,0.2,1305
FOODS,0.3,1737
FOODS,0.4,1982
FOODS,0.5,2231
FOODS,0.6,2171
FOODS,0.7,2068
FOODS,0.8,1280
FOODS,0.9,255
HOBBIES,0.0,10
HOBBIES,0.1,41
HOBBIES,0.2,165
HOBBIES,0.3,247
HOBBIES,0.4,381
HOBBIES,0.5,529
HOBBIES,0.6,685
HOBBIES,0.7,1034
HOBBIES,0.8,1628
HOBBIES,0.9,930
HOUSEHOLD,0.0,189
HOUSEHOLD,0.1,443
HOUSEHOLD,0.2,534
HOUSEHOLD,0.3,702
HOUSEHOLD,0.4,909
HOUSEHOLD,0.5,1118
HOUSEHOLD,0.6,1419
HOUSEHOLD,0.7,1860
HOUSEHOLD,0.8,2161
HOUSEHOLD,0.9,1135
