rnk,pct_of_series,cum_share
1,0.0,0.0037930632450290406
10,0.03,0.021771963982402186
50,0.16,0.0629114425616035
100,0.33,0.09455839409203792
200,0.66,0.14092819967160425
300,0.98,0.17644435691314797
400,1.31,0.20616215180641204
500,1.64,0.23183871818401772
600,1.97,0.2546791420578903
700,2.3,0.27577850927604547
800,2.62,0.2954903234893845
900,2.95,0.3136522888842175
1000,3.28,0.3304574660579194
1100,3.61,0.34623353955201425
1200,3.94,0.3610324763007695
1300,4.26,0.3750426153514657
1400,4.59,0.3883213026194906
1500,4.92,0.400913960612082
1600,5.25,0.4129389717387286
1700,5.58,0.4244694453178233
1800,5.9,0.4354824160883054
1900,6.23,0.4460561781087033
2000,6.56,0.4562429523207263
2100,6.89,0.46600774546386414
2200,7.22,0.4753986545943006
2300,7.54,0.4844466088534772
2400,7.87,0.49321265967710903
2500,8.2,0.5017056674424303
2600,8.53,0.5099378543898754
2700,8.86,0.5178759007197271
2800,9.18,0.5255825163868793
2900,9.51,0.5330881225178897
3000,9.84,0.540383828852296
3100,10.17,0.5474947522436067
3200,10.5,0.554411180642577
3300,10.82,0.5611544058494746
3400,11.15,0.5677401315008479
3500,11.48,0.5741660565881066
3600,11.81,0.5804357372154356
3700,12.14,0.5865581383513688
3800,12.46,0.5925394458241946
3900,12.79,0.5983785688960745
4000,13.12,0.6040877148658289
4100,13.45,0.6096723374226489
4200,13.78,0.6151434186529887
4300,14.1,0.6205027216673263
4400,14.43,0.6257503062321189
4500,14.76,0.6308871734355193
4600,15.09,0.635919270039988
4700,15.41,0.640861104352936
4800,15.74,0.6457176220486707
4900,16.07,0.6504844153509965
5000,16.4,0.6551630381877925
5100,16.73,0.6597632324915322
5200,17.05,0.6642855361603276
5300,17.38,0.6687358959566393
5400,17.71,0.6731112488495518
5500,18.04,0.6774163313307735
5600,18.37,0.6816449874552448
5700,18.69,0.6858003997867951
5800,19.02,0.6898910850455315
5900,19.35,0.6939174914798807
6000,19.68,0.697877034190582
6100,20.01,0.7017617941220975
6200,20.33,0.7055883564662144
6300,20.66,0.7093594405967214
6400,20.99,0.7130790359246162
6500,21.32,0.7167464103108016
6600,21.65,0.7203591133305451
6700,21.97,0.7239146945591143
6800,22.3,0.7274216557750018
6900,22.63,0.7308725560543249
7000,22.96,0.7342702940702426
7100,23.29,0.7376258967340515
7200,23.61,0.7409338057652607
7300,23.94,0.744194006222256
7400,24.27,0.7474045855784167
7500,24.6,0.750567023053551
7600,24.93,0.753689357236111
7700,25.25,0.7567731121707472
7800,25.58,0.7598177200761191
7900,25.91,0.7628230315360848
8000,26.24,0.7657845491247628
8100,26.57,0.768710356255448
8200,26.89,0.7715992127741598
8300,27.22,0.7744482200077388
8400,27.55,0.7772619650317517
8500,27.88,0.7800414339927372
8600,28.21,0.7827840569330488
8700,28.53,0.7854990827118904
8800,28.86,0.7881792048799073
8900,29.19,0.7908236614147739
9000,29.52,0.793434170602126
9100,29.85,0.7960144230206765
9200,30.17,0.7985641347797553
9300,30.5,0.8010838736607028
9400,30.83,0.8035737442548186
9500,31.16,0.8060336120875746
9600,31.49,0.8084619381727061
9700,31.81,0.8108587075685985
9800,32.14,0.8132270131893962
9900,32.47,0.8155645839097372
10000,32.8,0.817877411316925
10100,33.13,0.8201653609364316
10200,33.45,0.8224281339359725
10300,33.78,0.82466924159489
10400,34.11,0.8268899390087789
10500,34.44,0.829090539951538
10600,34.77,0.8312689376555619
10700,35.09,0.8334230104116306
10800,35.42,0.8355522203216323
10900,35.75,0.8376555961806424
11000,36.08,0.839734527558784
11100,36.41,0.8417916740633883
11200,36.73,0.8438272747602831
11300,37.06,0.8458400745538737
11400,37.39,0.8478291620056924
11500,37.72,0.8497948658312521
11600,38.05,0.851739800813042
11700,38.37,0.853660694737547
11800,38.7,0.8555611335921809
11900,39.03,0.8574401611136332
12000,39.36,0.8592992714633263
12100,39.69,0.8611409598908354
12200,40.01,0.8629595485827558
12300,40.34,0.8647568902992511
12400,40.67,0.8665352262824548
12500,41.0,0.8682947208901234
12600,41.33,0.8700347166912309
12700,41.65,0.8717574250446826
12800,41.98,0.873460828832558
12900,42.31,0.8751441510909179
13000,42.64,0.8768105743835916
13100,42.96,0.8784601285938075
13200,43.29,0.8800898702235638
13300,43.62,0.8817008601274702
13400,43.95,0.8832938902110806
13500,44.28,0.8848657779105655
13600,44.6,0.8864205574617652
13700,44.93,0.8879574070758972
13800,45.26,0.8894777312646988
13900,45.59,0.8909820529846674
14000,45.92,0.8924690723153659
14100,46.24,0.8939387593735657
14200,46.57,0.8953927278536029
14300,46.9,0.8968312915293762
14400,47.23,0.8982561089200645
14500,47.56,0.8996683155883486
14600,47.88,0.9010657599417803
14700,48.21,0.9024479638487046
14800,48.54,0.9038158835724318
14900,48.87,0.9051707742085565
15000,49.2,0.9065104243981739
15100,49.52,0.9078358053462082
15200,49.85,0.9091475894252996
15300,50.18,0.9104444468317824
15400,50.51,0.91172755795318
15500,50.84,0.912997565278904
15600,51.16,0.9142535274872584
15700,51.49,0.9154950112714308
15800,51.82,0.916722405113391
15900,52.15,0.9179360974951086
16000,52.48,0.919137373395407
16100,52.8,0.9203246639447926
16200,53.13,0.9214983875084639
16300,53.46,0.9226594256416598
16400,53.79,0.9238074944537101
16500,54.12,0.9249426985359146
16600,54.44,0.9260658148522126
16700,54.77,0.927177635308158
16800,55.1,0.9282781150789082
16900,55.43,0.9293666714415085
17000,55.76,0.9304412424531961
17100,56.08,0.9315037256989773
17200,56.41,0.9325543453030655
17300,56.74,0.9335923541847494
17400,57.07,0.9346191568557662
17500,57.4,0.9356342154180037
17600,57.72,0.9366366333746086
17700,58.05,0.9376285174931862
17800,58.38,0.9386107792122043
17900,58.71,0.9395836277142618
18000,59.04,0.9405474963061715
18100,59.36,0.9415016976736789
18200,59.69,0.9424471880800942
18300,60.02,0.9433822641813961
18400,60.35,0.944306955860813
18500,60.68,0.9452234147107932
18600,61.0,0.9461312671909808
18700,61.33,0.9470289444318827
18800,61.66,0.9479165510247982
18900,61.99,0.9487956259559925
19000,62.32,0.9496655865025108
19100,62.64,0.9505271498618356
19200,62.97,0.9513785828067174
19300,63.3,0.9522200496949124
19400,63.63,0.9530531642207568
19500,63.96,0.9538776723768088
19600,64.28,0.9546927075494434
19700,64.61,0.9554995995423264
19800,64.94,0.9562961668797814
19900,65.27,0.9570834853580323
20000,65.6,0.9578610619038099
20100,65.92,0.9586292999406982
20200,66.25,0.9593884086512963
20300,66.58,0.9601382386194618
20400,66.91,0.9608789691445655
20500,67.24,0.961610973766963
20600,67.56,0.9623343421363397
20700,67.89,0.9630488053036396
20800,68.22,0.9637554540067007
20900,68.55,0.9644535859896548
21000,68.88,0.9651423645221052
21100,69.2,0.9658240607294141
21200,69.53,0.9664979424724842
21300,69.86,0.9671635764445033
21400,70.19,0.9678213810106696
21500,70.51,0.9684716998281102
21600,70.84,0.969114129473241
21700,71.17,0.9697493871435449
21800,71.5,0.9703769199992953
21900,71.83,0.9709967130988784
22000,72.15,0.9716077504125268
22100,72.48,0.9722126467227294
22200,72.81,0.9728107445984607
22300,73.14,0.9734022681639339
22400,73.47,0.973986948470093
22500,73.79,0.9745650096411513
22600,74.12,0.9751355701218697
22700,74.45,0.9756985552041769
22800,74.78,0.9762539350048447
22900,75.11,0.9768015003412739
23000,75.43,0.9773421178270895
23100,75.76,0.9778747266076815
23200,76.09,0.9784006564867158
23300,76.42,0.9789200269971062
23400,76.75,0.9794321059997558
23500,77.07,0.9799369831443501
23600,77.4,0.9804347181973456
23700,77.73,0.980925341041971
23800,78.06,0.9814089114446833
23900,78.39,0.9818849064489845
24000,78.71,0.9823538639529866
24100,79.04,0.9828166206870862
24200,79.37,0.9832729226438416
24300,79.7,0.9837229491226231
24400,80.03,0.9841673276712285
24500,80.35,0.9846049077853625
24600,80.68,0.9850356446401822
24700,81.01,0.9854603749660844
24800,81.34,0.9858787401643275
24900,81.67,0.9862890667741188
25000,81.99,0.9866927144823523
25100,82.32,0.9870914015746638
25200,82.65,0.9874844556784134
25300,82.98,0.987871891735215
25400,83.31,0.9882531867885709
25500,83.63,0.9886284006049382
25600,83.96,0.9889977722501442
25700,84.29,0.9893613465490317
25800,84.62,0.9897200050568399
25900,84.95,0.9900724777363598
26000,85.27,0.9904187944708198
26100,85.6,0.9907586414863213
26200,85.93,0.9910927957468038
26300,86.26,0.9914210181864398
26400,86.59,0.9917433088052292
26500,86.91,0.9920603698590407
26600,87.24,0.9923720967565745
26700,87.57,0.9926777125338911
26800,87.9,0.9929780987462298
26900,88.23,0.9932728071451636
27000,88.55,0.9935613595990376
27100,88.88,0.9938446824879336
27200,89.21,0.9941228654615368
27300,89.54,0.9943949074316945
27400,89.87,0.9946616003039602
27500,90.19,0.99492292913672
27600,90.52,0.9951787743970599
27700,90.85,0.9954293004427365
27800,91.18,0.9956743727992217
27900,91.51,0.9959131397945047
28000,91.83,0.9961464082757537
28100,92.16,0.9963745816665527
28200,92.49,0.996596748528434
28300,92.82,0.9968142536066779
28400,93.15,0.9970258418056893
28500,93.47,0.9972313188844836
28600,93.8,0.9974308790840456
28700,94.13,0.9976251499521727
28800,94.46,0.997814280905007
28900,94.79,0.9979977191028224
29000,95.11,0.9981755840785327
29100,95.44,0.9983470988681982
29200,95.77,0.9985131300854437
29300,96.1,0.9986728260582589
29400,96.43,0.9988267844512123
29500,96.75,0.9989741984171362
29600,97.08,0.9991147242989032
29700,97.41,0.9992484069213562
29800,97.74,0.9993756497080789
29900,98.06,0.9994961090019445
30000,98.39,0.9996081561670026
30100,98.72,0.9997123589845937
30200,99.05,0.9998071336436098
30300,99.38,0.9998888792150238
30400,99.7,0.9999566693187534
30490,100.0,1.0
