check,dashboard,results,pass
list captured share K=1 origin=1668,0.07104430142197651,0.0710443014219765,True
volume captured K=1 origin=1668,0.07104430142197651,0.0710443014219765,True
recent_error captured K=1 origin=1668,0.004649021561356041,0.004649021561356,True
list captured share K=1 origin=1675,0.0238851110726697,0.0238851110726697,True
volume captured K=1 origin=1675,0.0238851110726697,0.0238851110726697,True
recent_error captured K=1 origin=1675,0.0238851110726697,0.0238851110726697,True
list captured share K=1 origin=1682,0.07779679092386252,0.0777967909238625,True
volume captured K=1 origin=1682,0.07779679092386252,0.0777967909238625,True
recent_error captured K=1 origin=1682,0.07779679092386252,0.0777967909238625,True
list captured share K=1 origin=1689,0.03954167991516245,0.0395416799151624,True
volume captured K=1 origin=1689,0.03954167991516245,0.0395416799151624,True
recent_error captured K=1 origin=1689,0.03954167991516245,0.0395416799151624,True
list captured share K=1 origin=1696,0.03757478013990657,0.0375747801399065,True
volume captured K=1 origin=1696,0.03757478013990657,0.0375747801399065,True
recent_error captured K=1 origin=1696,0.03757478013990657,0.0375747801399065,True
list captured share K=1 origin=1703,0.04537530807925713,0.0453753080792571,True
volume captured K=1 origin=1703,0.04537530807925713,0.0453753080792571,True
recent_error captured K=1 origin=1703,0.04537530807925713,0.0453753080792571,True
list captured share K=1 origin=1710,0.0248841798325579,0.0248841798325578,True
volume captured K=1 origin=1710,0.0248841798325579,0.0248841798325578,True
recent_error captured K=1 origin=1710,0.0248841798325579,0.0248841798325578,True
list captured share K=1 origin=1717,0.04592879034493901,0.045928790344939,True
volume captured K=1 origin=1717,0.04592879034493901,0.045928790344939,True
recent_error captured K=1 origin=1717,0.0664724287713079,0.0664724287713079,True
list captured share K=1 origin=1724,0.03925090583434675,0.0392509058343467,True
volume captured K=1 origin=1724,0.12717168352244382,0.1271716835224438,True
recent_error captured K=1 origin=1724,0.03925090583434675,0.0392509058343467,True
list captured share K=1 origin=1731,0.02943414676676277,0.0294341467667627,True
volume captured K=1 origin=1731,0.06550327197705146,0.0655032719770514,True
recent_error captured K=1 origin=1731,0.02943414676676277,0.0294341467667627,True
list captured share K=1 origin=1738,0.05570965372417972,0.0557096537241797,True
volume captured K=1 origin=1738,0.024165639964323162,0.0241656399643231,True
recent_error captured K=1 origin=1738,0.05570965372417972,0.0557096537241797,True
list captured share K=1 origin=1745,0.056082363722340135,0.0560823637223401,True
volume captured K=1 origin=1745,0.03215777934219811,0.0321577793421981,True
recent_error captured K=1 origin=1745,0.056082363722340135,0.0560823637223401,True
list captured share K=1 origin=1752,0.04813422562658858,0.0481342256265885,True
volume captured K=1 origin=1752,0.01902466711156403,0.019024667111564,True
recent_error captured K=1 origin=1752,0.04813422562658858,0.0481342256265885,True
list captured share K=1 origin=1759,0.05276427661613952,0.0527642766161395,True
volume captured K=1 origin=1759,0.03902936285392906,0.039029362853929,True
recent_error captured K=1 origin=1759,0.05276427661613952,0.0527642766161395,True
list captured share K=1 origin=1766,0.05880516845653386,0.0588051684565338,True
volume captured K=1 origin=1766,0.04612831348364893,0.0461283134836489,True
recent_error captured K=1 origin=1766,0.05880516845653386,0.0588051684565338,True
list captured share K=1 origin=1773,0.06354860615224513,0.0635486061522451,True
volume captured K=1 origin=1773,0.022232096549913084,0.022232096549913,True
recent_error captured K=1 origin=1773,0.06354860615224513,0.0635486061522451,True
list captured share K=1 origin=1780,0.03479571369814919,0.0347957136981491,True
volume captured K=1 origin=1780,0.019679801359623425,0.0196798013596234,True
recent_error captured K=1 origin=1780,0.03479571369814919,0.0347957136981491,True
list captured share K=1 origin=1787,0.0784931809319676,0.0784931809319676,True
volume captured K=1 origin=1787,0.05636101337420336,0.0563610133742033,True
recent_error captured K=1 origin=1787,0.0784931809319676,0.0784931809319676,True
list captured share K=1 origin=1794,0.0396695600268492,0.0396695600268491,True
volume captured K=1 origin=1794,0.03061138574872143,0.0306113857487214,True
recent_error captured K=1 origin=1794,0.0396695600268492,0.0396695600268491,True
list captured share K=1 origin=1801,0.06417029419030347,0.0641702941903034,True
volume captured K=1 origin=1801,0.03564019878840272,0.0356401987884027,True
recent_error captured K=1 origin=1801,0.06417029419030347,0.0641702941903034,True
list captured share K=1 origin=1808,0.0988760807265458,0.0988760807265458,True
volume captured K=1 origin=1808,0.022131576024998392,0.0221315760249983,True
recent_error captured K=1 origin=1808,0.0988760807265458,0.0988760807265458,True
list captured share K=1 origin=1815,0.10147827565833435,0.1014782756583343,True
volume captured K=1 origin=1815,0.10147827565833435,0.1014782756583343,True
recent_error captured K=1 origin=1815,0.10147827565833435,0.1014782756583343,True
list captured share K=1 origin=1822,0.07459089938708037,0.0745908993870803,True
volume captured K=1 origin=1822,0.07459089938708037,0.0745908993870803,True
recent_error captured K=1 origin=1822,0.07459089938708037,0.0745908993870803,True
list captured share K=1 origin=1829,0.0928701988310564,0.0928701988310564,True
volume captured K=1 origin=1829,0.0928701988310564,0.0928701988310564,True
recent_error captured K=1 origin=1829,0.0928701988310564,0.0928701988310564,True
list captured share K=1 origin=1836,0.03673334926437408,0.036733349264374,True
volume captured K=1 origin=1836,0.03673334926437408,0.036733349264374,True
recent_error captured K=1 origin=1836,0.03673334926437408,0.036733349264374,True
list captured share K=1 origin=1843,0.09836029531852877,0.0983602953185287,True
volume captured K=1 origin=1843,0.09836029531852877,0.0983602953185287,True
recent_error captured K=1 origin=1843,0.09836029531852877,0.0983602953185287,True
list captured share K=1 origin=1850,0.12186463180396688,0.1218646318039668,True
volume captured K=1 origin=1850,0.12186463180396688,0.1218646318039668,True
recent_error captured K=1 origin=1850,0.12186463180396688,0.1218646318039668,True
list captured share K=1 origin=1857,0.06363311660819593,0.0636331166081959,True
volume captured K=1 origin=1857,0.06363311660819593,0.0636331166081959,True
recent_error captured K=1 origin=1857,0.06363311660819593,0.0636331166081959,True
list captured share K=1 origin=1864,0.03873263777053517,0.0387326377705351,True
volume captured K=1 origin=1864,0.025774009307817702,0.0257740093078177,True
recent_error captured K=1 origin=1864,0.03873263777053517,0.0387326377705351,True
list captured share K=1 origin=1871,0.10683239595894567,0.1068323959589456,True
volume captured K=1 origin=1871,0.016205474847386117,0.0162054748473861,True
recent_error captured K=1 origin=1871,0.10683239595894567,0.1068323959589456,True
list captured share K=1 origin=1878,0.05935297236413824,0.0593529723641382,True
volume captured K=1 origin=1878,0.034813874365929524,0.0348138743659295,True
recent_error captured K=1 origin=1878,0.05935297236413824,0.0593529723641382,True
list captured share K=1 origin=1885,0.08734918715596728,0.0873491871559672,True
volume captured K=1 origin=1885,0.022600411895404033,0.022600411895404,True
recent_error captured K=1 origin=1885,0.08734918715596728,0.0873491871559672,True
list captured share K=1 origin=1892,0.07691103279806567,0.0769110327980656,True
volume captured K=1 origin=1892,0.07691103279806567,0.0769110327980656,True
recent_error captured K=1 origin=1892,0.07691103279806567,0.0769110327980656,True
list captured share K=1 origin=1899,0.07009740061368926,0.0700974006136892,True
volume captured K=1 origin=1899,0.07009740061368926,0.0700974006136892,True
recent_error captured K=1 origin=1899,0.07009740061368926,0.0700974006136892,True
list captured share K=1 origin=1906,0.0457640804239472,0.0457640804239472,True
volume captured K=1 origin=1906,0.029414574502598562,0.0294145745025985,True
recent_error captured K=1 origin=1906,0.0457640804239472,0.0457640804239472,True
list captured share K=1 origin=1913,0.02689880232457277,0.0268988023245727,True
volume captured K=1 origin=1913,0.016212681309863766,0.0162126813098637,True
recent_error captured K=1 origin=1913,0.02689880232457277,0.0268988023245727,True
list captured share K=1 origin=1920,0.03089480464397738,0.0308948046439773,True
volume captured K=1 origin=1920,0.003478612799951016,0.003478612799951,True
recent_error captured K=1 origin=1920,0.03089480464397738,0.0308948046439773,True
list captured share K=1 origin=1927,0.05091110158190768,0.0509111015819076,True
volume captured K=1 origin=1927,0.05091110158190768,0.0509111015819076,True
recent_error captured K=1 origin=1927,0.05091110158190768,0.0509111015819076,True
list captured share K=1 origin=1934,0.047602159474552985,0.0476021594745529,True
volume captured K=1 origin=1934,0.047602159474552985,0.0476021594745529,True
recent_error captured K=1 origin=1934,0.047602159474552985,0.0476021594745529,True
list captured share K=5 origin=1668,0.1553904712795618,0.1553904712795618,True
volume captured K=5 origin=1668,0.15685228792537292,0.1568522879253729,True
recent_error captured K=5 origin=1668,0.1471382302113665,0.1471382302113665,True
list captured share K=5 origin=1675,0.1003343965528174,0.1003343965528174,True
volume captured K=5 origin=1675,0.11268147288778955,0.1126814728877895,True
recent_error captured K=5 origin=1675,0.10398680585335296,0.1039868058533529,True
list captured share K=5 origin=1682,0.1983685711943381,0.1983685711943381,True
volume captured K=5 origin=1682,0.14767158557682034,0.1476715855768203,True
recent_error captured K=5 origin=1682,0.19557561855978361,0.1955756185597836,True
list captured share K=5 origin=1689,0.1402193334653009,0.1402193334653008,True
volume captured K=5 origin=1689,0.13191429702281804,0.131914297022818,True
recent_error captured K=5 origin=1689,0.13560906504542886,0.1356090650454288,True
list captured share K=5 origin=1696,0.11968549076306918,0.1196854907630691,True
volume captured K=5 origin=1696,0.11503376970468418,0.1150337697046841,True
recent_error captured K=5 origin=1696,0.09983125906876944,0.0998312590687694,True
list captured share K=5 origin=1703,0.20584069800340424,0.2058406980034042,True
volume captured K=5 origin=1703,0.10571226282970644,0.1057122628297064,True
recent_error captured K=5 origin=1703,0.10899507118162396,0.1089950711816239,True
list captured share K=5 origin=1710,0.14321720936012222,0.1432172093601222,True
volume captured K=5 origin=1710,0.1049972636534685,0.1049972636534685,True
recent_error captured K=5 origin=1710,0.14321720936012222,0.1432172093601222,True
list captured share K=5 origin=1717,0.20427801442429025,0.2042780144242902,True
volume captured K=5 origin=1717,0.20177311555959007,0.2017731155595901,True
recent_error captured K=5 origin=1717,0.20427801442429025,0.2042780144242902,True
list captured share K=5 origin=1724,0.22167716337168422,0.2216771633716842,True
volume captured K=5 origin=1724,0.22699177236222945,0.2269917723622294,True
recent_error captured K=5 origin=1724,0.22167716337168422,0.2216771633716842,True
list captured share K=5 origin=1731,0.16096484956173499,0.160964849561735,True
volume captured K=5 origin=1731,0.17127007325231333,0.1712700732523133,True
recent_error captured K=5 origin=1731,0.17127007325231333,0.1712700732523133,True
list captured share K=5 origin=1738,0.16027642868920094,0.1602764286892009,True
volume captured K=5 origin=1738,0.15923545929112615,0.1592354592911261,True
recent_error captured K=5 origin=1738,0.15923545929112615,0.1592354592911261,True
list captured share K=5 origin=1745,0.16063061098655962,0.1606306109865596,True
volume captured K=5 origin=1745,0.1557613926960214,0.1557613926960213,True
recent_error captured K=5 origin=1745,0.1524229353280121,0.152422935328012,True
list captured share K=5 origin=1752,0.13391659963638863,0.1339165996363886,True
volume captured K=5 origin=1752,0.10177556074263,0.10177556074263,True
recent_error captured K=5 origin=1752,0.13391659963638863,0.1339165996363886,True
list captured share K=5 origin=1759,0.16533395984565027,0.1653339598456503,True
volume captured K=5 origin=1759,0.12704942605926844,0.1270494260592684,True
recent_error captured K=5 origin=1759,0.19467770291520342,0.1946777029152034,True
list captured share K=5 origin=1766,0.15468032323922723,0.1546803232392272,True
volume captured K=5 origin=1766,0.14505117670929127,0.1450511767092912,True
recent_error captured K=5 origin=1766,0.15339167556800043,0.1533916755680004,True
list captured share K=5 origin=1773,0.1289341004568729,0.1289341004568729,True
volume captured K=5 origin=1773,0.11818384726943426,0.1181838472694342,True
recent_error captured K=5 origin=1773,0.12444880167570528,0.1244488016757053,True
list captured share K=5 origin=1780,0.1164128343678984,0.1164128343678984,True
volume captured K=5 origin=1780,0.12184354268749724,0.1218435426874972,True
recent_error captured K=5 origin=1780,0.10781568419532339,0.1078156841953233,True
list captured share K=5 origin=1787,0.2330863983810075,0.2330863983810075,True
volume captured K=5 origin=1787,0.22629648570536573,0.2262964857053657,True
recent_error captured K=5 origin=1787,0.23389863554565873,0.2338986355456587,True
list captured share K=5 origin=1794,0.1262536637977097,0.1262536637977097,True
volume captured K=5 origin=1794,0.14577928734240925,0.1457792873424092,True
recent_error captured K=5 origin=1794,0.13014006601736497,0.1301400660173649,True
list captured share K=5 origin=1801,0.16832404926604452,0.1683240492660445,True
volume captured K=5 origin=1801,0.15177207842847634,0.1517720784284763,True
recent_error captured K=5 origin=1801,0.1379685878888864,0.1379685878888864,True
list captured share K=5 origin=1808,0.18644740969826085,0.1864474096982608,True
volume captured K=5 origin=1808,0.1924550784254193,0.1924550784254192,True
recent_error captured K=5 origin=1808,0.1805497645510054,0.1805497645510054,True
list captured share K=5 origin=1815,0.17365846623638753,0.1736584662363875,True
volume captured K=5 origin=1815,0.18215325597427,0.1821532559742699,True
recent_error captured K=5 origin=1815,0.1759358545386861,0.175935854538686,True
list captured share K=5 origin=1822,0.1812899329372108,0.1812899329372108,True
volume captured K=5 origin=1822,0.1793227640789599,0.1793227640789599,True
recent_error captured K=5 origin=1822,0.1812899329372108,0.1812899329372108,True
list captured share K=5 origin=1829,0.18310012196190267,0.1831001219619026,True
volume captured K=5 origin=1829,0.17315360004692076,0.1731536000469207,True
recent_error captured K=5 origin=1829,0.18310012196190267,0.1831001219619026,True
list captured share K=5 origin=1836,0.18085262680185143,0.1808526268018514,True
volume captured K=5 origin=1836,0.15593543743757704,0.155935437437577,True
recent_error captured K=5 origin=1836,0.18085262680185143,0.1808526268018514,True
list captured share K=5 origin=1843,0.18158540493226136,0.1815854049322613,True
volume captured K=5 origin=1843,0.18811722861438185,0.1881172286143818,True
recent_error captured K=5 origin=1843,0.1842024915825323,0.1842024915825323,True
list captured share K=5 origin=1850,0.21245417009460826,0.2124541700946082,True
volume captured K=5 origin=1850,0.21245417009460826,0.2124541700946082,True
recent_error captured K=5 origin=1850,0.20983033385266833,0.2098303338526683,True
list captured share K=5 origin=1857,0.14245274648681225,0.1424527464868122,True
volume captured K=5 origin=1857,0.14245274648681225,0.1424527464868122,True
recent_error captured K=5 origin=1857,0.13918113522236933,0.1391811352223693,True
list captured share K=5 origin=1864,0.11582119433818257,0.1158211943381825,True
volume captured K=5 origin=1864,0.1146418649441936,0.1146418649441936,True
recent_error captured K=5 origin=1864,0.11582119433818257,0.1158211943381825,True
list captured share K=5 origin=1871,0.18601390733629486,0.1860139073362948,True
volume captured K=5 origin=1871,0.17239217589001912,0.172392175890019,True
recent_error captured K=5 origin=1871,0.18487817968022166,0.1848781796802216,True
list captured share K=5 origin=1878,0.15851291585860586,0.1585129158586058,True
volume captured K=5 origin=1878,0.15307618117715602,0.153076181177156,True
recent_error captured K=5 origin=1878,0.152757531000119,0.152757531000119,True
list captured share K=5 origin=1885,0.19591935889651121,0.1959193588965112,True
volume captured K=5 origin=1885,0.20077550215153311,0.2007755021515331,True
recent_error captured K=5 origin=1885,0.19205317971118643,0.1920531797111864,True
list captured share K=5 origin=1892,0.14337192914372693,0.1433719291437269,True
volume captured K=5 origin=1892,0.15271263485280942,0.1527126348528094,True
recent_error captured K=5 origin=1892,0.14337192914372693,0.1433719291437269,True
list captured share K=5 origin=1899,0.18412271498043878,0.1841227149804387,True
volume captured K=5 origin=1899,0.1783112433903098,0.1783112433903097,True
recent_error captured K=5 origin=1899,0.17831068809080045,0.1783106880908004,True
list captured share K=5 origin=1906,0.13146267498336614,0.1314626749833661,True
volume captured K=5 origin=1906,0.13441199187746006,0.13441199187746,True
recent_error captured K=5 origin=1906,0.13770820603980866,0.1377082060398086,True
list captured share K=5 origin=1913,0.1188029083220387,0.1188029083220387,True
volume captured K=5 origin=1913,0.1188029083220387,0.1188029083220387,True
recent_error captured K=5 origin=1913,0.12058087602270309,0.120580876022703,True
list captured share K=5 origin=1920,0.11189785299118604,0.111897852991186,True
volume captured K=5 origin=1920,0.09839979743097842,0.0983997974309784,True
recent_error captured K=5 origin=1920,0.11632916785601972,0.1163291678560197,True
list captured share K=5 origin=1927,0.138788225246377,0.1387882252463769,True
volume captured K=5 origin=1927,0.13919242517709185,0.1391924251770918,True
recent_error captured K=5 origin=1927,0.1317168989400263,0.1317168989400262,True
list captured share K=5 origin=1934,0.16723149262650822,0.1672314926265082,True
volume captured K=5 origin=1934,0.16321546590039174,0.1632154659003917,True
recent_error captured K=5 origin=1934,0.14236770138276408,0.142367701382764,True
list captured share K=10 origin=1668,0.22298974478077424,0.2229897447807742,True
volume captured K=10 origin=1668,0.23699911725635622,0.2369991172563562,True
recent_error captured K=10 origin=1668,0.2116267661655906,0.2116267661655906,True
list captured share K=10 origin=1675,0.18888042537957142,0.1888804253795714,True
volume captured K=10 origin=1675,0.1933443240635331,0.1933443240635331,True
recent_error captured K=10 origin=1675,0.18256918646259765,0.1825691864625976,True
list captured share K=10 origin=1682,0.2557613210686428,0.2557613210686428,True
volume captured K=10 origin=1682,0.21503400933692915,0.2150340093369291,True
recent_error captured K=10 origin=1682,0.2746101801216785,0.2746101801216785,True
list captured share K=10 origin=1689,0.19658469820733038,0.1965846982073303,True
volume captured K=10 origin=1689,0.2093038496015612,0.2093038496015612,True
recent_error captured K=10 origin=1689,0.21040316691627084,0.2104031669162707,True
list captured share K=10 origin=1696,0.17659089659932742,0.1765908965993273,True
volume captured K=10 origin=1696,0.17991549247676517,0.1799154924767651,True
recent_error captured K=10 origin=1696,0.1883201634429743,0.1883201634429742,True
list captured share K=10 origin=1703,0.2618427321745224,0.2618427321745224,True
volume captured K=10 origin=1703,0.17130953532949825,0.1713095353294982,True
recent_error captured K=10 origin=1703,0.16756365537443035,0.1675636553744303,True
list captured share K=10 origin=1710,0.2080588612724412,0.2080588612724412,True
volume captured K=10 origin=1710,0.16781033261835554,0.1678103326183555,True
recent_error captured K=10 origin=1710,0.19967866059725403,0.199678660597254,True
list captured share K=10 origin=1717,0.27805897158911347,0.2780589715891134,True
volume captured K=10 origin=1717,0.29381904553052596,0.2938190455305259,True
recent_error captured K=10 origin=1717,0.2801257661541349,0.2801257661541349,True
list captured share K=10 origin=1724,0.27013092239863495,0.2701309223986349,True
volume captured K=10 origin=1724,0.27702767960402735,0.2770276796040273,True
recent_error captured K=10 origin=1724,0.2828669686642944,0.2828669686642944,True
list captured share K=10 origin=1731,0.24547904628334,0.24547904628334,True
volume captured K=10 origin=1731,0.24120518843996125,0.2412051884399612,True
recent_error captured K=10 origin=1731,0.22944403894735205,0.229444038947352,True
list captured share K=10 origin=1738,0.22011023882646308,0.220110238826463,True
volume captured K=10 origin=1738,0.222182559138793,0.222182559138793,True
recent_error captured K=10 origin=1738,0.21935196897689305,0.219351968976893,True
list captured share K=10 origin=1745,0.2410199513536858,0.2410199513536857,True
volume captured K=10 origin=1745,0.22253584410877672,0.2225358441087767,True
recent_error captured K=10 origin=1745,0.22787962031672349,0.2278796203167234,True
list captured share K=10 origin=1752,0.22366980500548012,0.2236698050054801,True
volume captured K=10 origin=1752,0.21440543811894017,0.2144054381189402,True
recent_error captured K=10 origin=1752,0.20683336607808472,0.2068333660780847,True
list captured share K=10 origin=1759,0.2943567777702558,0.2943567777702559,True
volume captured K=10 origin=1759,0.28686369826805297,0.2868636982680531,True
recent_error captured K=10 origin=1759,0.2750097280083524,0.2750097280083524,True
list captured share K=10 origin=1766,0.22909884997215876,0.2290988499721588,True
volume captured K=10 origin=1766,0.22675970187393857,0.2267597018739386,True
recent_error captured K=10 origin=1766,0.24520732214761384,0.2452073221476138,True
list captured share K=10 origin=1773,0.1947820804473996,0.1947820804473997,True
volume captured K=10 origin=1773,0.19731084527572998,0.19731084527573,True
recent_error captured K=10 origin=1773,0.20710028943433567,0.2071002894343357,True
list captured share K=10 origin=1780,0.19713493242592506,0.197134932425925,True
volume captured K=10 origin=1780,0.18938918836953775,0.1893891883695377,True
recent_error captured K=10 origin=1780,0.1787266442138977,0.1787266442138977,True
list captured share K=10 origin=1787,0.2947395539618128,0.2947395539618128,True
volume captured K=10 origin=1787,0.2953502915819485,0.2953502915819485,True
recent_error captured K=10 origin=1787,0.29920175221144657,0.2992017522114465,True
list captured share K=10 origin=1794,0.19985123884669667,0.1998512388466966,True
volume captured K=10 origin=1794,0.24431041428571026,0.2443104142857102,True
recent_error captured K=10 origin=1794,0.20595815960808003,0.2059581596080799,True
list captured share K=10 origin=1801,0.21504638283684296,0.215046382836843,True
volume captured K=10 origin=1801,0.23345534618892297,0.233455346188923,True
recent_error captured K=10 origin=1801,0.19742238384533156,0.1974223838453315,True
list captured share K=10 origin=1808,0.24780224531850836,0.2478022453185083,True
volume captured K=10 origin=1808,0.2569960900352641,0.2569960900352641,True
recent_error captured K=10 origin=1808,0.2421549203804409,0.2421549203804409,True
list captured share K=10 origin=1815,0.22542945036557632,0.2254294503655763,True
volume captured K=10 origin=1815,0.2441552000124794,0.2441552000124793,True
recent_error captured K=10 origin=1815,0.2652236485592076,0.2652236485592075,True
list captured share K=10 origin=1822,0.2607032021429642,0.2607032021429642,True
volume captured K=10 origin=1822,0.2556824516075312,0.2556824516075312,True
recent_error captured K=10 origin=1822,0.24886037528704347,0.2488603752870435,True
list captured share K=10 origin=1829,0.24922172513226695,0.2492217251322669,True
volume captured K=10 origin=1829,0.25678627587158415,0.2567862758715841,True
recent_error captured K=10 origin=1829,0.2573088114128985,0.2573088114128984,True
list captured share K=10 origin=1836,0.2813296221483334,0.2813296221483334,True
volume captured K=10 origin=1836,0.27425514803864703,0.274255148038647,True
recent_error captured K=10 origin=1836,0.27524878298645444,0.2752487829864544,True
list captured share K=10 origin=1843,0.2556866976643062,0.2556866976643061,True
volume captured K=10 origin=1843,0.2561803592102124,0.2561803592102123,True
recent_error captured K=10 origin=1843,0.24560761443327778,0.2456076144332777,True
list captured share K=10 origin=1850,0.25830727453506014,0.2583072745350602,True
volume captured K=10 origin=1850,0.26943739198425753,0.2694373919842575,True
recent_error captured K=10 origin=1850,0.2636240282815651,0.2636240282815651,True
list captured share K=10 origin=1857,0.20563859324801637,0.2056385932480163,True
volume captured K=10 origin=1857,0.21520494498932954,0.2152049449893295,True
recent_error captured K=10 origin=1857,0.21669586421847198,0.2166958642184719,True
list captured share K=10 origin=1864,0.1966342694250005,0.1966342694250005,True
volume captured K=10 origin=1864,0.19639202780689174,0.1963920278068917,True
recent_error captured K=10 origin=1864,0.18075799730314704,0.180757997303147,True
list captured share K=10 origin=1871,0.24051330099628052,0.2405133009962805,True
volume captured K=10 origin=1871,0.24041255868370506,0.2404125586837049,True
recent_error captured K=10 origin=1871,0.26035392786114797,0.2603539278611479,True
list captured share K=10 origin=1878,0.23472521351772463,0.2347252135177246,True
volume captured K=10 origin=1878,0.22370280473260212,0.2237028047326021,True
recent_error captured K=10 origin=1878,0.235347931186744,0.235347931186744,True
list captured share K=10 origin=1885,0.27251589379905394,0.2725158937990539,True
volume captured K=10 origin=1885,0.2720158545062572,0.2720158545062571,True
recent_error captured K=10 origin=1885,0.2724002112892851,0.2724002112892851,True
list captured share K=10 origin=1892,0.2609464181079127,0.2609464181079127,True
volume captured K=10 origin=1892,0.2570579336322563,0.2570579336322563,True
recent_error captured K=10 origin=1892,0.2163936950555605,0.2163936950555604,True
list captured share K=10 origin=1899,0.24986146691198774,0.2498614669119877,True
volume captured K=10 origin=1899,0.2451337959975729,0.2451337959975729,True
recent_error captured K=10 origin=1899,0.24618030933956656,0.2461803093395665,True
list captured share K=10 origin=1906,0.21165439603891217,0.2116543960389121,True
volume captured K=10 origin=1906,0.21176261488005363,0.2117626148800536,True
recent_error captured K=10 origin=1906,0.2151589965543734,0.2151589965543733,True
list captured share K=10 origin=1913,0.21414438971616484,0.2141443897161648,True
volume captured K=10 origin=1913,0.21992484649757002,0.21992484649757,True
recent_error captured K=10 origin=1913,0.18549334091268027,0.1854933409126803,True
list captured share K=10 origin=1920,0.20241522773875678,0.2024152277387568,True
volume captured K=10 origin=1920,0.2037227705553302,0.2037227705553302,True
recent_error captured K=10 origin=1920,0.20241522773875678,0.2024152277387568,True
list captured share K=10 origin=1927,0.21084529292460674,0.2108452929246067,True
volume captured K=10 origin=1927,0.2034014887919637,0.2034014887919636,True
recent_error captured K=10 origin=1927,0.20650955338614374,0.2065095533861437,True
list captured share K=10 origin=1934,0.23480078324196182,0.2348007832419618,True
volume captured K=10 origin=1934,0.24422678986192392,0.2442267898619239,True
recent_error captured K=10 origin=1934,0.2538804902869791,0.2538804902869792,True
