rule,K,captured_ae_mean,captured_ae_p10,captured_ae_p90,captured_ne_mean,precision,recall,weeks,period,captured_ae_min,captured_ae_max,events
bias,1,0.0505906852332524,0.0186152656344906,0.0906617941610207,0.0053964404810547,0.1428571428571428,0.007715934858792,35.0,validation,,,
bias,5,0.1386419224804267,0.0843723928502597,0.1922354875998169,0.0290760391509269,0.1314285714285714,0.0389253698844491,35.0,validation,,,
bias,10,0.2088334615924348,0.1691114798841395,0.2582775943710709,0.0573767673208086,0.1371428571428571,0.0827292063070287,35.0,validation,,,
proposed_median_0.2_0.1_0.7,1,0.0617238740617173,0.0355707679246391,0.0986697665633389,0.0056992468118713,0.1142857142857142,0.0061286332714904,35.0,validation,,,
proposed_median_0.2_0.1_0.7,5,0.1644254497522658,0.1223127599769253,0.2052156245717586,0.0266851983726672,0.0971428571428571,0.0274083572823068,35.0,validation,,,
proposed_median_0.2_0.1_0.7,10,0.2361473485872092,0.1966045266943984,0.2758417404730896,0.0550047408581251,0.0885714285714285,0.0506298681088597,35.0,validation,,,
recent_error,1,0.0604138271635959,0.0315787735393173,0.0986697665633389,0.0059047621677819,0.1428571428571428,0.0079143475572047,35.0,validation,,,
recent_error,5,0.159981080795505,0.1117255204442474,0.2007970560784876,0.028697873468023,0.12,0.0355624370960505,35.0,validation,,,
recent_error,10,0.2323204829096148,0.1848695772547482,0.2751531609952136,0.0555358604197795,0.0885714285714285,0.0520994963642022,35.0,validation,,,
recent_error_norm,1,0.0098161552816321,0.0038754908569039,0.0128581038141129,0.0137666118368094,0.7428571428571429,0.0425076833544133,35.0,validation,,,
recent_error_norm,5,0.039438080566657,0.0249791065678268,0.0607056602330263,0.0588747273651748,0.6,0.1801792807592953,35.0,validation,,,
recent_error_norm,10,0.0715567450395425,0.0494911578290697,0.1054932177034994,0.1008757259316193,0.4828571428571428,0.292123540237351,35.0,validation,,,
uncertainty,1,0.0643624776654885,0.0355707679246391,0.1004373976856189,0.005711620706445,0.1142857142857142,0.0061286332714904,35.0,validation,,,
uncertainty,5,0.1608157538925394,0.1172500672667009,0.2019142371323094,0.0252538308109549,0.08,0.0232525131264627,35.0,validation,,,
uncertainty,10,0.2353525680184517,0.1975820204703977,0.2739167453875721,0.0530904552137941,0.08,0.0447657042615025,35.0,validation,,,
volume,1,0.0506061507723937,0.0221717842349642,0.0961642567235398,0.0049526733794549,0.0857142857142857,0.0040878169449598,35.0,validation,,,
volume,5,0.1560003438042498,0.1134656297103511,0.2013740701963673,0.0262247647026755,0.0857142857142857,0.0255970468995679,35.0,validation,,,
volume,10,0.2341002100987574,0.1909712426471358,0.2759186669778752,0.0564831948811972,0.0971428571428571,0.0570953836079886,35.0,validation,,,
random,1,0.0050154048882141,0.0007114823665593,0.009957429167941,0.0050003397195935,0.0891428571428571,0.005014920540021,35.0,validation,,,
random,5,0.0251856921290924,0.0120940040783791,0.0409440993128659,0.0252041794189707,0.0897428571428571,0.0254627305269934,35.0,validation,,,
random,10,0.0502635737860954,0.0298019800911997,0.0763294438615604,0.05008043657397,0.0878571428571428,0.0497930614736013,35.0,validation,,,
bias,1,0.032200910361911,,,0.0041292636820906,0.0,0.0,,holdout,0.0200989328971862,0.0509111015819076,19.75
bias,5,0.0859288073285304,,,0.0300334634128176,0.25,0.0674420677361853,,holdout,0.073594320408248,0.1048289361756808,19.75
bias,10,0.152125903989553,,,0.0602339841061014,0.225,0.1181996434937611,,holdout,0.1229735559555884,0.1875342386780371,19.75
proposed_median_0.2_0.1_0.7,1,0.0390767170062527,,,0.0033304744556786,0.0,0.0,,holdout,0.0268988023245727,0.0509111015819076,19.75
proposed_median_0.2_0.1_0.7,5,0.1341801197965275,,,0.0253318903095927,0.15,0.0374331550802139,,holdout,0.111897852991186,0.1672314926265082,19.75
proposed_median_0.2_0.1_0.7,10,0.2155514234053725,,,0.0550094187088484,0.125,0.0635026737967914,,holdout,0.2024152277387568,0.2348007832419618,19.75
recent_error,1,0.0390767170062527,,,0.0033304744556786,0.0,0.0,,holdout,0.0268988023245727,0.0509111015819076,19.75
recent_error,5,0.1277486610503783,,,0.0323175790920653,0.25,0.0688057040998217,,holdout,0.1163291678560197,0.142367701382764,19.75
recent_error,10,0.2120746530811399,,,0.0574255717285557,0.15,0.0801693404634581,,holdout,0.1854933409126803,0.2538804902869792,19.75
recent_error_norm,1,0.0057203321700766,,,0.0104007242163685,1.0,0.0527361853832442,,holdout,0.005113902397297,0.0060861060114759,19.75
recent_error_norm,5,0.0384314300523207,,,0.0471282403930472,0.6,0.1562477718360071,,holdout,0.0175274439215752,0.049691510293101,19.75
recent_error_norm,10,0.0741756590471246,,,0.0890341662142525,0.525,0.2664171122994652,,holdout,0.0582000453802856,0.0864856039380903,19.75
uncertainty,1,0.0390767170062527,,,0.0033304744556786,0.0,0.0,,holdout,0.0268988023245727,0.0509111015819076,19.75
uncertainty,5,0.1279535244233541,,,0.0237505347108311,0.1,0.0227272727272727,,holdout,0.1080238397201521,0.1621336801004238,19.75
uncertainty,10,0.2149858002668069,,,0.0541674769959575,0.125,0.0635026737967914,,holdout,0.1967530765881888,0.2325655758640809,19.75
volume,1,0.0295511387915688,,,0.0027048227403881,0.0,0.0,,holdout,0.003478612799951,0.0509111015819076,19.75
volume,5,0.1299026492076251,,,0.023804364427019,0.1,0.0260695187165775,,holdout,0.0983997974309784,0.1632154659003917,19.75
volume,10,0.2178189739266969,,,0.0563474683563364,0.15,0.0801693404634581,,holdout,0.2034014887919636,0.2442267898619239,19.75
random (5-95% for min/max),1,0.0051216963595158,,,0.0050015857879834,0.1,0.005010606060606,,holdout,0.0007236455080534,0.0153942033476376,19.75
random (5-95% for min/max),5,0.0254898486153282,,,0.0252850126855499,0.103,0.0261049019607843,,holdout,0.0111935230377497,0.0517197532262236,19.75
random (5-95% for min/max),10,0.0505229679704878,,,0.0506248293476931,0.105125,0.0531378787878787,,holdout,0.0277358856012414,0.0875880649569087,19.75
