idx,id,item_id,dept_id,cat_id,store_id,volume_group,pattern_group
0,FOODS_1_011_CA_1_evaluation,FOODS_1_011,FOODS_1,FOODS,CA_1,low,irregular
1,FOODS_1_020_CA_1_evaluation,FOODS_1_020,FOODS_1,FOODS,CA_1,medium,frequent
2,FOODS_1_043_TX_1_evaluation,FOODS_1_043,FOODS_1,FOODS,TX_1,high,irregular
3,FOODS_1_051_TX_1_evaluation,FOODS_1_051,FOODS_1,FOODS,TX_1,low,irregular
4,FOODS_1_062_CA_1_evaluation,FOODS_1_062,FOODS_1,FOODS,CA_1,low,irregular
5,FOODS_1_063_CA_1_evaluation,FOODS_1_063,FOODS_1,FOODS,CA_1,medium,frequent
6,FOODS_1_076_CA_1_evaluation,FOODS_1_076,FOODS_1,FOODS,CA_1,medium,irregular
7,FOODS_1_080_TX_1_evaluation,FOODS_1_080,FOODS_1,FOODS,TX_1,low,irregular
8,FOODS_1_095_CA_1_evaluation,FOODS_1_095,FOODS_1,FOODS,CA_1,low,irregular
9,FOODS_1_104_TX_1_evaluation,FOODS_1_104,FOODS_1,FOODS,TX_1,high,irregular
10,FOODS_1_110_CA_1_evaluation,FOODS_1_110,FOODS_1,FOODS,CA_1,high,irregular
11,FOODS_1_114_TX_1_evaluation,FOODS_1_114,FOODS_1,FOODS,TX_1,low,irregular
12,FOODS_1_121_CA_1_evaluation,FOODS_1_121,FOODS_1,FOODS,CA_1,medium,irregular
13,FOODS_1_145_TX_1_evaluation,FOODS_1_145,FOODS_1,FOODS,TX_1,medium,irregular
14,FOODS_1_150_CA_1_evaluation,FOODS_1_150,FOODS_1,FOODS,CA_1,medium,frequent
15,FOODS_1_154_CA_1_evaluation,FOODS_1_154,FOODS_1,FOODS,CA_1,high,irregular
16,FOODS_1_156_CA_1_evaluation,FOODS_1_156,FOODS_1,FOODS,CA_1,low,irregular
17,FOODS_1_168_TX_1_evaluation,FOODS_1_168,FOODS_1,FOODS,TX_1,medium,frequent
18,FOODS_1_185_CA_1_evaluation,FOODS_1_185,FOODS_1,FOODS,CA_1,medium,frequent
19,FOODS_1_194_TX_1_evaluation,FOODS_1_194,FOODS_1,FOODS,TX_1,medium,frequent
20,FOODS_2_010_TX_1_evaluation,FOODS_2_010,FOODS_2,FOODS,TX_1,low,irregular
21,FOODS_2_012_TX_1_evaluation,FOODS_2_012,FOODS_2,FOODS,TX_1,low,irregular
22,FOODS_2_016_TX_1_evaluation,FOODS_2_016,FOODS_2,FOODS,TX_1,high,irregular
23,FOODS_2_053_CA_1_evaluation,FOODS_2_053,FOODS_2,FOODS,CA_1,medium,irregular
24,FOODS_2_103_CA_1_evaluation,FOODS_2_103,FOODS_2,FOODS,CA_1,medium,frequent
25,FOODS_2_109_TX_1_evaluation,FOODS_2_109,FOODS_2,FOODS,TX_1,medium,irregular
26,FOODS_2_150_TX_1_evaluation,FOODS_2_150,FOODS_2,FOODS,TX_1,medium,frequent
27,FOODS_2_154_TX_1_evaluation,FOODS_2_154,FOODS_2,FOODS,TX_1,low,irregular
28,FOODS_2_170_TX_1_evaluation,FOODS_2_170,FOODS_2,FOODS,TX_1,high,frequent
29,FOODS_2_171_CA_1_evaluation,FOODS_2_171,FOODS_2,FOODS,CA_1,medium,irregular
30,FOODS_2_171_TX_1_evaluation,FOODS_2_171,FOODS_2,FOODS,TX_1,medium,frequent
31,FOODS_2_173_TX_1_evaluation,FOODS_2_173,FOODS_2,FOODS,TX_1,medium,irregular
32,FOODS_2_176_CA_1_evaluation,FOODS_2_176,FOODS_2,FOODS,CA_1,medium,frequent
33,FOODS_2_204_CA_1_evaluation,FOODS_2_204,FOODS_2,FOODS,CA_1,high,frequent
34,FOODS_2_220_CA_1_evaluation,FOODS_2_220,FOODS_2,FOODS,CA_1,medium,frequent
35,FOODS_2_222_CA_1_evaluation,FOODS_2_222,FOODS_2,FOODS,CA_1,medium,irregular
36,FOODS_2_228_CA_1_evaluation,FOODS_2_228,FOODS_2,FOODS,CA_1,low,irregular
37,FOODS_2_236_TX_1_evaluation,FOODS_2_236,FOODS_2,FOODS,TX_1,high,frequent
38,FOODS_2_255_CA_1_evaluation,FOODS_2_255,FOODS_2,FOODS,CA_1,high,irregular
39,FOODS_2_274_TX_1_evaluation,FOODS_2_274,FOODS_2,FOODS,TX_1,high,frequent
40,FOODS_2_289_TX_1_evaluation,FOODS_2_289,FOODS_2,FOODS,TX_1,high,frequent
41,FOODS_2_291_TX_1_evaluation,FOODS_2_291,FOODS_2,FOODS,TX_1,high,irregular
42,FOODS_2_325_TX_1_evaluation,FOODS_2_325,FOODS_2,FOODS,TX_1,high,frequent
43,FOODS_2_331_CA_1_evaluation,FOODS_2_331,FOODS_2,FOODS,CA_1,low,irregular
44,FOODS_2_392_CA_1_evaluation,FOODS_2_392,FOODS_2,FOODS,CA_1,low,irregular
45,FOODS_2_397_TX_1_evaluation,FOODS_2_397,FOODS_2,FOODS,TX_1,medium,frequent
46,FOODS_3_015_CA_1_evaluation,FOODS_3_015,FOODS_3,FOODS,CA_1,high,frequent
47,FOODS_3_021_CA_1_evaluation,FOODS_3_021,FOODS_3,FOODS,CA_1,medium,irregular
48,FOODS_3_021_TX_1_evaluation,FOODS_3_021,FOODS_3,FOODS,TX_1,high,irregular
49,FOODS_3_048_TX_1_evaluation,FOODS_3_048,FOODS_3,FOODS,TX_1,low,irregular
50,FOODS_3_069_CA_1_evaluation,FOODS_3_069,FOODS_3,FOODS,CA_1,high,irregular
51,FOODS_3_093_TX_1_evaluation,FOODS_3_093,FOODS_3,FOODS,TX_1,high,frequent
52,FOODS_3_115_CA_1_evaluation,FOODS_3_115,FOODS_3,FOODS,CA_1,high,frequent
53,FOODS_3_120_CA_1_evaluation,FOODS_3_120,FOODS_3,FOODS,CA_1,high,irregular
54,FOODS_3_148_TX_1_evaluation,FOODS_3_148,FOODS_3,FOODS,TX_1,high,irregular
55,FOODS_3_161_CA_1_evaluation,FOODS_3_161,FOODS_3,FOODS,CA_1,medium,irregular
56,FOODS_3_162_CA_1_evaluation,FOODS_3_162,FOODS_3,FOODS,CA_1,medium,irregular
57,FOODS_3_187_TX_1_evaluation,FOODS_3_187,FOODS_3,FOODS,TX_1,medium,irregular
58,FOODS_3_191_CA_1_evaluation,FOODS_3_191,FOODS_3,FOODS,CA_1,high,frequent
59,FOODS_3_195_CA_1_evaluation,FOODS_3_195,FOODS_3,FOODS,CA_1,high,irregular
60,FOODS_3_199_TX_1_evaluation,FOODS_3_199,FOODS_3,FOODS,TX_1,medium,frequent
61,FOODS_3_202_TX_1_evaluation,FOODS_3_202,FOODS_3,FOODS,TX_1,high,frequent
62,FOODS_3_208_CA_1_evaluation,FOODS_3_208,FOODS_3,FOODS,CA_1,low,irregular
63,FOODS_3_213_CA_1_evaluation,FOODS_3_213,FOODS_3,FOODS,CA_1,low,irregular
64,FOODS_3_230_TX_1_evaluation,FOODS_3_230,FOODS_3,FOODS,TX_1,high,frequent
65,FOODS_3_244_CA_1_evaluation,FOODS_3_244,FOODS_3,FOODS,CA_1,low,irregular
66,FOODS_3_245_CA_1_evaluation,FOODS_3_245,FOODS_3,FOODS,CA_1,high,irregular
67,FOODS_3_249_CA_1_evaluation,FOODS_3_249,FOODS_3,FOODS,CA_1,high,irregular
68,FOODS_3_259_TX_1_evaluation,FOODS_3_259,FOODS_3,FOODS,TX_1,high,irregular
69,FOODS_3_279_TX_1_evaluation,FOODS_3_279,FOODS_3,FOODS,TX_1,low,irregular
70,FOODS_3_283_CA_1_evaluation,FOODS_3_283,FOODS_3,FOODS,CA_1,medium,frequent
71,FOODS_3_291_CA_1_evaluation,FOODS_3_291,FOODS_3,FOODS,CA_1,high,frequent
72,FOODS_3_295_CA_1_evaluation,FOODS_3_295,FOODS_3,FOODS,CA_1,high,frequent
73,FOODS_3_307_TX_1_evaluation,FOODS_3_307,FOODS_3,FOODS,TX_1,medium,irregular
74,FOODS_3_309_CA_1_evaluation,FOODS_3_309,FOODS_3,FOODS,CA_1,medium,irregular
75,FOODS_3_310_TX_1_evaluation,FOODS_3_310,FOODS_3,FOODS,TX_1,medium,irregular
76,FOODS_3_314_CA_1_evaluation,FOODS_3_314,FOODS_3,FOODS,CA_1,medium,frequent
77,FOODS_3_342_TX_1_evaluation,FOODS_3_342,FOODS_3,FOODS,TX_1,high,irregular
78,FOODS_3_386_CA_1_evaluation,FOODS_3_386,FOODS_3,FOODS,CA_1,medium,irregular
79,FOODS_3_391_TX_1_evaluation,FOODS_3_391,FOODS_3,FOODS,TX_1,medium,irregular
80,FOODS_3_444_CA_1_evaluation,FOODS_3_444,FOODS_3,FOODS,CA_1,high,irregular
81,FOODS_3_492_CA_1_evaluation,FOODS_3_492,FOODS_3,FOODS,CA_1,medium,frequent
82,FOODS_3_511_TX_1_evaluation,FOODS_3_511,FOODS_3,FOODS,TX_1,high,irregular
83,FOODS_3_522_TX_1_evaluation,FOODS_3_522,FOODS_3,FOODS,TX_1,low,irregular
84,FOODS_3_530_TX_1_evaluation,FOODS_3_530,FOODS_3,FOODS,TX_1,medium,irregular
85,FOODS_3_586_CA_1_evaluation,FOODS_3_586,FOODS_3,FOODS,CA_1,high,frequent
86,FOODS_3_592_CA_1_evaluation,FOODS_3_592,FOODS_3,FOODS,CA_1,high,frequent
87,FOODS_3_592_TX_1_evaluation,FOODS_3_592,FOODS_3,FOODS,TX_1,medium,frequent
88,FOODS_3_617_TX_1_evaluation,FOODS_3_617,FOODS_3,FOODS,TX_1,high,frequent
89,FOODS_3_677_TX_1_evaluation,FOODS_3_677,FOODS_3,FOODS,TX_1,medium,irregular
90,FOODS_3_687_TX_1_evaluation,FOODS_3_687,FOODS_3,FOODS,TX_1,medium,frequent
91,FOODS_3_688_CA_1_evaluation,FOODS_3_688,FOODS_3,FOODS,CA_1,high,irregular
92,FOODS_3_702_CA_1_evaluation,FOODS_3_702,FOODS_3,FOODS,CA_1,high,frequent
93,FOODS_3_716_TX_1_evaluation,FOODS_3_716,FOODS_3,FOODS,TX_1,medium,irregular
94,FOODS_3_721_CA_1_evaluation,FOODS_3_721,FOODS_3,FOODS,CA_1,high,frequent
95,FOODS_3_757_CA_1_evaluation,FOODS_3_757,FOODS_3,FOODS,CA_1,high,irregular
96,FOODS_3_757_TX_1_evaluation,FOODS_3_757,FOODS_3,FOODS,TX_1,high,irregular
97,FOODS_3_765_TX_1_evaluation,FOODS_3_765,FOODS_3,FOODS,TX_1,medium,frequent
98,FOODS_3_782_CA_1_evaluation,FOODS_3_782,FOODS_3,FOODS,CA_1,high,frequent
99,FOODS_3_786_TX_1_evaluation,FOODS_3_786,FOODS_3,FOODS,TX_1,high,frequent
100,FOODS_3_812_TX_1_evaluation,FOODS_3_812,FOODS_3,FOODS,TX_1,medium,frequent
101,FOODS_3_825_TX_1_evaluation,FOODS_3_825,FOODS_3,FOODS,TX_1,low,irregular
102,HOUSEHOLD_1_011_TX_1_evaluation,HOUSEHOLD_1_011,HOUSEHOLD_1,HOUSEHOLD,TX_1,medium,irregular
103,HOUSEHOLD_1_016_CA_1_evaluation,HOUSEHOLD_1_016,HOUSEHOLD_1,HOUSEHOLD,CA_1,high,frequent
104,HOUSEHOLD_1_019_CA_1_evaluation,HOUSEHOLD_1_019,HOUSEHOLD_1,HOUSEHOLD,CA_1,high,irregular
105,HOUSEHOLD_1_021_TX_1_evaluation,HOUSEHOLD_1_021,HOUSEHOLD_1,HOUSEHOLD,TX_1,high,frequent
106,HOUSEHOLD_1_032_CA_1_evaluation,HOUSEHOLD_1_032,HOUSEHOLD_1,HOUSEHOLD,CA_1,high,irregular
107,HOUSEHOLD_1_033_CA_1_evaluation,HOUSEHOLD_1_033,HOUSEHOLD_1,HOUSEHOLD,CA_1,medium,irregular
108,HOUSEHOLD_1_038_CA_1_evaluation,HOUSEHOLD_1_038,HOUSEHOLD_1,HOUSEHOLD,CA_1,high,frequent
109,HOUSEHOLD_1_040_TX_1_evaluation,HOUSEHOLD_1_040,HOUSEHOLD_1,HOUSEHOLD,TX_1,high,frequent
110,HOUSEHOLD_1_051_TX_1_evaluation,HOUSEHOLD_1_051,HOUSEHOLD_1,HOUSEHOLD,TX_1,high,irregular
111,HOUSEHOLD_1_053_TX_1_evaluation,HOUSEHOLD_1_053,HOUSEHOLD_1,HOUSEHOLD,TX_1,medium,frequent
112,HOUSEHOLD_1_065_CA_1_evaluation,HOUSEHOLD_1_065,HOUSEHOLD_1,HOUSEHOLD,CA_1,medium,irregular
113,HOUSEHOLD_1_067_CA_1_evaluation,HOUSEHOLD_1_067,HOUSEHOLD_1,HOUSEHOLD,CA_1,medium,frequent
114,HOUSEHOLD_1_067_TX_1_evaluation,HOUSEHOLD_1_067,HOUSEHOLD_1,HOUSEHOLD,TX_1,medium,frequent
115,HOUSEHOLD_1_073_CA_1_evaluation,HOUSEHOLD_1_073,HOUSEHOLD_1,HOUSEHOLD,CA_1,low,irregular
116,HOUSEHOLD_1_073_TX_1_evaluation,HOUSEHOLD_1_073,HOUSEHOLD_1,HOUSEHOLD,TX_1,medium,irregular
117,HOUSEHOLD_1_075_CA_1_evaluation,HOUSEHOLD_1_075,HOUSEHOLD_1,HOUSEHOLD,CA_1,medium,frequent
118,HOUSEHOLD_1_089_CA_1_evaluation,HOUSEHOLD_1_089,HOUSEHOLD_1,HOUSEHOLD,CA_1,medium,irregular
119,HOUSEHOLD_1_090_TX_1_evaluation,HOUSEHOLD_1_090,HOUSEHOLD_1,HOUSEHOLD,TX_1,high,irregular
120,HOUSEHOLD_1_105_TX_1_evaluation,HOUSEHOLD_1_105,HOUSEHOLD_1,HOUSEHOLD,TX_1,medium,irregular
121,HOUSEHOLD_1_112_CA_1_evaluation,HOUSEHOLD_1_112,HOUSEHOLD_1,HOUSEHOLD,CA_1,high,frequent
122,HOUSEHOLD_1_112_TX_1_evaluation,HOUSEHOLD_1_112,HOUSEHOLD_1,HOUSEHOLD,TX_1,high,frequent
123,HOUSEHOLD_1_124_TX_1_evaluation,HOUSEHOLD_1_124,HOUSEHOLD_1,HOUSEHOLD,TX_1,medium,frequent
124,HOUSEHOLD_1_129_CA_1_evaluation,HOUSEHOLD_1_129,HOUSEHOLD_1,HOUSEHOLD,CA_1,high,frequent
125,HOUSEHOLD_1_135_CA_1_evaluation,HOUSEHOLD_1_135,HOUSEHOLD_1,HOUSEHOLD,CA_1,medium,irregular
126,HOUSEHOLD_1_136_CA_1_evaluation,HOUSEHOLD_1_136,HOUSEHOLD_1,HOUSEHOLD,CA_1,medium,frequent
127,HOUSEHOLD_1_141_CA_1_evaluation,HOUSEHOLD_1_141,HOUSEHOLD_1,HOUSEHOLD,CA_1,medium,frequent
128,HOUSEHOLD_1_145_TX_1_evaluation,HOUSEHOLD_1_145,HOUSEHOLD_1,HOUSEHOLD,TX_1,high,frequent
129,HOUSEHOLD_1_149_CA_1_evaluation,HOUSEHOLD_1_149,HOUSEHOLD_1,HOUSEHOLD,CA_1,high,frequent
130,HOUSEHOLD_1_151_TX_1_evaluation,HOUSEHOLD_1_151,HOUSEHOLD_1,HOUSEHOLD,TX_1,high,frequent
131,HOUSEHOLD_1_166_CA_1_evaluation,HOUSEHOLD_1_166,HOUSEHOLD_1,HOUSEHOLD,CA_1,low,irregular
132,HOUSEHOLD_1_175_TX_1_evaluation,HOUSEHOLD_1_175,HOUSEHOLD_1,HOUSEHOLD,TX_1,medium,frequent
133,HOUSEHOLD_1_176_TX_1_evaluation,HOUSEHOLD_1_176,HOUSEHOLD_1,HOUSEHOLD,TX_1,low,irregular
134,HOUSEHOLD_1_178_CA_1_evaluation,HOUSEHOLD_1_178,HOUSEHOLD_1,HOUSEHOLD,CA_1,medium,irregular
135,HOUSEHOLD_1_199_CA_1_evaluation,HOUSEHOLD_1_199,HOUSEHOLD_1,HOUSEHOLD,CA_1,low,irregular
136,HOUSEHOLD_1_203_TX_1_evaluation,HOUSEHOLD_1_203,HOUSEHOLD_1,HOUSEHOLD,TX_1,medium,frequent
137,HOUSEHOLD_1_218_CA_1_evaluation,HOUSEHOLD_1_218,HOUSEHOLD_1,HOUSEHOLD,CA_1,low,irregular
138,HOUSEHOLD_1_222_TX_1_evaluation,HOUSEHOLD_1_222,HOUSEHOLD_1,HOUSEHOLD,TX_1,medium,irregular
139,HOUSEHOLD_1_228_TX_1_evaluation,HOUSEHOLD_1_228,HOUSEHOLD_1,HOUSEHOLD,TX_1,medium,irregular
140,HOUSEHOLD_1_268_TX_1_evaluation,HOUSEHOLD_1_268,HOUSEHOLD_1,HOUSEHOLD,TX_1,medium,frequent
141,HOUSEHOLD_1_270_TX_1_evaluation,HOUSEHOLD_1_270,HOUSEHOLD_1,HOUSEHOLD,TX_1,medium,frequent
142,HOUSEHOLD_1_276_CA_1_evaluation,HOUSEHOLD_1_276,HOUSEHOLD_1,HOUSEHOLD,CA_1,low,irregular
143,HOUSEHOLD_1_282_CA_1_evaluation,HOUSEHOLD_1_282,HOUSEHOLD_1,HOUSEHOLD,CA_1,medium,irregular
144,HOUSEHOLD_1_285_TX_1_evaluation,HOUSEHOLD_1_285,HOUSEHOLD_1,HOUSEHOLD,TX_1,high,irregular
145,HOUSEHOLD_1_292_TX_1_evaluation,HOUSEHOLD_1_292,HOUSEHOLD_1,HOUSEHOLD,TX_1,high,irregular
146,HOUSEHOLD_1_316_TX_1_evaluation,HOUSEHOLD_1_316,HOUSEHOLD_1,HOUSEHOLD,TX_1,medium,irregular
147,HOUSEHOLD_1_318_CA_1_evaluation,HOUSEHOLD_1_318,HOUSEHOLD_1,HOUSEHOLD,CA_1,medium,irregular
148,HOUSEHOLD_1_331_CA_1_evaluation,HOUSEHOLD_1_331,HOUSEHOLD_1,HOUSEHOLD,CA_1,medium,irregular
149,HOUSEHOLD_1_331_TX_1_evaluation,HOUSEHOLD_1_331,HOUSEHOLD_1,HOUSEHOLD,TX_1,high,frequent
150,HOUSEHOLD_1_334_CA_1_evaluation,HOUSEHOLD_1_334,HOUSEHOLD_1,HOUSEHOLD,CA_1,high,irregular
151,HOUSEHOLD_1_334_TX_1_evaluation,HOUSEHOLD_1_334,HOUSEHOLD_1,HOUSEHOLD,TX_1,high,irregular
152,HOUSEHOLD_1_339_TX_1_evaluation,HOUSEHOLD_1_339,HOUSEHOLD_1,HOUSEHOLD,TX_1,high,irregular
153,HOUSEHOLD_1_344_CA_1_evaluation,HOUSEHOLD_1_344,HOUSEHOLD_1,HOUSEHOLD,CA_1,medium,irregular
154,HOUSEHOLD_1_345_CA_1_evaluation,HOUSEHOLD_1_345,HOUSEHOLD_1,HOUSEHOLD,CA_1,high,frequent
155,HOUSEHOLD_1_347_TX_1_evaluation,HOUSEHOLD_1_347,HOUSEHOLD_1,HOUSEHOLD,TX_1,medium,frequent
156,HOUSEHOLD_1_353_TX_1_evaluation,HOUSEHOLD_1_353,HOUSEHOLD_1,HOUSEHOLD,TX_1,low,irregular
157,HOUSEHOLD_1_379_CA_1_evaluation,HOUSEHOLD_1_379,HOUSEHOLD_1,HOUSEHOLD,CA_1,medium,frequent
158,HOUSEHOLD_1_381_CA_1_evaluation,HOUSEHOLD_1_381,HOUSEHOLD_1,HOUSEHOLD,CA_1,medium,frequent
159,HOUSEHOLD_1_386_TX_1_evaluation,HOUSEHOLD_1_386,HOUSEHOLD_1,HOUSEHOLD,TX_1,high,irregular
160,HOUSEHOLD_1_409_TX_1_evaluation,HOUSEHOLD_1_409,HOUSEHOLD_1,HOUSEHOLD,TX_1,high,irregular
161,HOUSEHOLD_1_410_TX_1_evaluation,HOUSEHOLD_1_410,HOUSEHOLD_1,HOUSEHOLD,TX_1,medium,frequent
162,HOUSEHOLD_1_418_CA_1_evaluation,HOUSEHOLD_1_418,HOUSEHOLD_1,HOUSEHOLD,CA_1,high,irregular
163,HOUSEHOLD_1_418_TX_1_evaluation,HOUSEHOLD_1_418,HOUSEHOLD_1,HOUSEHOLD,TX_1,high,irregular
164,HOUSEHOLD_1_425_CA_1_evaluation,HOUSEHOLD_1_425,HOUSEHOLD_1,HOUSEHOLD,CA_1,high,frequent
165,HOUSEHOLD_1_427_TX_1_evaluation,HOUSEHOLD_1_427,HOUSEHOLD_1,HOUSEHOLD,TX_1,high,frequent
166,HOUSEHOLD_1_437_CA_1_evaluation,HOUSEHOLD_1_437,HOUSEHOLD_1,HOUSEHOLD,CA_1,high,irregular
167,HOUSEHOLD_1_447_CA_1_evaluation,HOUSEHOLD_1_447,HOUSEHOLD_1,HOUSEHOLD,CA_1,high,irregular
168,HOUSEHOLD_1_459_CA_1_evaluation,HOUSEHOLD_1_459,HOUSEHOLD_1,HOUSEHOLD,CA_1,high,irregular
169,HOUSEHOLD_1_465_CA_1_evaluation,HOUSEHOLD_1_465,HOUSEHOLD_1,HOUSEHOLD,CA_1,high,irregular
170,HOUSEHOLD_1_468_TX_1_evaluation,HOUSEHOLD_1_468,HOUSEHOLD_1,HOUSEHOLD,TX_1,medium,irregular
171,HOUSEHOLD_1_474_TX_1_evaluation,HOUSEHOLD_1_474,HOUSEHOLD_1,HOUSEHOLD,TX_1,high,frequent
172,HOUSEHOLD_1_477_TX_1_evaluation,HOUSEHOLD_1_477,HOUSEHOLD_1,HOUSEHOLD,TX_1,medium,frequent
173,HOUSEHOLD_1_478_CA_1_evaluation,HOUSEHOLD_1_478,HOUSEHOLD_1,HOUSEHOLD,CA_1,high,frequent
174,HOUSEHOLD_1_487_TX_1_evaluation,HOUSEHOLD_1_487,HOUSEHOLD_1,HOUSEHOLD,TX_1,high,irregular
175,HOUSEHOLD_1_519_CA_1_evaluation,HOUSEHOLD_1_519,HOUSEHOLD_1,HOUSEHOLD,CA_1,medium,frequent
176,HOUSEHOLD_1_520_CA_1_evaluation,HOUSEHOLD_1_520,HOUSEHOLD_1,HOUSEHOLD,CA_1,medium,irregular
177,HOUSEHOLD_1_522_TX_1_evaluation,HOUSEHOLD_1_522,HOUSEHOLD_1,HOUSEHOLD,TX_1,high,frequent
178,HOUSEHOLD_1_528_TX_1_evaluation,HOUSEHOLD_1_528,HOUSEHOLD_1,HOUSEHOLD,TX_1,high,frequent
179,HOUSEHOLD_1_531_TX_1_evaluation,HOUSEHOLD_1_531,HOUSEHOLD_1,HOUSEHOLD,TX_1,medium,irregular
180,HOUSEHOLD_1_537_CA_1_evaluation,HOUSEHOLD_1_537,HOUSEHOLD_1,HOUSEHOLD,CA_1,medium,frequent
181,HOUSEHOLD_2_008_CA_1_evaluation,HOUSEHOLD_2_008,HOUSEHOLD_2,HOUSEHOLD,CA_1,low,irregular
182,HOUSEHOLD_2_074_CA_1_evaluation,HOUSEHOLD_2_074,HOUSEHOLD_2,HOUSEHOLD,CA_1,high,frequent
183,HOUSEHOLD_2_088_TX_1_evaluation,HOUSEHOLD_2_088,HOUSEHOLD_2,HOUSEHOLD,TX_1,low,irregular
184,HOUSEHOLD_2_115_TX_1_evaluation,HOUSEHOLD_2_115,HOUSEHOLD_2,HOUSEHOLD,TX_1,low,irregular
185,HOUSEHOLD_2_128_TX_1_evaluation,HOUSEHOLD_2_128,HOUSEHOLD_2,HOUSEHOLD,TX_1,low,irregular
186,HOUSEHOLD_2_133_CA_1_evaluation,HOUSEHOLD_2_133,HOUSEHOLD_2,HOUSEHOLD,CA_1,low,irregular
187,HOUSEHOLD_2_172_TX_1_evaluation,HOUSEHOLD_2_172,HOUSEHOLD_2,HOUSEHOLD,TX_1,medium,irregular
188,HOUSEHOLD_2_176_CA_1_evaluation,HOUSEHOLD_2_176,HOUSEHOLD_2,HOUSEHOLD,CA_1,high,frequent
189,HOUSEHOLD_2_285_CA_1_evaluation,HOUSEHOLD_2_285,HOUSEHOLD_2,HOUSEHOLD,CA_1,low,irregular
190,HOUSEHOLD_2_329_CA_1_evaluation,HOUSEHOLD_2_329,HOUSEHOLD_2,HOUSEHOLD,CA_1,low,irregular
191,HOUSEHOLD_2_349_TX_1_evaluation,HOUSEHOLD_2_349,HOUSEHOLD_2,HOUSEHOLD,TX_1,low,irregular
192,HOUSEHOLD_2_355_TX_1_evaluation,HOUSEHOLD_2_355,HOUSEHOLD_2,HOUSEHOLD,TX_1,low,irregular
193,HOUSEHOLD_2_409_CA_1_evaluation,HOUSEHOLD_2_409,HOUSEHOLD_2,HOUSEHOLD,CA_1,medium,frequent
194,HOUSEHOLD_2_410_CA_1_evaluation,HOUSEHOLD_2_410,HOUSEHOLD_2,HOUSEHOLD,CA_1,medium,frequent
195,HOUSEHOLD_2_438_TX_1_evaluation,HOUSEHOLD_2_438,HOUSEHOLD_2,HOUSEHOLD,TX_1,medium,irregular
196,HOUSEHOLD_2_443_CA_1_evaluation,HOUSEHOLD_2_443,HOUSEHOLD_2,HOUSEHOLD,CA_1,low,irregular
197,HOUSEHOLD_2_464_TX_1_evaluation,HOUSEHOLD_2_464,HOUSEHOLD_2,HOUSEHOLD,TX_1,low,irregular
198,HOUSEHOLD_2_476_TX_1_evaluation,HOUSEHOLD_2_476,HOUSEHOLD_2,HOUSEHOLD,TX_1,low,irregular
199,HOUSEHOLD_2_497_TX_1_evaluation,HOUSEHOLD_2_497,HOUSEHOLD_2,HOUSEHOLD,TX_1,low,irregular
