model,n_obs,actual_units_py,abs_error,signed_error,wape_py,bias_py,mean_rmsse_py,median_rmsse,n_series_origins,rmsse_undefined,segment_type,segment,period,wape_sql,bias_sql,actual_units_sql,mean_rmsse_sql,_merge,wape_absdiff,bias_absdiff,mean_rmsse_absdiff
ets,5600,15005.0,8791.642026588223,-1023.6132328318592,0.5859141637179756,-0.0682181428078546,0.7455886753060682,0.6778225905179602,200,0,all,all,holdout,0.5859141637179773,-0.0682181428078555,15005.0,0.7455886753060681,both,1.7763568394002505e-15,9.020562075079397e-16,1.1102230246251565e-16
ets,2856,9371.0,5098.692001019421,-1065.2832051655705,0.5440926262959578,-0.1136787114678871,0.7622291188130184,0.6953636431391532,102,0,cat_id,FOODS,holdout,0.5440926262959586,-0.1136787114678872,9371.0,0.7622291188130184,both,7.771561172376096e-16,9.71445146547012e-17,0.0
ets,2744,5634.0,3692.950025568801,41.669972333711165,0.6554756878893861,0.0073961612235909,0.728269030023324,0.6658839633962751,98,0,cat_id,HOUSEHOLD,holdout,0.6554756878893879,0.0073961612235909,5634.0,0.7282690300233241,both,1.7763568394002505e-15,0.0,1.1102230246251565e-16
ets,2268,6474.0,3291.219766406057,-336.4713512740058,0.5083750025341454,-0.0519727141294417,0.7246543621790603,0.6635767029174493,81,0,pattern_group,frequent,holdout,0.5083750025341454,-0.0519727141294418,6474.0,0.7246543621790605,both,0.0,1.0408340855860843e-16,2.220446049250313e-16
ets,3332,8531.0,5500.422260182166,-687.1418815578534,0.6447570343666822,-0.0805464636687203,0.7598380817202498,0.6992830099798529,119,0,pattern_group,irregular,holdout,0.644757034366685,-0.0805464636687202,8531.0,0.7598380817202498,both,2.7755575615628914e-15,9.71445146547012e-17,0.0
ets,2800,9208.0,5212.631459122144,-337.84279489844334,0.5660981167595726,-0.0366901384555216,0.7840022744969868,0.7246951767636416,100,0,store_id,CA_1,holdout,0.5660981167595734,-0.0366901384555222,9208.0,0.7840022744969868,both,8.881784197001252e-16,6.036837696399289e-16,0.0
ets,2800,5797.0,3579.0105674660786,-685.7704379334158,0.6173901272151248,-0.1182974707492523,0.7071750761151496,0.6493129189198595,100,0,store_id,TX_1,holdout,0.6173901272151257,-0.1182974707492531,5797.0,0.7071750761151495,both,8.881784197001252e-16,8.049116928532385e-16,1.1102230246251565e-16
ets,2240,11574.0,5841.325398664897,-777.4180375530422,0.5046937444846118,-0.0671693483284121,0.7342414988825331,0.6561824533049677,80,0,volume_group,high,holdout,0.5046937444846119,-0.0671693483284124,11574.0,0.7342414988825331,both,1.1102230246251565e-16,2.914335439641036e-16,0.0
ets,1120,640.0,655.7515876487269,-108.1326679966381,1.0246118557011357,-0.168957293744747,0.6835188700698918,0.6859738944325822,40,0,volume_group,low,holdout,1.0246118557011343,-0.168957293744747,640.0,0.6835188700698918,both,1.3322676295501878e-15,0.0,0.0
ets,2240,2791.0,2294.565040274599,-138.06252728217885,0.8221300753402362,-0.0494670466793904,0.7879707543476915,0.7215026120907102,80,0,volume_group,medium,holdout,0.8221300753402365,-0.0494670466793904,2791.0,0.7879707543476917,both,3.3306690738754696e-16,0.0,2.220446049250313e-16
lgbm,5600,15005.0,8686.39377535801,-741.1077781988898,0.5788999517066318,-0.0493907216393795,0.7332905224405778,0.652617729468175,200,0,all,all,holdout,0.5788999517066322,-0.0493907216393795,15005.0,0.7332905224405778,both,4.440892098500626e-16,0.0,0.0
lgbm,2856,9371.0,5002.680499642121,-1053.2617406208278,0.5338470280271178,-0.1123958745727059,0.7476191234651922,0.6607482723183977,102,0,cat_id,FOODS,holdout,0.5338470280271175,-0.1123958745727058,9371.0,0.7476191234651924,both,3.3306690738754696e-16,9.71445146547012e-17,2.220446049250313e-16
lgbm,2744,5634.0,3683.7132757158897,312.15396242193805,0.6538362221717944,0.055405389141274,0.7183770805578158,0.6441777634397368,98,0,cat_id,HOUSEHOLD,holdout,0.6538362221717957,0.0554053891412739,5634.0,0.7183770805578158,both,1.3322676295501878e-15,9.71445146547012e-17,0.0
lgbm,2268,6474.0,3197.780127555516,-249.31114587665192,0.4939419412350194,-0.0385095993013055,0.7005983828482653,0.6494483931851283,81,0,pattern_group,frequent,holdout,0.4939419412350193,-0.0385095993013055,6474.0,0.7005983828482654,both,1.1102230246251565e-16,0.0,1.1102230246251565e-16
lgbm,3332,8531.0,5488.613647802495,-491.7966323222378,0.6433728341111821,-0.0576481810247612,0.75554315527232,0.6822085290569936,119,0,pattern_group,irregular,holdout,0.6433728341111827,-0.0576481810247612,8531.0,0.7555431552723197,both,6.661338147750939e-16,0.0,2.220446049250313e-16
lgbm,2800,9208.0,5169.779149759978,-69.4222345629558,0.5614443038401367,-0.007539339114135,0.770039124216061,0.7018524912937756,100,0,store_id,CA_1,holdout,0.5614443038401373,-0.0075393391141351,9208.0,0.770039124216061,both,6.661338147750939e-16,9.974659986866641e-17,0.0
lgbm,2800,5797.0,3516.614625598032,-671.685543635934,0.606626638881841,-0.1158677839634179,0.6965419206650946,0.6203420117412143,100,0,store_id,TX_1,holdout,0.6066266388818413,-0.1158677839634178,5797.0,0.6965419206650946,both,3.3306690738754696e-16,9.71445146547012e-17,0.0
lgbm,2240,11574.0,5756.716585943151,-484.85004005261214,0.4973834962798644,-0.0418913115649397,0.70946110236862,0.6203420117412143,80,0,volume_group,high,holdout,0.4973834962798643,-0.0418913115649396,11574.0,0.7094611023686201,both,1.1102230246251565e-16,9.71445146547012e-17,1.1102230246251565e-16
lgbm,1120,640.0,655.2962723846339,-98.0616342738891,1.0239004256009905,-0.1532213035529517,0.6824071694616569,0.6605578313756695,40,0,volume_group,low,holdout,1.0239004256009898,-0.1532213035529517,640.0,0.6824071694616568,both,6.661338147750939e-16,0.0,1.1102230246251565e-16
lgbm,2240,2791.0,2274.3809170302256,-158.1961038723885,0.814898214629246,-0.0566807968012857,0.7825616190019961,0.7434200725078349,80,0,volume_group,medium,holdout,0.814898214629246,-0.0566807968012857,2791.0,0.7825616190019962,both,0.0,0.0,1.1102230246251565e-16
snaive,5600,15005.0,10201.0,-1597.0,0.6798400533155615,-0.1064311896034655,0.9321688520219216,0.8918712309390642,200,0,all,all,holdout,0.6798400533155615,-0.1064311896034655,15005.0,0.9321688520219218,both,0.0,0.0,2.220446049250313e-16
snaive,2856,9371.0,6025.0,-1171.0,0.6429409881549462,-0.1249599829260484,0.9537936506429122,0.9062330457594912,102,0,cat_id,FOODS,holdout,0.6429409881549462,-0.1249599829260484,9371.0,0.953793650642912,both,0.0,0.0,2.220446049250313e-16
snaive,2744,5634.0,4176.0,-426.0,0.7412140575079872,-0.0756123535676251,0.9096614085592578,0.8762326306571205,98,0,cat_id,HOUSEHOLD,holdout,0.7412140575079872,-0.0756123535676251,5634.0,0.9096614085592576,both,0.0,0.0,2.220446049250313e-16
snaive,2268,6474.0,3870.0,-618.0,0.597775718257646,-0.0954587581093605,0.9061404209000024,0.8824272027905795,81,0,pattern_group,frequent,holdout,0.597775718257646,-0.0954587581093605,6474.0,0.9061404209000022,both,0.0,0.0,1.1102230246251565e-16
snaive,3332,8531.0,6331.0,-979.0,0.7421169851131169,-0.1147579416246629,0.9498856832897824,0.8927677699212683,119,0,pattern_group,irregular,holdout,0.7421169851131169,-0.1147579416246629,8531.0,0.9498856832897828,both,0.0,0.0,4.440892098500626e-16
snaive,2800,9208.0,6120.0,-632.0,0.6646394439617723,-0.0686359687228497,0.977485730298564,0.9135046255979926,100,0,store_id,CA_1,holdout,0.6646394439617723,-0.0686359687228497,9208.0,0.977485730298564,both,0.0,0.0,0.0
snaive,2800,5797.0,4081.0,-965.0,0.7039848197343453,-0.16646541314473,0.886851973745279,0.8270979264810467,100,0,store_id,TX_1,holdout,0.7039848197343453,-0.16646541314473,5797.0,0.8868519737452791,both,0.0,0.0,1.1102230246251565e-16
snaive,2240,11574.0,6730.0,-1294.0,0.5814757214446172,-0.1118023155348194,0.8783855121358499,0.8371028433941057,80,0,volume_group,high,holdout,0.5814757214446172,-0.1118023155348194,11574.0,0.8783855121358499,both,0.0,0.0,0.0
snaive,1120,640.0,804.0,-80.0,1.25625,-0.125,0.8975656458296071,0.9427328580346732,40,0,volume_group,low,holdout,1.25625,-0.125,640.0,0.8975656458296072,both,0.0,0.0,1.1102230246251565e-16
snaive,2240,2791.0,2667.0,-223.0,0.9555714797563596,-0.0798996775349337,1.0032537950041505,0.908341865420937,80,0,volume_group,medium,holdout,0.9555714797563596,-0.0798996775349337,2791.0,1.0032537950041505,both,0.0,0.0,0.0
ets,33600,79487.0,49759.69548,-872.9945200000001,0.6260104857398066,-0.0109828590838753,0.6876315198638135,0.6435639580324015,1200,0,all,all,validation,0.6260104857398076,-0.0109828590838753,79487.0,0.6876315198638137,both,9.992007221626409e-16,0.0,1.1102230246251565e-16
ets,17136,44418.0,28304.49434,-1377.3384400000002,0.6372302746634247,-0.0310085649961727,0.6644825466378064,0.6219512129323879,612,0,cat_id,FOODS,validation,0.6372302746634203,-0.0310085649961733,44418.0,0.6644825466378065,both,4.440892098500626e-15,6.002143226879753e-16,1.1102230246251565e-16
ets,16464,35069.0,21455.20114,504.34392,0.61179962759132,0.0143814742365051,0.7117253491398617,0.6571908984271455,588,0,cat_id,HOUSEHOLD,validation,0.6117996275913189,0.014381474236505,35069.0,0.7117253491398613,both,1.1102230246251565e-15,1.0061396160665481e-16,4.440892098500626e-16
ets,13608,35572.0,20743.92278,-593.67196,0.5831531198695603,-0.0166893050714044,0.7143655153168893,0.6548169056993006,486,0,pattern_group,frequent,validation,0.5831531198695604,-0.0166893050714047,35572.0,0.7143655153168897,both,1.1102230246251565e-16,2.983724378680108e-16,4.440892098500626e-16
ets,19992,43915.0,29015.7727,-279.32256000000007,0.6607257816235911,-0.0063605273824433,0.6694344305218038,0.6290224857471283,714,0,pattern_group,irregular,validation,0.6607257816235941,-0.0063605273824434,43915.0,0.6694344305218035,both,2.9976021664879227e-15,1.0061396160665481e-16,3.3306690738754696e-16
ets,16800,48526.0,29016.88672,-1156.76884,0.5979657651568231,-0.0238381247166467,0.7134469139881928,0.6755363343311538,600,0,store_id,CA_1,validation,0.5979657651568201,-0.0238381247166468,48526.0,0.7134469139881927,both,2.9976021664879227e-15,1.0061396160665481e-16,1.1102230246251565e-16
ets,16800,30961.0,20742.80876,283.7743199999999,0.6699657233293498,0.009165541164691,0.661816125739434,0.6106168542101535,600,0,store_id,TX_1,validation,0.66996572332935,0.0091655411646903,30961.0,0.6618161257394344,both,2.220446049250313e-16,6.990935608186533e-16,3.3306690738754696e-16
ets,13440,61708.0,33668.51178,-700.1048400000002,0.545610160433007,-0.0113454469436701,0.7103666238797903,0.6540391676592529,480,0,volume_group,high,validation,0.5456101604330066,-0.01134544694367,61708.0,0.7103666238797904,both,4.440892098500626e-16,1.0061396160665481e-16,1.1102230246251565e-16
ets,6720,3014.0,3533.87858,32.42648,1.1724879163901791,0.0107586197743861,0.5977545736787122,0.592579271989444,240,0,volume_group,low,validation,1.1724879163901762,0.0107586197743859,3014.0,0.5977545736787123,both,2.886579864025407e-15,1.9949319973733282e-16,1.1102230246251565e-16
ets,13440,14765.0,12557.30512,-205.31615999999997,0.8504778272942771,-0.0139055983745343,0.7098348889403873,0.6617196042274431,480,0,volume_group,medium,validation,0.8504778272942739,-0.0139055983745345,14765.0,0.7098348889403873,both,3.219646771412954e-15,2.0122792321330962e-16,0.0
lgbm,33600,79487.0,48119.46835,-4573.77391,0.6053753236378276,-0.0575411565413212,0.6735465617482626,0.6290503650460788,1200,0,all,all,validation,0.6053753236378286,-0.0575411565413215,79487.0,0.6735465617482639,both,9.992007221626409e-16,2.983724378680108e-16,1.3322676295501878e-15
lgbm,17136,44418.0,27124.08449,-3833.47819,0.6106552408933316,-0.0863046105182583,0.6489606278235621,0.6142351010006395,612,0,cat_id,FOODS,validation,0.6106552408933329,-0.0863046105182587,44418.0,0.6489606278235618,both,1.3322676295501878e-15,4.0245584642661925e-16,3.3306690738754696e-16
lgbm,16464,35069.0,20995.38386,-740.29572,0.5986878399726254,-0.0211096900396361,0.6991360031800937,0.6455457045387932,588,0,cat_id,HOUSEHOLD,validation,0.5986878399726269,-0.021109690039636,35069.0,0.6991360031800937,both,1.4432899320127035e-15,1.0061396160665481e-16,0.0
lgbm,13608,35572.0,19969.80401,-2372.39865,0.5613910944000899,-0.0666928665804565,0.6953489474060575,0.6419906548861314,486,0,pattern_group,frequent,validation,0.5613910944000906,-0.0666928665804566,35572.0,0.6953489474060576,both,6.661338147750939e-16,9.71445146547012e-17,1.1102230246251565e-16
lgbm,19992,43915.0,28149.66434,-2201.37526,0.6410034006603667,-0.0501280942730274,0.6587062824349738,0.6188197606866099,714,0,pattern_group,irregular,validation,0.6410034006603679,-0.0501280942730274,43915.0,0.6587062824349736,both,1.2212453270876722e-15,0.0,1.1102230246251565e-16
lgbm,16800,48526.0,28078.02873,-2893.23413,0.5786182403247743,-0.059622349462144,0.6991708215483882,0.6599541417339214,600,0,store_id,CA_1,validation,0.5786182403247759,-0.0596223494621441,48526.0,0.6991708215483879,both,1.6653345369377348e-15,9.71445146547012e-17,2.220446049250313e-16
lgbm,16800,30961.0,20041.43962,-1680.53978,0.6473124130357547,-0.0542792474403281,0.6479223019481372,0.6046911783949569,600,0,store_id,TX_1,validation,0.6473124130357569,-0.0542792474403283,30961.0,0.647922301948137,both,2.220446049250313e-15,1.942890293094024e-16,1.1102230246251565e-16
lgbm,13440,61708.0,32398.49479,-3793.14665,0.5250290852077526,-0.061469285181824,0.6936112033648762,0.6290503650460788,480,0,volume_group,high,validation,0.5250290852077519,-0.061469285181824,61708.0,0.6936112033648758,both,6.661338147750939e-16,0.0,4.440892098500626e-16
lgbm,6720,3014.0,3527.16161,81.96001,1.1702593264764434,0.027193102189781,0.5951510355762453,0.6016493624123367,240,0,volume_group,low,validation,1.1702593264764445,0.027193102189781,3014.0,0.5951510355762454,both,1.1102230246251565e-15,0.0,1.1102230246251565e-16
lgbm,13440,14765.0,12193.81195,-862.58727,0.8258592583813071,-0.05842108161192,0.6926796832176577,0.6498576282472865,480,0,volume_group,medium,validation,0.8258592583813095,-0.0584210816119198,14765.0,0.6926796832176577,both,2.3314683517128287e-15,2.0122792321330962e-16,0.0
snaive,33600,79487.0,59943.0,-1791.0,0.7541233157623259,-0.0225319863625498,0.88910154762522,0.8653666154988502,1200,0,all,all,validation,0.7541233157623259,-0.0225319863625498,79487.0,0.8891015476252194,both,0.0,0.0,5.551115123125783e-16
snaive,17136,44418.0,33464.0,-1934.0,0.7533882660182809,-0.0435409068395695,0.8486632541382476,0.8214586785877467,612,0,cat_id,FOODS,validation,0.7533882660182809,-0.0435409068395695,44418.0,0.8486632541382476,both,0.0,0.0,0.0
snaive,16464,35069.0,26479.0,143.0,0.7550543214805099,0.0040776754398471,0.9311903837034974,0.8927492352046802,588,0,cat_id,HOUSEHOLD,validation,0.7550543214805099,0.0040776754398471,35069.0,0.931190383703497,both,0.0,0.0,3.3306690738754696e-16
snaive,13608,35572.0,25328.0,-1336.0,0.7120206904306758,-0.0375576295963117,0.9268752120874378,0.8766745259374222,486,0,pattern_group,frequent,validation,0.7120206904306758,-0.0375576295963117,35572.0,0.9268752120874376,both,0.0,0.0,2.220446049250313e-16
snaive,19992,43915.0,34615.0,-455.0,0.7882272572014118,-0.0103609245132642,0.863390061730769,0.8539815306159196,714,0,pattern_group,irregular,validation,0.7882272572014118,-0.0103609245132642,43915.0,0.8633900617307693,both,0.0,0.0,2.220446049250313e-16
snaive,16800,48526.0,35208.0,-894.0,0.7255491901248815,-0.0184231133825165,0.9285196016088968,0.908971153199538,600,0,store_id,CA_1,validation,0.7255491901248815,-0.0184231133825165,48526.0,0.9285196016088968,both,0.0,0.0,0.0
snaive,16800,30961.0,24735.0,-897.0,0.798908303995349,-0.028971932431123,0.8496834936415432,0.8211604747297252,600,0,store_id,TX_1,validation,0.798908303995349,-0.028971932431123,30961.0,0.8496834936415428,both,0.0,0.0,3.3306690738754696e-16
snaive,13440,61708.0,40864.0,-1252.0,0.6622155960329292,-0.0202891035198029,0.8991683044058411,0.8441775733167467,480,0,volume_group,high,validation,0.6622155960329292,-0.0202891035198029,61708.0,0.8991683044058411,both,0.0,0.0,0.0
snaive,6720,3014.0,3920.0,-22.0,1.3005972130059722,-0.0072992700729927,0.7878065323778553,0.8160564371652951,240,0,volume_group,low,validation,1.3005972130059722,-0.0072992700729927,3014.0,0.7878065323778553,both,0.0,0.0,0.0
snaive,13440,14765.0,15159.0,-517.0,1.0266847273958686,-0.0350152387402641,0.9296822984682812,0.8956380176246195,480,0,volume_group,medium,validation,1.0266847273958686,-0.0350152387402641,14765.0,0.9296822984682814,both,0.0,0.0,2.220446049250313e-16
