period,model,segment_type,segment,wape,bias,actual_units,mean_rmsse
holdout,ets,all,all,0.5859141637179773,-0.06821814280785556,15005.0,0.7455886753060681
holdout,lgbm,all,all,0.5788999517066322,-0.04939072163937959,15005.0,0.7332905224405778
holdout,snaive,all,all,0.6798400533155615,-0.10643118960346551,15005.0,0.9321688520219218
holdout,ets,cat_id,FOODS,0.5440926262959586,-0.1136787114678872,9371.0,0.7622291188130184
holdout,lgbm,cat_id,FOODS,0.5338470280271175,-0.11239587457270585,9371.0,0.7476191234651924
holdout,snaive,cat_id,FOODS,0.6429409881549462,-0.12495998292604844,9371.0,0.9537936506429121
holdout,ets,cat_id,HOUSEHOLD,0.6554756878893879,0.0073961612235909835,5634.0,0.7282690300233241
holdout,lgbm,cat_id,HOUSEHOLD,0.6538362221717957,0.055405389141273985,5634.0,0.7183770805578158
holdout,snaive,cat_id,HOUSEHOLD,0.7412140575079872,-0.07561235356762513,5634.0,0.9096614085592577
holdout,ets,pattern_group,frequent,0.5083750025341454,-0.051972714129441856,6474.0,0.7246543621790605
holdout,lgbm,pattern_group,frequent,0.4939419412350193,-0.03850959930130552,6474.0,0.7005983828482654
holdout,snaive,pattern_group,frequent,0.597775718257646,-0.09545875810936053,6474.0,0.9061404209000022
holdout,ets,pattern_group,irregular,0.644757034366685,-0.08054646366872029,8531.0,0.7598380817202498
holdout,lgbm,pattern_group,irregular,0.6433728341111827,-0.05764818102476125,8531.0,0.7555431552723197
holdout,snaive,pattern_group,irregular,0.7421169851131169,-0.11475794162466299,8531.0,0.9498856832897827
holdout,ets,store_id,CA_1,0.5660981167595734,-0.036690138455522235,9208.0,0.7840022744969868
holdout,lgbm,store_id,CA_1,0.5614443038401373,-0.007539339114135146,9208.0,0.770039124216061
holdout,snaive,store_id,CA_1,0.6646394439617723,-0.0686359687228497,9208.0,0.977485730298564
holdout,ets,store_id,TX_1,0.6173901272151257,-0.1182974707492531,5797.0,0.7071750761151495
holdout,lgbm,store_id,TX_1,0.6066266388818413,-0.11586778396341788,5797.0,0.6965419206650946
holdout,snaive,store_id,TX_1,0.7039848197343453,-0.16646541314473004,5797.0,0.8868519737452791
holdout,ets,volume_group,high,0.5046937444846119,-0.06716934832841241,11574.0,0.7342414988825331
holdout,lgbm,volume_group,high,0.4973834962798643,-0.04189131156493967,11574.0,0.7094611023686201
holdout,snaive,volume_group,high,0.5814757214446172,-0.11180231553481942,11574.0,0.8783855121358499
holdout,ets,volume_group,low,1.0246118557011343,-0.16895729374474705,640.0,0.6835188700698918
holdout,lgbm,volume_group,low,1.0239004256009898,-0.1532213035529517,640.0,0.6824071694616568
holdout,snaive,volume_group,low,1.25625,-0.125,640.0,0.8975656458296072
holdout,ets,volume_group,medium,0.8221300753402365,-0.049467046679390406,2791.0,0.7879707543476917
holdout,lgbm,volume_group,medium,0.814898214629246,-0.056680796801285745,2791.0,0.7825616190019962
holdout,snaive,volume_group,medium,0.9555714797563597,-0.07989967753493371,2791.0,1.0032537950041505
validation,ets,all,all,0.6260104857398076,-0.010982859083875383,79487.0,0.6876315198638137
validation,lgbm,all,all,0.6053753236378286,-0.05754115654132159,79487.0,0.6735465617482639
validation,snaive,all,all,0.7541233157623259,-0.02253198636254985,79487.0,0.8891015476252194
validation,ets,cat_id,FOODS,0.6372302746634203,-0.03100856499617333,44418.0,0.6644825466378065
validation,lgbm,cat_id,FOODS,0.6106552408933329,-0.08630461051825877,44418.0,0.6489606278235618
validation,snaive,cat_id,FOODS,0.7533882660182809,-0.04354090683956954,44418.0,0.8486632541382476
validation,ets,cat_id,HOUSEHOLD,0.6117996275913189,0.014381474236505036,35069.0,0.7117253491398613
validation,lgbm,cat_id,HOUSEHOLD,0.5986878399726269,-0.021109690039636097,35069.0,0.6991360031800937
validation,snaive,cat_id,HOUSEHOLD,0.7550543214805099,0.004077675439847158,35069.0,0.931190383703497
validation,ets,pattern_group,frequent,0.5831531198695604,-0.01668930507140477,35572.0,0.7143655153168897
validation,lgbm,pattern_group,frequent,0.5613910944000906,-0.06669286658045663,35572.0,0.6953489474060576
validation,snaive,pattern_group,frequent,0.7120206904306758,-0.037557629596311704,35572.0,0.9268752120874376
validation,ets,pattern_group,irregular,0.6607257816235941,-0.006360527382443425,43915.0,0.6694344305218035
validation,lgbm,pattern_group,irregular,0.6410034006603679,-0.05012809427302747,43915.0,0.6587062824349736
validation,snaive,pattern_group,irregular,0.7882272572014118,-0.01036092451326426,43915.0,0.8633900617307693
validation,ets,store_id,CA_1,0.5979657651568201,-0.023838124716646834,48526.0,0.7134469139881927
validation,lgbm,store_id,CA_1,0.5786182403247759,-0.059622349462144154,48526.0,0.6991708215483879
validation,snaive,store_id,CA_1,0.7255491901248815,-0.01842311338251659,48526.0,0.9285196016088969
validation,ets,store_id,TX_1,0.66996572332935,0.009165541164690351,30961.0,0.6618161257394344
validation,lgbm,store_id,TX_1,0.6473124130357569,-0.05427924744032832,30961.0,0.647922301948137
validation,snaive,store_id,TX_1,0.798908303995349,-0.028971932431123025,30961.0,0.8496834936415428
validation,ets,volume_group,high,0.5456101604330066,-0.01134544694367003,61708.0,0.7103666238797904
validation,lgbm,volume_group,high,0.5250290852077519,-0.061469285181824054,61708.0,0.6936112033648758
validation,snaive,volume_group,high,0.6622155960329292,-0.020289103519802943,61708.0,0.8991683044058411
validation,ets,volume_group,low,1.1724879163901762,0.010758619774385995,3014.0,0.5977545736787123
validation,lgbm,volume_group,low,1.1702593264764443,0.02719310218978107,3014.0,0.5951510355762454
validation,snaive,volume_group,low,1.3005972130059722,-0.0072992700729927005,3014.0,0.7878065323778553
validation,ets,volume_group,medium,0.8504778272942739,-0.0139055983745345,14765.0,0.7098348889403873
validation,lgbm,volume_group,medium,0.8258592583813095,-0.05842108161191982,14765.0,0.6926796832176577
validation,snaive,volume_group,medium,1.0266847273958686,-0.03501523874026414,14765.0,0.9296822984682814
