period,rule,K,weeks,captured_ae_mean,captured_ae_sd,captured_ne_mean,precision,recall
holdout,recent_error,1,4,0.039076717006252704,0.011944051845486772,0.00333047445567869,0.0,0.0
holdout,uncertainty,1,4,0.039076717006252704,0.011944051845486772,0.00333047445567869,0.0,0.0
holdout,proposed_median_0.2_0.1_0.7,1,4,0.039076717006252704,0.011944051845486772,0.00333047445567869,0.0,0.0
holdout,bias,1,4,0.03220091036191103,0.013245721017641526,0.0041292636820906515,0.0,0.0
holdout,volume,1,4,0.029551138791568864,0.023379324324974422,0.002704822740388105,0.0,0.0
holdout,recent_error_norm,1,4,0.005720332170076643,0.000424047343760772,0.010400724216368572,1.0,0.052736185383244205
holdout,proposed_median_0.2_0.1_0.7,5,4,0.1341801197965275,0.024809849714034226,0.025331890309592733,0.15000000000000002,0.0374331550802139
holdout,volume,5,4,0.12990264920762518,0.027758948175061693,0.023804364427019088,0.1,0.02606951871657754
holdout,uncertainty,5,4,0.1279535244233541,0.024123460585432927,0.02375053471083111,0.1,0.022727272727272728
holdout,recent_error,5,4,0.1277486610503783,0.011708191138511057,0.032317579092065375,0.25,0.06880570409982174
holdout,bias,5,4,0.08592880732853041,0.013303064147849576,0.03003346341281762,0.25,0.06744206773618538
holdout,recent_error_norm,5,4,0.038431430052320706,0.01426586033929598,0.04712824039304728,0.6,0.15624777183600713
holdout,volume,10,4,0.21781897392669697,0.019221292610459954,0.056347468356336416,0.15,0.08016934046345811
holdout,proposed_median_0.2_0.1_0.7,10,4,0.21555142340537256,0.013750453309069127,0.05500941870884844,0.125,0.06350267379679145
holdout,uncertainty,10,4,0.21498580026680691,0.014861820623017696,0.05416747699595753,0.125,0.06350267379679145
holdout,recent_error,10,4,0.21207465308113999,0.02931762276423832,0.05742557172855571,0.15,0.08016934046345811
holdout,bias,10,4,0.15212590398955306,0.026621789279757852,0.0602339841061014,0.22500000000000003,0.11819964349376114
holdout,recent_error_norm,10,4,0.07417565904712464,0.012445779782418395,0.08903416621425257,0.5249999999999999,0.26641711229946524
validation,uncertainty,1,35,0.06436247766548858,0.02735736079060219,0.005711620706445042,0.11428571428571428,0.006128633271490414
validation,proposed_median_0.2_0.1_0.7,1,35,0.06172387406171739,0.025194597031021965,0.00569924681187133,0.11428571428571428,0.006128633271490414
validation,recent_error,1,35,0.06041382716359592,0.026825014219734787,0.0059047621677819654,0.14285714285714285,0.007914347557204701
validation,volume,1,35,0.05060615077239372,0.03039110902995658,0.004952673379454907,0.08571428571428572,0.0040878169449598024
validation,bias,1,35,0.050590685233252435,0.028650544098385845,0.0053964404810547695,0.14285714285714285,0.007715934858792
validation,recent_error_norm,1,35,0.009816155281632115,0.009771018736425411,0.013766611836809422,0.7428571428571429,0.04250768335441335
validation,proposed_median_0.2_0.1_0.7,5,35,0.16442544975226583,0.03259011882415629,0.02668519837266721,0.09714285714285717,0.027408357282306863
validation,uncertainty,5,35,0.16081575389253946,0.03322608030988396,0.025253830810954985,0.08000000000000002,0.023252513126462707
validation,recent_error,5,35,0.159981080795505,0.034610269274671694,0.028697873468023046,0.12000000000000005,0.035562437096050545
validation,volume,5,35,0.15600034380424982,0.034510553499206356,0.026224764702675523,0.08571428571428573,0.025597046899567905
validation,bias,5,35,0.13864192248042675,0.043408895589573906,0.029076039150926953,0.1314285714285715,0.038925369884449175
validation,recent_error_norm,5,35,0.039438080566657076,0.018106590093954187,0.05887472736517484,0.6000000000000001,0.1801792807592954
validation,proposed_median_0.2_0.1_0.7,10,35,0.23614734858720923,0.03154504369415702,0.055004740858125165,0.08857142857142859,0.050629868108859714
validation,uncertainty,10,35,0.23535256801845178,0.03159861921767086,0.053090455213794116,0.08000000000000002,0.04476570426150258
validation,volume,10,35,0.23410021009875734,0.03410942386206386,0.05648319488119722,0.09714285714285718,0.057095383607988645
validation,recent_error,10,35,0.2323204829096149,0.03474999921446185,0.05553586041977957,0.0885714285714286,0.052099496364202254
validation,bias,10,35,0.20883346159243477,0.03252420183960959,0.0573767673208087,0.13714285714285715,0.08272920630702874
validation,recent_error_norm,10,35,0.07155674503954257,0.02355342902607555,0.1008757259316193,0.48285714285714293,0.292123540237351
