origin,asof_date,period,label
1668,2015-08-23,Validation,2015-08-23 (Validation)
1675,2015-08-30,Validation,2015-08-30 (Validation)
1682,2015-09-06,Validation,2015-09-06 (Validation)
1689,2015-09-13,Validation,2015-09-13 (Validation)
1696,2015-09-20,Validation,2015-09-20 (Validation)
1703,2015-09-27,Validation,2015-09-27 (Validation)
1710,2015-10-04,Validation,2015-10-04 (Validation)
1717,2015-10-11,Validation,2015-10-11 (Validation)
1724,2015-10-18,Validation,2015-10-18 (Validation)
1731,2015-10-25,Validation,2015-10-25 (Validation)
1738,2015-11-01,Validation,2015-11-01 (Validation)
1745,2015-11-08,Validation,2015-11-08 (Validation)
1752,2015-11-15,Validation,2015-11-15 (Validation)
1759,2015-11-22,Validation,2015-11-22 (Validation)
1766,2015-11-29,Validation,2015-11-29 (Validation)
1773,2015-12-06,Validation,2015-12-06 (Validation)
1780,2015-12-13,Validation,2015-12-13 (Validation)
1787,2015-12-20,Validation,2015-12-20 (Validation)
1794,2015-12-27,Validation,2015-12-27 (Validation)
1801,2016-01-03,Validation,2016-01-03 (Validation)
1808,2016-01-10,Validation,2016-01-10 (Validation)
1815,2016-01-17,Validation,2016-01-17 (Validation)
1822,2016-01-24,Validation,2016-01-24 (Validation)
1829,2016-01-31,Validation,2016-01-31 (Validation)
1836,2016-02-07,Validation,2016-02-07 (Validation)
1843,2016-02-14,Validation,2016-02-14 (Validation)
1850,2016-02-21,Validation,2016-02-21 (Validation)
1857,2016-02-28,Validation,2016-02-28 (Validation)
1864,2016-03-06,Validation,2016-03-06 (Validation)
1871,2016-03-13,Validation,2016-03-13 (Validation)
1878,2016-03-20,Validation,2016-03-20 (Validation)
1885,2016-03-27,Validation,2016-03-27 (Validation)
1892,2016-04-03,Validation,2016-04-03 (Validation)
1899,2016-04-10,Validation,2016-04-10 (Validation)
1906,2016-04-17,Validation,2016-04-17 (Validation)
1913,2016-04-24,Holdout,2016-04-24 (Holdout)
1920,2016-05-01,Holdout,2016-05-01 (Holdout)
1927,2016-05-08,Holdout,2016-05-08 (Holdout)
1934,2016-05-15,Holdout,2016-05-15 (Holdout)
