event,event_type,occurrences,avg_units_on_event_day,avg_units_same_weekday_nearby,lift_vs_nearby_same_weekday
Christmas,National,5,15.6,31070.7,-0.9994919726584636
Thanksgiving,National,5,21130.0,29397.075,-0.2770198554614866
Mothers day,Cultural,6,36111.0,41941.465277777774,-0.1399036597361446
Easter,Cultural,5,39517.6,44795.125,-0.1171311592757005
Halloween,Cultural,5,30059.4,33166.7,-0.0992864798467743
Fathers day,Cultural,4,36562.0,39900.96875,-0.0842474770360834
NewYear,National,5,25768.4,28171.25,-0.0824662226153769
ValentinesDay,Cultural,6,33495.666666666664,34971.65277777778,-0.0407015192652346
Eid al-Fitr,Religious,5,35267.6,36062.25,-0.029977230250801
StPatricksDay,Cultural,6,33459.666666666664,34512.916666666664,-0.0278702263494367
IndependenceDay,National,5,33710.8,34686.925,-0.0209123196605182
Pesach End,Religious,6,36280.0,36704.4375,-0.0170163346394863
SuperBowl,Sporting,6,40924.0,41648.1875,-0.0119869459066809
NBAFinalsEnd,Sporting,5,33564.2,34033.175,-0.0107542594199362
OrthodoxEaster,Religious,5,41228.0,41094.18571428572,-0.0075805436393927
MemorialDay,National,5,32699.6,32784.5,-0.0050970861349088
Purim End,Religious,6,35957.0,36166.1875,-0.0039850434793039
MartinLutherKingDay,National,5,33378.6,33302.5,0.0034413123706371
LentWeek2,Religious,6,29747.0,29557.854166666668,0.0081233528611481
Ramadan starts,Religious,5,34779.6,34725.3,0.0106862157719338
EidAlAdha,Religious,5,34504.0,34074.45,0.0113552655195792
OrthodoxChristmas,Religious,5,33344.2,32565.175,0.0235032759110265
NBAFinalsStart,Sporting,5,31874.4,30696.35,0.0288494034671742
Chanukah End,Religious,5,33426.8,32162.6,0.0382820931706864
Cinco De Mayo,Cultural,5,34411.4,32992.6,0.041913328294711
LentStart,Religious,6,30727.0,29169.1875,0.0517114512539229
VeteransDay,National,5,35118.8,32877.25,0.0668652268432139
PresidentsDay,National,6,34446.333333333336,32083.625,0.0669861810913106
ColumbusDay,National,5,35164.8,32454.55,0.0850405008498582
LaborDay,National,5,42154.6,33466.45,0.255704540266596
