year,month,month_start,state_id,cat_id,avg_daily_units
2011,1,2011-01-01,CA,HOBBIES,1611.6666666666667
2011,1,2011-01-01,CA,HOUSEHOLD,2122.0
2011,1,2011-01-01,TX,HOBBIES,758.3333333333334
2011,1,2011-01-01,TX,HOUSEHOLD,1521.3333333333333
2011,1,2011-01-01,WI,HOBBIES,897.6666666666666
2011,1,2011-01-01,WI,HOUSEHOLD,1440.0
2011,1,2011-01-01,CA,FOODS,8969.0
2011,1,2011-01-01,TX,FOODS,6335.666666666667
2011,1,2011-01-01,WI,FOODS,5732.0
2011,2,2011-02-01,CA,HOBBIES,1422.321428571429
2011,2,2011-02-01,CA,HOUSEHOLD,1971.5357142857144
2011,2,2011-02-01,TX,FOODS,5541.035714285715
2011,2,2011-02-01,WI,HOBBIES,703.7142857142857
2011,2,2011-02-01,WI,HOUSEHOLD,1233.107142857143
2011,2,2011-02-01,TX,HOBBIES,636.8928571428571
2011,2,2011-02-01,TX,HOUSEHOLD,1394.0357142857142
2011,2,2011-02-01,CA,FOODS,7966.892857142857
2011,2,2011-02-01,WI,FOODS,5072.428571428572
2011,3,2011-03-01,CA,FOODS,7495.870967741936
2011,3,2011-03-01,TX,HOBBIES,596.741935483871
2011,3,2011-03-01,TX,HOUSEHOLD,1351.6774193548388
2011,3,2011-03-01,WI,FOODS,4444.548387096775
2011,3,2011-03-01,CA,HOBBIES,1403.2903225806451
2011,3,2011-03-01,CA,HOUSEHOLD,2058.1935483870966
2011,3,2011-03-01,TX,FOODS,5314.870967741936
2011,3,2011-03-01,WI,HOUSEHOLD,1266.3225806451612
2011,3,2011-03-01,WI,HOBBIES,699.6774193548387
2011,4,2011-04-01,CA,FOODS,7439.2
2011,4,2011-04-01,TX,HOBBIES,664.9
2011,4,2011-04-01,TX,HOUSEHOLD,1386.2333333333331
2011,4,2011-04-01,WI,FOODS,4241.5
2011,4,2011-04-01,CA,HOBBIES,1452.3
2011,4,2011-04-01,CA,HOUSEHOLD,2141.9666666666667
2011,4,2011-04-01,TX,FOODS,5304.9
2011,4,2011-04-01,WI,HOBBIES,756.1
2011,4,2011-04-01,WI,HOUSEHOLD,1203.3333333333333
2011,5,2011-05-01,CA,HOBBIES,1415.4193548387098
2011,5,2011-05-01,CA,HOUSEHOLD,2063.967741935484
2011,5,2011-05-01,TX,HOBBIES,690.2258064516129
2011,5,2011-05-01,TX,HOUSEHOLD,1323.4193548387098
2011,5,2011-05-01,WI,HOBBIES,714.1290322580645
2011,5,2011-05-01,WI,HOUSEHOLD,1141.516129032258
2011,5,2011-05-01,CA,FOODS,6893.709677419355
2011,5,2011-05-01,TX,FOODS,5135.387096774193
2011,5,2011-05-01,WI,FOODS,3833.903225806452
2011,6,2011-06-01,CA,HOUSEHOLD,2178.5333333333333
2011,6,2011-06-01,CA,HOBBIES,1430.4
2011,6,2011-06-01,TX,HOBBIES,689.4666666666667
2011,6,2011-06-01,TX,HOUSEHOLD,1356.5666666666666
2011,6,2011-06-01,WI,FOODS,4230.3
2011,6,2011-06-01,CA,FOODS,7489.333333333333
2011,6,2011-06-01,TX,FOODS,5809.066666666667
2011,6,2011-06-01,WI,HOBBIES,697.4666666666667
2011,6,2011-06-01,WI,HOUSEHOLD,1231.5333333333333
2011,7,2011-07-01,CA,HOUSEHOLD,2372.967741935484
2011,7,2011-07-01,CA,HOBBIES,1460.967741935484
2011,7,2011-07-01,TX,FOODS,6114.354838709677
2011,7,2011-07-01,WI,FOODS,4568.354838709677
2011,7,2011-07-01,CA,FOODS,7849.387096774193
2011,7,2011-07-01,TX,HOBBIES,733.483870967742
2011,7,2011-07-01,TX,HOUSEHOLD,1414.354838709677
2011,7,2011-07-01,WI,HOBBIES,701.3870967741935
2011,7,2011-07-01,WI,HOUSEHOLD,1230.548387096774
2011,8,2011-08-01,CA,HOUSEHOLD,2463.3548387096776
2011,8,2011-08-01,CA,HOBBIES,1404.354838709677
2011,8,2011-08-01,TX,HOBBIES,666.2258064516129
2011,8,2011-08-01,TX,HOUSEHOLD,1453.5806451612902
2011,8,2011-08-01,WI,FOODS,4376.774193548387
2011,8,2011-08-01,CA,FOODS,7791.516129032258
2011,8,2011-08-01,TX,FOODS,6546.290322580645
2011,8,2011-08-01,WI,HOUSEHOLD,1262.548387096774
2011,8,2011-08-01,WI,HOBBIES,670.6451612903226
2011,9,2011-09-01,CA,HOBBIES,1336.4666666666667
2011,9,2011-09-01,CA,HOUSEHOLD,2466.333333333333
2011,9,2011-09-01,TX,HOBBIES,635.4333333333333
2011,9,2011-09-01,TX,HOUSEHOLD,1512.2333333333331
2011,9,2011-09-01,WI,FOODS,4532.533333333334
2011,9,2011-09-01,CA,FOODS,8240.333333333334
2011,9,2011-09-01,TX,FOODS,6391.366666666667
2011,9,2011-09-01,WI,HOUSEHOLD,1334.7333333333331
2011,9,2011-09-01,WI,HOBBIES,673.3333333333334
2011,10,2011-10-01,CA,HOUSEHOLD,2530.483870967742
2011,10,2011-10-01,CA,HOBBIES,1426.967741935484
2011,10,2011-10-01,TX,HOBBIES,712.483870967742
2011,10,2011-10-01,TX,HOUSEHOLD,1563.3225806451612
2011,10,2011-10-01,WI,HOBBIES,710.1290322580645
2011,10,2011-10-01,WI,HOUSEHOLD,1318.4193548387098
2011,10,2011-10-01,CA,FOODS,9150.064516129032
2011,10,2011-10-01,TX,FOODS,6638.741935483871
2011,10,2011-10-01,WI,FOODS,4924.967741935484
2011,11,2011-11-01,CA,FOODS,8740.933333333332
2011,11,2011-11-01,TX,HOBBIES,665.2
2011,11,2011-11-01,TX,HOUSEHOLD,1508.0333333333333
2011,11,2011-11-01,WI,HOBBIES,696.8333333333334
2011,11,2011-11-01,WI,HOUSEHOLD,1219.3333333333333
2011,11,2011-11-01,CA,HOBBIES,1315.4333333333334
2011,11,2011-11-01,CA,HOUSEHOLD,2321.5
2011,11,2011-11-01,TX,FOODS,6127.766666666666
2011,11,2011-11-01,WI,FOODS,4841.2
2011,12,2011-12-01,CA,FOODS,9300.870967741936
2011,12,2011-12-01,TX,FOODS,6390.5161290322585
2011,12,2011-12-01,WI,HOBBIES,736.6451612903226
2011,12,2011-12-01,WI,HOUSEHOLD,1187.645161290323
2011,12,2011-12-01,CA,HOBBIES,1405.8709677419354
2011,12,2011-12-01,TX,HOBBIES,676.7096774193549
2011,12,2011-12-01,TX,HOUSEHOLD,1444.1612903225807
2011,12,2011-12-01,CA,HOUSEHOLD,2190.516129032258
2011,12,2011-12-01,WI,FOODS,5289.580645161291
2012,1,2012-01-01,CA,FOODS,9380.387096774191
2012,1,2012-01-01,TX,HOBBIES,659.3225806451613
2012,1,2012-01-01,TX,HOUSEHOLD,1538.741935483871
2012,1,2012-01-01,WI,FOODS,5332.0
2012,1,2012-01-01,CA,HOBBIES,1343.774193548387
2012,1,2012-01-01,CA,HOUSEHOLD,2288.064516129032
2012,1,2012-01-01,TX,FOODS,6363.741935483871
2012,1,2012-01-01,WI,HOBBIES,670.6774193548387
2012,1,2012-01-01,WI,HOUSEHOLD,1241.8387096774193
2012,2,2012-02-01,CA,FOODS,10049.655172413792
2012,2,2012-02-01,TX,FOODS,6711.137931034483
2012,2,2012-02-01,WI,FOODS,5582.068965517241
2012,2,2012-02-01,TX,HOBBIES,730.8620689655172
2012,2,2012-02-01,CA,HOBBIES,1407.2758620689656
2012,2,2012-02-01,TX,HOUSEHOLD,1783.3103448275865
2012,2,2012-02-01,CA,HOUSEHOLD,2525.4827586206898
2012,2,2012-02-01,WI,HOUSEHOLD,1478.4137931034484
2012,2,2012-02-01,WI,HOBBIES,696.9655172413793
2012,3,2012-03-01,CA,FOODS,10414.709677419354
2012,3,2012-03-01,WI,HOUSEHOLD,1498.9032258064517
2012,3,2012-03-01,TX,FOODS,7130.258064516129
2012,3,2012-03-01,WI,HOBBIES,722.1612903225806
2012,3,2012-03-01,TX,HOBBIES,705.5483870967741
2012,3,2012-03-01,CA,HOBBIES,1427.3225806451612
2012,3,2012-03-01,TX,HOUSEHOLD,1796.1290322580646
2012,3,2012-03-01,CA,HOUSEHOLD,2674.709677419354
2012,3,2012-03-01,WI,FOODS,5465.548387096775
2012,4,2012-04-01,CA,HOBBIES,1385.9333333333334
2012,4,2012-04-01,CA,HOUSEHOLD,2532.766666666667
2012,4,2012-04-01,TX,HOBBIES,742.7333333333333
2012,4,2012-04-01,TX,HOUSEHOLD,1772.6
2012,4,2012-04-01,WI,HOUSEHOLD,1340.8
2012,4,2012-04-01,WI,HOBBIES,687.9666666666667
2012,4,2012-04-01,CA,FOODS,10447.866666666669
2012,4,2012-04-01,TX,FOODS,7355.433333333333
2012,4,2012-04-01,WI,FOODS,5229.166666666667
2012,5,2012-05-01,CA,FOODS,10658.41935483871
2012,5,2012-05-01,TX,HOBBIES,686.3548387096774
2012,5,2012-05-01,TX,HOUSEHOLD,1684.0967741935483
2012,5,2012-05-01,WI,HOUSEHOLD,1335.225806451613
2012,5,2012-05-01,WI,HOBBIES,654.3548387096774
2012,5,2012-05-01,CA,HOBBIES,1171.741935483871
2012,5,2012-05-01,CA,HOUSEHOLD,2447.1935483870966
2012,5,2012-05-01,TX,FOODS,7588.677419354839
2012,5,2012-05-01,WI,FOODS,5959.290322580645
2012,6,2012-06-01,CA,HOBBIES,1456.5333333333333
2012,6,2012-06-01,CA,HOUSEHOLD,3139.733333333333
2012,6,2012-06-01,TX,HOBBIES,791.5
2012,6,2012-06-01,WI,HOUSEHOLD,1854.7333333333331
2012,6,2012-06-01,TX,HOUSEHOLD,2136.5333333333333
2012,6,2012-06-01,WI,HOBBIES,787.5
2012,6,2012-06-01,CA,FOODS,11198.6
2012,6,2012-06-01,TX,FOODS,7964.633333333333
2012,6,2012-06-01,WI,FOODS,7190.533333333334
2012,7,2012-07-01,CA,HOBBIES,1320.967741935484
2012,7,2012-07-01,CA,HOUSEHOLD,3169.3870967741937
2012,7,2012-07-01,TX,FOODS,7379.483870967741
2012,7,2012-07-01,WI,FOODS,7010.129032258064
2012,7,2012-07-01,CA,FOODS,10758.741935483871
2012,7,2012-07-01,TX,HOBBIES,713.483870967742
2012,7,2012-07-01,TX,HOUSEHOLD,2034.3225806451608
2012,7,2012-07-01,WI,HOUSEHOLD,1800.741935483871
2012,7,2012-07-01,WI,HOBBIES,676.516129032258
2012,8,2012-08-01,CA,FOODS,11219.41935483871
2012,8,2012-08-01,WI,HOUSEHOLD,2066.3548387096776
2012,8,2012-08-01,TX,FOODS,7658.774193548387
2012,8,2012-08-01,WI,HOBBIES,602.3225806451613
2012,8,2012-08-01,TX,HOBBIES,674.741935483871
2012,8,2012-08-01,CA,HOUSEHOLD,3359.4193548387098
2012,8,2012-08-01,TX,HOUSEHOLD,2290.6451612903224
2012,8,2012-08-01,CA,HOBBIES,1127.8064516129032
2012,8,2012-08-01,WI,FOODS,6574.064516129032
2012,9,2012-09-01,CA,FOODS,10695.7
2012,9,2012-09-01,TX,HOBBIES,682.0666666666667
2012,9,2012-09-01,WI,HOUSEHOLD,2218.8
2012,9,2012-09-01,TX,HOUSEHOLD,2727.1666666666665
2012,9,2012-09-01,WI,HOBBIES,637.6
2012,9,2012-09-01,CA,HOBBIES,1158.8
2012,9,2012-09-01,CA,HOUSEHOLD,3548.4333333333334
2012,9,2012-09-01,TX,FOODS,7205.6
2012,9,2012-09-01,WI,FOODS,6604.633333333333
2012,10,2012-10-01,CA,HOUSEHOLD,3254.6129032258063
2012,10,2012-10-01,CA,HOBBIES,1147.0645161290322
2012,10,2012-10-01,TX,HOBBIES,685.0967741935484
2012,10,2012-10-01,WI,HOUSEHOLD,1873.1290322580649
2012,10,2012-10-01,TX,HOUSEHOLD,2364.8064516129034
2012,10,2012-10-01,WI,HOBBIES,592.0
2012,10,2012-10-01,CA,FOODS,9568.451612903224
2012,10,2012-10-01,TX,FOODS,6801.129032258064
2012,10,2012-10-01,WI,FOODS,6175.258064516129
2012,11,2012-11-01,CA,FOODS,8985.166666666666
2012,11,2012-11-01,TX,HOBBIES,637.1333333333333
2012,11,2012-11-01,TX,HOUSEHOLD,2167.5
2012,11,2012-11-01,WI,FOODS,7066.766666666666
2012,11,2012-11-01,CA,HOBBIES,1066.8666666666666
2012,11,2012-11-01,CA,HOUSEHOLD,2998.866666666667
2012,11,2012-11-01,TX,FOODS,6459.766666666666
2012,11,2012-11-01,WI,HOUSEHOLD,1999.6666666666667
2012,11,2012-11-01,WI,HOBBIES,641.0666666666667
2012,12,2012-12-01,CA,HOUSEHOLD,2956.1290322580644
2012,12,2012-12-01,CA,HOBBIES,1103.7096774193549
2012,12,2012-12-01,TX,HOBBIES,651.8064516129032
2012,12,2012-12-01,TX,HOUSEHOLD,2262.3870967741937
2012,12,2012-12-01,WI,FOODS,7505.451612903225
2012,12,2012-12-01,CA,FOODS,9354.387096774191
2012,12,2012-12-01,TX,FOODS,6869.709677419355
2012,12,2012-12-01,WI,HOUSEHOLD,1894.6129032258063
2012,12,2012-12-01,WI,HOBBIES,642.1935483870968
2013,1,2013-01-01,CA,FOODS,9387.354838709678
2013,1,2013-01-01,TX,FOODS,6380.870967741936
2013,1,2013-01-01,WI,FOODS,7337.741935483871
2013,1,2013-01-01,CA,HOBBIES,1254.4193548387098
2013,1,2013-01-01,TX,HOBBIES,682.0
2013,1,2013-01-01,CA,HOUSEHOLD,2865.322580645161
2013,1,2013-01-01,TX,HOUSEHOLD,2170.967741935484
2013,1,2013-01-01,WI,HOBBIES,631.1935483870968
2013,1,2013-01-01,WI,HOUSEHOLD,1824.3225806451608
2013,2,2013-02-01,CA,FOODS,9601.642857142857
2013,2,2013-02-01,TX,HOBBIES,846.75
2013,2,2013-02-01,TX,HOUSEHOLD,2788.6071428571427
2013,2,2013-02-01,WI,FOODS,7883.25
2013,2,2013-02-01,CA,HOBBIES,1628.857142857143
2013,2,2013-02-01,CA,HOUSEHOLD,3230.035714285714
2013,2,2013-02-01,TX,FOODS,7001.214285714285
2013,2,2013-02-01,WI,HOBBIES,789.5357142857143
2013,2,2013-02-01,WI,HOUSEHOLD,2325.1071428571427
2013,3,2013-03-01,CA,FOODS,9852.225806451614
2013,3,2013-03-01,TX,HOBBIES,831.8709677419355
2013,3,2013-03-01,WI,HOBBIES,781.8709677419355
2013,3,2013-03-01,WI,HOUSEHOLD,2227.548387096774
2013,3,2013-03-01,TX,HOUSEHOLD,2637.7419354838707
2013,3,2013-03-01,CA,HOBBIES,1500.258064516129
2013,3,2013-03-01,CA,HOUSEHOLD,3577.032258064516
2013,3,2013-03-01,TX,FOODS,6983.354838709677
2013,3,2013-03-01,WI,FOODS,7658.741935483871
2013,4,2013-04-01,CA,FOODS,9708.1
2013,4,2013-04-01,WI,HOBBIES,817.0333333333333
2013,4,2013-04-01,WI,HOUSEHOLD,2009.1
2013,4,2013-04-01,TX,FOODS,6398.233333333334
2013,4,2013-04-01,CA,HOUSEHOLD,3704.633333333333
2013,4,2013-04-01,CA,HOBBIES,1705.6666666666667
2013,4,2013-04-01,TX,HOBBIES,893.9
2013,4,2013-04-01,TX,HOUSEHOLD,2632.9666666666667
2013,4,2013-04-01,WI,FOODS,6598.233333333334
2013,5,2013-05-01,CA,FOODS,10057.16129032258
2013,5,2013-05-01,TX,HOBBIES,918.451612903226
2013,5,2013-05-01,TX,HOUSEHOLD,2494.4193548387098
2013,5,2013-05-01,WI,FOODS,6459.193548387097
2013,5,2013-05-01,CA,HOUSEHOLD,3715.967741935484
2013,5,2013-05-01,CA,HOBBIES,1687.1935483870968
2013,5,2013-05-01,TX,FOODS,6656.741935483871
2013,5,2013-05-01,WI,HOUSEHOLD,1916.354838709677
2013,5,2013-05-01,WI,HOBBIES,761.7096774193549
2013,6,2013-06-01,CA,HOBBIES,1835.7333333333331
2013,6,2013-06-01,CA,HOUSEHOLD,3905.033333333333
2013,6,2013-06-01,WI,HOBBIES,882.1666666666666
2013,6,2013-06-01,WI,HOUSEHOLD,1917.5
2013,6,2013-06-01,TX,FOODS,7548.233333333334
2013,6,2013-06-01,TX,HOUSEHOLD,2593.833333333333
2013,6,2013-06-01,CA,FOODS,11291.433333333332
2013,6,2013-06-01,TX,HOBBIES,956.7
2013,6,2013-06-01,WI,FOODS,6922.466666666666
2013,7,2013-07-01,CA,FOODS,11357.09677419355
2013,7,2013-07-01,TX,HOBBIES,923.3870967741937
2013,7,2013-07-01,TX,HOUSEHOLD,2471.870967741936
2013,7,2013-07-01,WI,FOODS,7004.0
2013,7,2013-07-01,CA,HOUSEHOLD,3853.451612903226
2013,7,2013-07-01,CA,HOBBIES,1657.1290322580646
2013,7,2013-07-01,TX,FOODS,7464.322580645161
2013,7,2013-07-01,WI,HOUSEHOLD,1924.225806451613
2013,7,2013-07-01,WI,HOBBIES,746.6774193548387
2013,8,2013-08-01,CA,HOBBIES,1661.451612903226
2013,8,2013-08-01,CA,HOUSEHOLD,3909.1935483870966
2013,8,2013-08-01,WI,HOUSEHOLD,2114.7741935483878
2013,8,2013-08-01,WI,HOBBIES,756.0967741935484
2013,8,2013-08-01,TX,FOODS,7895.935483870968
2013,8,2013-08-01,TX,HOUSEHOLD,2541.0967741935483
2013,8,2013-08-01,CA,FOODS,11806.774193548386
2013,8,2013-08-01,TX,HOBBIES,923.3870967741937
2013,8,2013-08-01,WI,FOODS,7256.225806451613
2013,9,2013-09-01,CA,HOBBIES,1604.0666666666666
2013,9,2013-09-01,CA,HOUSEHOLD,3980.2
2013,9,2013-09-01,TX,HOBBIES,850.2
2013,9,2013-09-01,TX,HOUSEHOLD,2511.6666666666665
2013,9,2013-09-01,WI,HOBBIES,700.7333333333333
2013,9,2013-09-01,WI,HOUSEHOLD,2049.5666666666666
2013,9,2013-09-01,CA,FOODS,11828.3
2013,9,2013-09-01,TX,FOODS,7809.733333333334
2013,9,2013-09-01,WI,FOODS,7549.366666666667
2013,10,2013-10-01,CA,FOODS,10692.064516129032
2013,10,2013-10-01,TX,FOODS,6925.967741935484
2013,10,2013-10-01,WI,FOODS,7027.387096774193
2013,10,2013-10-01,CA,HOUSEHOLD,3697.451612903226
2013,10,2013-10-01,TX,HOUSEHOLD,2410.7419354838707
2013,10,2013-10-01,CA,HOBBIES,1797.225806451613
2013,10,2013-10-01,TX,HOBBIES,907.5806451612904
2013,10,2013-10-01,WI,HOBBIES,866.3870967741935
2013,10,2013-10-01,WI,HOUSEHOLD,1950.1290322580649
2013,11,2013-11-01,CA,FOODS,9961.833333333334
2013,11,2013-11-01,TX,HOBBIES,889.9333333333333
2013,11,2013-11-01,TX,HOUSEHOLD,2306.6666666666665
2013,11,2013-11-01,WI,HOBBIES,828.1333333333333
2013,11,2013-11-01,WI,HOUSEHOLD,1850.2
2013,11,2013-11-01,CA,HOUSEHOLD,3518.633333333333
2013,11,2013-11-01,CA,HOBBIES,1777.8333333333333
2013,11,2013-11-01,TX,FOODS,6520.566666666667
2013,11,2013-11-01,WI,FOODS,7172.833333333333
2013,12,2013-12-01,CA,HOUSEHOLD,3202.548387096774
2013,12,2013-12-01,CA,HOBBIES,1784.3870967741937
2013,12,2013-12-01,TX,HOBBIES,828.3548387096774
2013,12,2013-12-01,TX,HOUSEHOLD,2092.2580645161293
2013,12,2013-12-01,WI,FOODS,7204.612903225807
2013,12,2013-12-01,CA,FOODS,9854.032258064515
2013,12,2013-12-01,TX,FOODS,6563.709677419355
2013,12,2013-12-01,WI,HOUSEHOLD,1666.6774193548388
2013,12,2013-12-01,WI,HOBBIES,820.6451612903226
2014,1,2014-01-01,CA,FOODS,10058.225806451614
2014,1,2014-01-01,WI,HOBBIES,799.3548387096774
2014,1,2014-01-01,WI,HOUSEHOLD,1753.451612903226
2014,1,2014-01-01,TX,FOODS,6472.903225806452
2014,1,2014-01-01,CA,HOUSEHOLD,3263.7419354838707
2014,1,2014-01-01,TX,HOUSEHOLD,1974.0967741935483
2014,1,2014-01-01,CA,HOBBIES,1714.548387096774
2014,1,2014-01-01,TX,HOBBIES,802.4516129032259
2014,1,2014-01-01,WI,FOODS,7258.387096774193
2014,2,2014-02-01,CA,HOUSEHOLD,3607.428571428572
2014,2,2014-02-01,CA,HOBBIES,1656.928571428571
2014,2,2014-02-01,WI,FOODS,7573.178571428572
2014,2,2014-02-01,TX,FOODS,6620.392857142857
2014,2,2014-02-01,TX,HOUSEHOLD,2614.5714285714284
2014,2,2014-02-01,CA,FOODS,10140.285714285714
2014,2,2014-02-01,TX,HOBBIES,804.7857142857143
2014,2,2014-02-01,WI,HOUSEHOLD,2221.8571428571427
2014,2,2014-02-01,WI,HOBBIES,823.4285714285714
2014,3,2014-03-01,CA,FOODS,10497.0
2014,3,2014-03-01,TX,FOODS,6916.580645161291
2014,3,2014-03-01,WI,FOODS,7287.483870967741
2014,3,2014-03-01,CA,HOUSEHOLD,3666.548387096774
2014,3,2014-03-01,TX,HOUSEHOLD,2515.3548387096776
2014,3,2014-03-01,TX,HOBBIES,794.741935483871
2014,3,2014-03-01,CA,HOBBIES,1632.258064516129
2014,3,2014-03-01,WI,HOUSEHOLD,2121.5806451612902
2014,3,2014-03-01,WI,HOBBIES,817.0322580645161
2014,4,2014-04-01,CA,HOUSEHOLD,3577.8
2014,4,2014-04-01,CA,HOBBIES,1607.9666666666667
2014,4,2014-04-01,TX,HOBBIES,784.9666666666667
2014,4,2014-04-01,TX,HOUSEHOLD,2449.5
2014,4,2014-04-01,WI,HOBBIES,767.4
2014,4,2014-04-01,WI,HOUSEHOLD,1961.3
2014,4,2014-04-01,CA,FOODS,11087.333333333334
2014,4,2014-04-01,TX,FOODS,7262.9
2014,4,2014-04-01,WI,FOODS,7310.4
2014,5,2014-05-01,CA,HOBBIES,1640.8709677419354
2014,5,2014-05-01,CA,HOUSEHOLD,3500.3870967741937
2014,5,2014-05-01,WI,HOBBIES,783.2258064516129
2014,5,2014-05-01,WI,HOUSEHOLD,1880.3870967741937
2014,5,2014-05-01,TX,FOODS,6834.83870967742
2014,5,2014-05-01,TX,HOBBIES,795.8387096774194
2014,5,2014-05-01,CA,FOODS,10586.709677419354
2014,5,2014-05-01,TX,HOUSEHOLD,2279.8387096774195
2014,5,2014-05-01,WI,FOODS,6958.935483870968
2014,6,2014-06-01,CA,FOODS,11128.033333333333
2014,6,2014-06-01,WI,HOBBIES,780.3333333333334
2014,6,2014-06-01,WI,HOUSEHOLD,1913.7666666666669
2014,6,2014-06-01,TX,FOODS,7338.966666666666
2014,6,2014-06-01,TX,HOBBIES,831.8
2014,6,2014-06-01,CA,HOUSEHOLD,3632.9666666666662
2014,6,2014-06-01,TX,HOUSEHOLD,2370.233333333333
2014,6,2014-06-01,CA,HOBBIES,1688.3666666666666
2014,6,2014-06-01,WI,FOODS,7316.566666666667
2014,7,2014-07-01,CA,HOUSEHOLD,3751.096774193548
2014,7,2014-07-01,CA,HOBBIES,1602.0967741935483
2014,7,2014-07-01,TX,HOBBIES,792.0967741935484
2014,7,2014-07-01,TX,HOUSEHOLD,2383.1290322580644
2014,7,2014-07-01,WI,FOODS,7288.451612903225
2014,7,2014-07-01,CA,FOODS,11136.83870967742
2014,7,2014-07-01,TX,FOODS,7431.870967741936
2014,7,2014-07-01,WI,HOUSEHOLD,1998.8709677419356
2014,7,2014-07-01,WI,HOBBIES,769.2258064516129
2014,8,2014-08-01,CA,FOODS,11253.58064516129
2014,8,2014-08-01,TX,HOBBIES,788.4193548387096
2014,8,2014-08-01,TX,HOUSEHOLD,2559.709677419354
2014,8,2014-08-01,WI,FOODS,7486.741935483871
2014,8,2014-08-01,CA,HOUSEHOLD,3931.967741935484
2014,8,2014-08-01,CA,HOBBIES,1617.516129032258
2014,8,2014-08-01,TX,FOODS,7487.451612903225
2014,8,2014-08-01,WI,HOUSEHOLD,2295.6129032258063
2014,8,2014-08-01,WI,HOBBIES,775.8387096774194
2014,9,2014-09-01,CA,FOODS,10892.8
2014,9,2014-09-01,WI,FOODS,7224.266666666666
2014,9,2014-09-01,TX,FOODS,6899.133333333333
2014,9,2014-09-01,TX,HOBBIES,786.5333333333333
2014,9,2014-09-01,TX,HOUSEHOLD,2368.333333333333
2014,9,2014-09-01,CA,HOUSEHOLD,3783.133333333333
2014,9,2014-09-01,CA,HOBBIES,1530.4333333333334
2014,9,2014-09-01,WI,HOUSEHOLD,2076.4
2014,9,2014-09-01,WI,HOBBIES,719.4333333333333
2014,10,2014-10-01,CA,FOODS,10212.612903225809
2014,10,2014-10-01,TX,FOODS,6577.193548387097
2014,10,2014-10-01,WI,FOODS,7258.774193548387
2014,10,2014-10-01,TX,HOUSEHOLD,2393.064516129032
2014,10,2014-10-01,CA,HOUSEHOLD,3696.967741935484
2014,10,2014-10-01,TX,HOBBIES,904.7096774193548
2014,10,2014-10-01,CA,HOBBIES,1643.9354838709678
2014,10,2014-10-01,WI,HOUSEHOLD,2049.483870967742
2014,10,2014-10-01,WI,HOBBIES,846.4193548387096
2014,11,2014-11-01,CA,HOUSEHOLD,3596.0666666666666
2014,11,2014-11-01,CA,HOBBIES,1634.4333333333334
2014,11,2014-11-01,TX,FOODS,6453.3
2014,11,2014-11-01,WI,FOODS,7293.033333333334
2014,11,2014-11-01,TX,HOUSEHOLD,2309.233333333333
2014,11,2014-11-01,TX,HOBBIES,912.1666666666666
2014,11,2014-11-01,CA,FOODS,10083.8
2014,11,2014-11-01,WI,HOUSEHOLD,1977.3
2014,11,2014-11-01,WI,HOBBIES,776.6
2014,12,2014-12-01,CA,HOUSEHOLD,3217.4193548387098
2014,12,2014-12-01,CA,HOBBIES,1607.741935483871
2014,12,2014-12-01,TX,HOBBIES,873.4193548387096
2014,12,2014-12-01,WI,HOUSEHOLD,1826.967741935484
2014,12,2014-12-01,TX,HOUSEHOLD,2214.3870967741937
2014,12,2014-12-01,WI,HOBBIES,812.741935483871
2014,12,2014-12-01,CA,FOODS,9130.90322580645
2014,12,2014-12-01,TX,FOODS,6178.548387096775
2014,12,2014-12-01,WI,FOODS,6829.870967741936
2015,1,2015-01-01,CA,HOUSEHOLD,3430.5806451612902
2015,1,2015-01-01,CA,HOBBIES,1637.1612903225807
2015,1,2015-01-01,TX,FOODS,6456.709677419355
2015,1,2015-01-01,WI,HOUSEHOLD,2092.935483870968
2015,1,2015-01-01,WI,HOBBIES,789.5806451612904
2015,1,2015-01-01,CA,FOODS,9715.645161290322
2015,1,2015-01-01,TX,HOBBIES,900.516129032258
2015,1,2015-01-01,TX,HOUSEHOLD,2345.516129032258
2015,1,2015-01-01,WI,FOODS,7570.548387096775
2015,2,2015-02-01,CA,FOODS,9530.142857142857
2015,2,2015-02-01,TX,HOBBIES,1050.571428571429
2015,2,2015-02-01,TX,HOUSEHOLD,2870.8214285714284
2015,2,2015-02-01,WI,HOUSEHOLD,2497.25
2015,2,2015-02-01,WI,HOBBIES,904.1071428571428
2015,2,2015-02-01,CA,HOBBIES,1731.7142857142858
2015,2,2015-02-01,CA,HOUSEHOLD,3799.678571428572
2015,2,2015-02-01,TX,FOODS,6749.642857142857
2015,2,2015-02-01,WI,FOODS,7718.821428571428
2015,3,2015-03-01,CA,HOUSEHOLD,3939.129032258064
2015,3,2015-03-01,CA,HOBBIES,1752.258064516129
2015,3,2015-03-01,TX,HOBBIES,1020.8709677419356
2015,3,2015-03-01,WI,HOUSEHOLD,2319.7419354838707
2015,3,2015-03-01,TX,HOUSEHOLD,2819.2258064516127
2015,3,2015-03-01,WI,HOBBIES,884.9677419354839
2015,3,2015-03-01,CA,FOODS,9664.709677419354
2015,3,2015-03-01,TX,FOODS,6631.967741935484
2015,3,2015-03-01,WI,FOODS,7087.354838709677
2015,4,2015-04-01,CA,HOUSEHOLD,3960.433333333333
2015,4,2015-04-01,CA,HOBBIES,1802.3333333333333
2015,4,2015-04-01,WI,FOODS,7207.633333333333
2015,4,2015-04-01,TX,FOODS,6809.466666666666
2015,4,2015-04-01,CA,FOODS,9659.6
2015,4,2015-04-01,TX,HOBBIES,1024.1
2015,4,2015-04-01,TX,HOUSEHOLD,2794.0666666666666
2015,4,2015-04-01,WI,HOUSEHOLD,2304.0666666666666
2015,4,2015-04-01,WI,HOBBIES,885.9333333333333
2015,5,2015-05-01,CA,FOODS,9802.870967741936
2015,5,2015-05-01,TX,HOBBIES,1097.5806451612902
2015,5,2015-05-01,WI,FOODS,7287.645161290323
2015,5,2015-05-01,TX,HOUSEHOLD,2889.451612903226
2015,5,2015-05-01,CA,HOBBIES,1883.5806451612905
2015,5,2015-05-01,CA,HOUSEHOLD,4110.806451612903
2015,5,2015-05-01,TX,FOODS,6825.741935483871
2015,5,2015-05-01,WI,HOUSEHOLD,2406.7419354838707
2015,5,2015-05-01,WI,HOBBIES,889.5806451612904
2015,6,2015-06-01,CA,FOODS,10934.233333333334
2015,6,2015-06-01,TX,FOODS,7077.866666666667
2015,6,2015-06-01,WI,HOUSEHOLD,2387.333333333333
2015,6,2015-06-01,WI,HOBBIES,877.2
2015,6,2015-06-01,TX,HOBBIES,1006.2
2015,6,2015-06-01,CA,HOBBIES,1844.7
2015,6,2015-06-01,CA,HOUSEHOLD,4151.8
2015,6,2015-06-01,TX,HOUSEHOLD,2795.2
2015,6,2015-06-01,WI,FOODS,7445.433333333333
2015,7,2015-07-01,CA,FOODS,11110.612903225809
2015,7,2015-07-01,TX,HOBBIES,999.1290322580644
2015,7,2015-07-01,WI,FOODS,7666.548387096775
2015,7,2015-07-01,TX,HOUSEHOLD,2874.870967741936
2015,7,2015-07-01,CA,HOBBIES,1939.645161290323
2015,7,2015-07-01,CA,HOUSEHOLD,4399.774193548387
2015,7,2015-07-01,TX,FOODS,7335.903225806452
2015,7,2015-07-01,WI,HOBBIES,898.0967741935484
2015,7,2015-07-01,WI,HOUSEHOLD,2522.0967741935483
2015,8,2015-08-01,CA,HOUSEHOLD,4801.741935483871
2015,8,2015-08-01,CA,HOBBIES,1986.1612903225807
2015,8,2015-08-01,TX,FOODS,7154.645161290323
2015,8,2015-08-01,WI,HOUSEHOLD,2608.4193548387098
2015,8,2015-08-01,WI,HOBBIES,918.548387096774
2015,8,2015-08-01,CA,FOODS,11459.58064516129
2015,8,2015-08-01,TX,HOBBIES,1008.2903225806452
2015,8,2015-08-01,TX,HOUSEHOLD,2972.967741935484
2015,8,2015-08-01,WI,FOODS,7552.258064516129
2015,9,2015-09-01,CA,HOBBIES,1940.1
2015,9,2015-09-01,CA,HOUSEHOLD,4423.266666666666
2015,9,2015-09-01,TX,FOODS,6760.433333333333
2015,9,2015-09-01,WI,HOUSEHOLD,2528.0
2015,9,2015-09-01,WI,HOBBIES,885.2333333333333
2015,9,2015-09-01,CA,FOODS,11354.333333333334
2015,9,2015-09-01,TX,HOBBIES,992.4666666666668
2015,9,2015-09-01,TX,HOUSEHOLD,2841.5666666666666
2015,9,2015-09-01,WI,FOODS,7905.033333333334
2015,10,2015-10-01,CA,HOUSEHOLD,4351.032258064516
2015,10,2015-10-01,CA,HOBBIES,2045.032258064516
2015,10,2015-10-01,TX,HOBBIES,1095.451612903226
2015,10,2015-10-01,WI,FOODS,8210.129032258064
2015,10,2015-10-01,TX,HOUSEHOLD,2821.1290322580644
2015,10,2015-10-01,CA,FOODS,11378.935483870968
2015,10,2015-10-01,TX,FOODS,6859.645161290323
2015,10,2015-10-01,WI,HOUSEHOLD,2514.8387096774195
2015,10,2015-10-01,WI,HOBBIES,995.967741935484
2015,11,2015-11-01,CA,FOODS,10041.1
2015,11,2015-11-01,TX,HOBBIES,1084.6333333333334
2015,11,2015-11-01,WI,HOUSEHOLD,2372.333333333333
2015,11,2015-11-01,TX,HOUSEHOLD,2749.366666666667
2015,11,2015-11-01,WI,HOBBIES,921.8666666666668
2015,11,2015-11-01,CA,HOBBIES,1981.6333333333332
2015,11,2015-11-01,CA,HOUSEHOLD,4045.5
2015,11,2015-11-01,TX,FOODS,6289.8
2015,11,2015-11-01,WI,FOODS,7646.3
2015,12,2015-12-01,CA,HOBBIES,2024.5806451612905
2015,12,2015-12-01,CA,HOUSEHOLD,3820.0
2015,12,2015-12-01,TX,HOBBIES,1037.516129032258
2015,12,2015-12-01,WI,HOBBIES,954.967741935484
2015,12,2015-12-01,WI,HOUSEHOLD,2353.8387096774195
2015,12,2015-12-01,TX,HOUSEHOLD,2750.8387096774195
2015,12,2015-12-01,CA,FOODS,9625.0
2015,12,2015-12-01,TX,FOODS,6082.0
2015,12,2015-12-01,WI,FOODS,7681.451612903225
2016,1,2016-01-01,CA,HOBBIES,1916.0967741935483
2016,1,2016-01-01,CA,HOUSEHOLD,4085.258064516129
2016,1,2016-01-01,TX,HOBBIES,988.516129032258
2016,1,2016-01-01,WI,FOODS,8495.0
2016,1,2016-01-01,TX,HOUSEHOLD,2787.1290322580644
2016,1,2016-01-01,CA,FOODS,10946.774193548386
2016,1,2016-01-01,TX,FOODS,6604.677419354839
2016,1,2016-01-01,WI,HOUSEHOLD,2491.903225806452
2016,1,2016-01-01,WI,HOBBIES,887.4193548387096
2016,2,2016-02-01,CA,HOBBIES,1886.4137931034484
2016,2,2016-02-01,CA,HOUSEHOLD,4223.068965517241
2016,2,2016-02-01,TX,HOBBIES,1058.551724137931
2016,2,2016-02-01,WI,HOBBIES,949.4827586206897
2016,2,2016-02-01,WI,HOUSEHOLD,2914.586206896552
2016,2,2016-02-01,TX,HOUSEHOLD,3043.344827586207
2016,2,2016-02-01,CA,FOODS,11328.586206896553
2016,2,2016-02-01,TX,FOODS,7212.241379310345
2016,2,2016-02-01,WI,FOODS,9208.793103448275
2016,3,2016-03-01,CA,FOODS,11334.516129032258
2016,3,2016-03-01,WI,FOODS,9101.09677419355
2016,3,2016-03-01,TX,FOODS,7159.677419354839
2016,3,2016-03-01,TX,HOBBIES,992.3870967741937
2016,3,2016-03-01,CA,HOBBIES,1833.7096774193549
2016,3,2016-03-01,CA,HOUSEHOLD,4216.612903225807
2016,3,2016-03-01,TX,HOUSEHOLD,2934.1935483870966
2016,3,2016-03-01,WI,HOUSEHOLD,2657.2903225806454
2016,3,2016-03-01,WI,HOBBIES,923.6129032258063
2016,4,2016-04-01,CA,HOBBIES,1919.6666666666667
2016,4,2016-04-01,CA,HOUSEHOLD,4492.666666666667
2016,4,2016-04-01,TX,HOBBIES,1105.6333333333334
2016,4,2016-04-01,WI,FOODS,9584.366666666669
2016,4,2016-04-01,TX,HOUSEHOLD,2873.866666666667
2016,4,2016-04-01,CA,FOODS,11753.0
2016,4,2016-04-01,TX,FOODS,7261.366666666667
2016,4,2016-04-01,WI,HOUSEHOLD,2776.5
2016,4,2016-04-01,WI,HOBBIES,1015.2666666666668
2016,5,2016-05-01,CA,FOODS,12454.227272727272
2016,5,2016-05-01,TX,HOBBIES,1141.1363636363635
2016,5,2016-05-01,WI,HOBBIES,1010.7727272727273
2016,5,2016-05-01,WI,HOUSEHOLD,2712.1363636363635
2016,5,2016-05-01,TX,HOUSEHOLD,2977.318181818182
2016,5,2016-05-01,CA,HOBBIES,2014.3636363636365
2016,5,2016-05-01,CA,HOUSEHOLD,4605.363636363636
2016,5,2016-05-01,TX,FOODS,7914.181818181818
2016,5,2016-05-01,WI,FOODS,10396.954545454546
