state_id,cat_id,avg_daily_units_snap,avg_daily_units_non_snap,snap_uplift_association,snap_days
CA,FOODS,11099.13125,10043.068297655454,0.1051534173665913,480
CA,HOBBIES,1636.2479166666667,1592.875637104995,0.0272289176576896,480
CA,HOUSEHOLD,3636.6770833333335,3511.5739041794086,0.0356259564991725,480
TX,FOODS,7630.210416666667,6603.779816513761,0.1554307727804853,480
TX,HOBBIES,863.8333333333334,849.1335372069317,0.017311524609844,480
TX,HOUSEHOLD,2471.4875,2392.420998980632,0.0330487406075508,480
WI,FOODS,8408.189583333333,6426.663608562692,0.3083288772311836,480
WI,HOBBIES,793.4208333333333,780.2293577981651,0.0169071765927841,480
WI,HOUSEHOLD,2074.833333333333,2003.559633027523,0.0355735357864597,480
