state_id,store_id,series,total_units,share_of_units,zero_share_after_launch,avg_daily_units_2012,avg_daily_units_2015,growth_2012_to_2015
CA,CA_1,3049,7832248,0.1170264281146314,0.5514482290731652,3842.710382513661,4402.364383561644,0.1456404322310369
CA,CA_2,3049,5818395,0.0869362134868598,0.5755930253304957,2820.9945355191257,3310.7424657534248,0.1736082520075406
CA,CA_3,3049,11363540,0.1697896308872929,0.4942186274497421,5736.901639344263,6237.679452054795,0.0872906394762194
CA,CA_4,3049,4182534,0.0624938095024572,0.6429656256982169,1994.1666666666667,2397.53698630137,0.2022751289434365
TX,TX_1,3049,5692823,0.0850599651056529,0.6381833565508892,2907.407103825137,3154.1123287671235,0.0848540352733568
TX,TX_2,3049,7329642,0.1095166831564811,0.5846896542816424,3989.677595628416,3739.1753424657536,-0.0627875930218379
TX,TX_3,3049,6205940,0.0927267613709008,0.621029045499266,2970.4863387978144,3679.104109589041,0.2385527788954624
WI,WI_1,3049,5261506,0.078615392883844,0.593789122231939,1981.9344262295083,3492.9424657534246,0.7623905309513712
WI,WI_2,3049,6697988,0.100078752766085,0.6232045566845371,2783.4180327868853,4130.487671232877,0.4839623881782657
WI,WI_3,3049,6542557,0.0977563627257945,0.6277959448699755,3928.142076502733,3266.2958904109587,-0.1684883523054804
