weekday,wday,state_id,cat_id,avg_daily_units,index_vs_week
Saturday,1,CA,FOODS,12049.874100719424,119.74880254054762
Sunday,2,CA,FOODS,12381.374100719424,123.0431712377128
Monday,3,CA,FOODS,9805.971119133574,97.44942473658968
Tuesday,4,CA,FOODS,8909.880866425992,88.54429146855139
Wednesday,5,CA,FOODS,8688.397111913357,86.34323823236122
Thursday,6,CA,FOODS,8734.321299638988,86.79962196233424
Friday,7,CA,FOODS,9868.563176895306,98.07144982190314
Saturday,1,CA,HOBBIES,1922.1474820143883,120.54312117327186
Sunday,2,CA,HOBBIES,1788.7410071942445,112.17683658272072
Monday,3,CA,HOBBIES,1513.6425992779784,94.92466367178878
Tuesday,4,CA,HOBBIES,1452.4187725631768,91.0851501945818
Wednesday,5,CA,HOBBIES,1436.3935018050545,90.08016167371844
Thursday,6,CA,HOBBIES,1436.9602888086642,90.11570643555116
Friday,7,CA,HOBBIES,1611.7039711191337,101.0743602683672
Saturday,1,CA,HOUSEHOLD,4260.5,125.99551716051587
Sunday,2,CA,HOUSEHOLD,4337.115107913669,128.26125126306053
Monday,3,CA,HOUSEHOLD,3267.906137184116,96.64159694555484
Tuesday,4,CA,HOUSEHOLD,2923.397111913357,86.45345170310574
Wednesday,5,CA,HOUSEHOLD,2822.5451263537907,83.47096183636651
Thursday,6,CA,HOUSEHOLD,2821.1083032490974,83.42847075077938
Friday,7,CA,HOUSEHOLD,3237.714801444043,95.74875034061712
Saturday,1,TX,FOODS,7866.0,115.93392436228991
Sunday,2,TX,FOODS,8320.294964028777,122.62960170755836
Monday,3,TX,FOODS,6693.498194945849,98.65287483498298
Tuesday,4,TX,FOODS,6054.281588447653,89.23170909523196
Wednesday,5,TX,FOODS,5987.6281588447655,88.24933003776077
Thursday,6,TX,FOODS,6030.516245487364,88.88144091913206
Friday,7,TX,FOODS,6542.075812274368,96.42111904304384
Saturday,1,TX,HOBBIES,986.1079136690648,117.87213131977911
Sunday,2,TX,HOBBIES,993.4964028776978,118.75529730818944
Monday,3,TX,HOBBIES,791.6353790613719,94.62630617263288
Tuesday,4,TX,HOBBIES,736.3104693140795,88.01317089951276
Wednesday,5,TX,HOBBIES,745.9566787003611,89.16620825349496
Thursday,6,TX,HOBBIES,753.7364620938628,90.09614668831216
Friday,7,TX,HOBBIES,848.8953068592058,101.47073935807876
Saturday,1,TX,HOUSEHOLD,2804.3417266187053,122.84014012219984
Sunday,2,TX,HOUSEHOLD,2783.410071942446,121.92325921249648
Monday,3,TX,HOUSEHOLD,2189.534296028881,95.90938835077272
Tuesday,4,TX,HOUSEHOLD,1979.924187725632,86.72772021432682
Wednesday,5,TX,HOUSEHOLD,1968.4151624548736,86.22358398031854
Thursday,6,TX,HOUSEHOLD,1986.6064981949455,87.02042917579149
Friday,7,TX,HOUSEHOLD,2268.2057761732854,99.35547894409414
Saturday,1,WI,FOODS,8259.676258992806,121.34397202116416
Sunday,2,WI,FOODS,7757.561151079137,113.96733403977316
Monday,3,WI,FOODS,6330.581227436823,93.00338745158922
Tuesday,4,WI,FOODS,6131.252707581228,90.07502639021672
Wednesday,5,WI,FOODS,6101.3718411552345,89.63604271750727
Thursday,6,WI,FOODS,6129.873646209387,90.05476642126965
Friday,7,WI,FOODS,6937.483754512636,101.91947095847978
Saturday,1,WI,HOBBIES,1039.0611510791366,132.62717179907173
Sunday,2,WI,HOBBIES,799.7841726618705,102.08553438807724
Monday,3,WI,HOBBIES,687.1263537906137,87.7057378934926
Tuesday,4,WI,HOBBIES,674.2888086642599,86.06713625663707
Wednesday,5,WI,HOBBIES,710.4476534296028,90.68250014717276
Thursday,6,WI,HOBBIES,700.4945848375452,89.41207699958821
Friday,7,WI,HOBBIES,872.913357400722,111.41984251596053
Saturday,1,WI,HOUSEHOLD,2518.561151079137,129.81124252881023
Sunday,2,WI,HOUSEHOLD,2142.273381294964,110.41668348737146
Monday,3,WI,HOUSEHOLD,1715.0361010830325,88.3960936060509
Tuesday,4,WI,HOUSEHOLD,1638.7292418772563,84.46309868840574
Wednesday,5,WI,HOUSEHOLD,1669.2635379061371,86.03689208450938
Thursday,6,WI,HOUSEHOLD,1727.42238267148,89.03450518586072
Friday,7,WI,HOUSEHOLD,2169.916967509025,111.84148441899148
