cat_id,zero_share_bin,series,bin_label
FOODS,0.0,433,0-10%
FOODS,0.1,908,10-20%
FOODS,0.2,1305,20-30%
FOODS,0.3,1737,30-40%
FOODS,0.4,1982,40-50%
FOODS,0.5,2231,50-60%
FOODS,0.6,2171,60-70%
FOODS,0.7,2068,70-80%
FOODS,0.8,1280,80-90%
FOODS,0.9,255,90-100%
HOBBIES,0.0,10,0-10%
HOBBIES,0.1,41,10-20%
HOBBIES,0.2,165,20-30%
HOBBIES,0.3,247,30-40%
HOBBIES,0.4,381,40-50%
HOBBIES,0.5,529,50-60%
HOBBIES,0.6,685,60-70%
HOBBIES,0.7,1034,70-80%
HOBBIES,0.8,1628,80-90%
HOBBIES,0.9,930,90-100%
HOUSEHOLD,0.0,189,0-10%
HOUSEHOLD,0.1,443,10-20%
HOUSEHOLD,0.2,534,20-30%
HOUSEHOLD,0.3,702,30-40%
HOUSEHOLD,0.4,909,40-50%
HOUSEHOLD,0.5,1118,50-60%
HOUSEHOLD,0.6,1419,60-70%
HOUSEHOLD,0.7,1860,70-80%
HOUSEHOLD,0.8,2161,80-90%
HOUSEHOLD,0.9,1135,90-100%
