check,observed,expected,pass
panel: ids,200,200,Yes
panel: days,1941,1941,Yes
panel: rows = ids x days,388200,388200,Yes
panel: duplicate id/day keys,0,0,Yes
panel: duplicate store/item/week price keys,0,0,Yes
panel: wide vs long cell mismatches,0,0,Yes
panel: wide total = long total,865515,865515,Yes
panel: join keeps rows,388200,388200,Yes
panel: join keeps units,865515,865515,Yes
panel: positive sales with missing price,0,0,Yes
panel: null/negative units,0,0,Yes
panel: selection stats match metadata,0,0,Yes
panel: total units = audit,865515,865515,Yes
panel: missing price days = audit,22253,22253,Yes
pilot: ids,30,30,Yes
pilot: days,1941,1941,Yes
pilot: rows = ids x days,58230,58230,Yes
pilot: duplicate id/day keys,0,0,Yes
pilot: duplicate store/item/week price keys,0,0,Yes
pilot: wide vs long cell mismatches,0,0,Yes
pilot: wide total = long total,144060,144060,Yes
pilot: join keeps rows,58230,58230,Yes
pilot: join keeps units,144060,144060,Yes
pilot: positive sales with missing price,0,0,Yes
pilot: null/negative units,0,0,Yes
pilot: selection stats match metadata,0,0,Yes
