d,date,year,month,weekday,wday,event,event_type,snap_CA,snap_TX,snap_WI
1,2011-01-29,2011,1,Saturday,1,,,0,0,0
2,2011-01-30,2011,1,Sunday,2,,,0,0,0
3,2011-01-31,2011,1,Monday,3,,,0,0,0
4,2011-02-01,2011,2,Tuesday,4,,,1,1,0
5,2011-02-02,2011,2,Wednesday,5,,,1,0,1
6,2011-02-03,2011,2,Thursday,6,,,1,1,1
7,2011-02-04,2011,2,Friday,7,,,1,0,0
8,2011-02-05,2011,2,Saturday,1,,,1,1,1
9,2011-02-06,2011,2,Sunday,2,SuperBowl,Sporting,1,1,1
10,2011-02-07,2011,2,Monday,3,,,1,1,0
11,2011-02-08,2011,2,Tuesday,4,,,1,0,1
12,2011-02-09,2011,2,Wednesday,5,,,1,1,1
13,2011-02-10,2011,2,Thursday,6,,,1,0,0
14,2011-02-11,2011,2,Friday,7,,,0,1,1
15,2011-02-12,2011,2,Saturday,1,,,0,1,1
16,2011-02-13,2011,2,Sunday,2,,,0,1,0
17,2011-02-14,2011,2,Monday,3,ValentinesDay,Cultural,0,0,1
18,2011-02-15,2011,2,Tuesday,4,,,0,1,1
19,2011-02-16,2011,2,Wednesday,5,,,0,0,0
20,2011-02-17,2011,2,Thursday,6,,,0,0,0
21,2011-02-18,2011,2,Friday,7,,,0,0,0
22,2011-02-19,2011,2,Saturday,1,,,0,0,0
23,2011-02-20,2011,2,Sunday,2,,,0,0,0
24,2011-02-21,2011,2,Monday,3,PresidentsDay,National,0,0,0
25,2011-02-22,2011,2,Tuesday,4,,,0,0,0
26,2011-02-23,2011,2,Wednesday,5,,,0,0,0
27,2011-02-24,2011,2,Thursday,6,,,0,0,0
28,2011-02-25,2011,2,Friday,7,,,0,0,0
29,2011-02-26,2011,2,Saturday,1,,,0,0,0
30,2011-02-27,2011,2,Sunday,2,,,0,0,0
31,2011-02-28,2011,2,Monday,3,,,0,0,0
32,2011-03-01,2011,3,Tuesday,4,,,1,1,0
33,2011-03-02,2011,3,Wednesday,5,,,1,0,1
34,2011-03-03,2011,3,Thursday,6,,,1,1,1
35,2011-03-04,2011,3,Friday,7,,,1,0,0
36,2011-03-05,2011,3,Saturday,1,,,1,1,1
37,2011-03-06,2011,3,Sunday,2,,,1,1,1
38,2011-03-07,2011,3,Monday,3,,,1,1,0
39,2011-03-08,2011,3,Tuesday,4,,,1,0,1
40,2011-03-09,2011,3,Wednesday,5,LentStart,Religious,1,1,1
41,2011-03-10,2011,3,Thursday,6,,,1,0,0
42,2011-03-11,2011,3,Friday,7,,,0,1,1
43,2011-03-12,2011,3,Saturday,1,,,0,1,1
44,2011-03-13,2011,3,Sunday,2,,,0,1,0
45,2011-03-14,2011,3,Monday,3,,,0,0,1
46,2011-03-15,2011,3,Tuesday,4,,,0,1,1
47,2011-03-16,2011,3,Wednesday,5,LentWeek2,Religious,0,0,0
48,2011-03-17,2011,3,Thursday,6,StPatricksDay,Cultural,0,0,0
49,2011-03-18,2011,3,Friday,7,,,0,0,0
50,2011-03-19,2011,3,Saturday,1,,,0,0,0
51,2011-03-20,2011,3,Sunday,2,Purim End,Religious,0,0,0
52,2011-03-21,2011,3,Monday,3,,,0,0,0
53,2011-03-22,2011,3,Tuesday,4,,,0,0,0
54,2011-03-23,2011,3,Wednesday,5,,,0,0,0
55,2011-03-24,2011,3,Thursday,6,,,0,0,0
56,2011-03-25,2011,3,Friday,7,,,0,0,0
57,2011-03-26,2011,3,Saturday,1,,,0,0,0
58,2011-03-27,2011,3,Sunday,2,,,0,0,0
59,2011-03-28,2011,3,Monday,3,,,0,0,0
60,2011-03-29,2011,3,Tuesday,4,,,0,0,0
61,2011-03-30,2011,3,Wednesday,5,,,0,0,0
62,2011-03-31,2011,3,Thursday,6,,,0,0,0
63,2011-04-01,2011,4,Friday,7,,,1,1,0
64,2011-04-02,2011,4,Saturday,1,,,1,0,1
65,2011-04-03,2011,4,Sunday,2,,,1,1,1
66,2011-04-04,2011,4,Monday,3,,,1,0,0
67,2011-04-05,2011,4,Tuesday,4,,,1,1,1
68,2011-04-06,2011,4,Wednesday,5,,,1,1,1
69,2011-04-07,2011,4,Thursday,6,,,1,1,0
70,2011-04-08,2011,4,Friday,7,,,1,0,1
71,2011-04-09,2011,4,Saturday,1,,,1,1,1
72,2011-04-10,2011,4,Sunday,2,,,1,0,0
73,2011-04-11,2011,4,Monday,3,,,0,1,1
74,2011-04-12,2011,4,Tuesday,4,,,0,1,1
75,2011-04-13,2011,4,Wednesday,5,,,0,1,0
76,2011-04-14,2011,4,Thursday,6,,,0,0,1
77,2011-04-15,2011,4,Friday,7,,,0,1,1
78,2011-04-16,2011,4,Saturday,1,,,0,0,0
79,2011-04-17,2011,4,Sunday,2,,,0,0,0
80,2011-04-18,2011,4,Monday,3,,,0,0,0
81,2011-04-19,2011,4,Tuesday,4,,,0,0,0
82,2011-04-20,2011,4,Wednesday,5,,,0,0,0
83,2011-04-21,2011,4,Thursday,6,,,0,0,0
84,2011-04-22,2011,4,Friday,7,,,0,0,0
85,2011-04-23,2011,4,Saturday,1,,,0,0,0
86,2011-04-24,2011,4,Sunday,2,OrthodoxEaster,Religious,0,0,0
87,2011-04-25,2011,4,Monday,3,,,0,0,0
88,2011-04-26,2011,4,Tuesday,4,Pesach End,Religious,0,0,0
89,2011-04-27,2011,4,Wednesday,5,,,0,0,0
90,2011-04-28,2011,4,Thursday,6,,,0,0,0
91,2011-04-29,2011,4,Friday,7,,,0,0,0
92,2011-04-30,2011,4,Saturday,1,,,0,0,0
93,2011-05-01,2011,5,Sunday,2,,,1,1,0
94,2011-05-02,2011,5,Monday,3,,,1,0,1
95,2011-05-03,2011,5,Tuesday,4,,,1,1,1
96,2011-05-04,2011,5,Wednesday,5,,,1,0,0
97,2011-05-05,2011,5,Thursday,6,Cinco De Mayo,Cultural,1,1,1
98,2011-05-06,2011,5,Friday,7,,,1,1,1
99,2011-05-07,2011,5,Saturday,1,,,1,1,0
100,2011-05-08,2011,5,Sunday,2,Mother's day,Cultural,1,0,1
101,2011-05-09,2011,5,Monday,3,,,1,1,1
102,2011-05-10,2011,5,Tuesday,4,,,1,0,0
103,2011-05-11,2011,5,Wednesday,5,,,0,1,1
104,2011-05-12,2011,5,Thursday,6,,,0,1,1
105,2011-05-13,2011,5,Friday,7,,,0,1,0
106,2011-05-14,2011,5,Saturday,1,,,0,0,1
107,2011-05-15,2011,5,Sunday,2,,,0,1,1
108,2011-05-16,2011,5,Monday,3,,,0,0,0
109,2011-05-17,2011,5,Tuesday,4,,,0,0,0
110,2011-05-18,2011,5,Wednesday,5,,,0,0,0
111,2011-05-19,2011,5,Thursday,6,,,0,0,0
112,2011-05-20,2011,5,Friday,7,,,0,0,0
113,2011-05-21,2011,5,Saturday,1,,,0,0,0
114,2011-05-22,2011,5,Sunday,2,,,0,0,0
115,2011-05-23,2011,5,Monday,3,,,0,0,0
116,2011-05-24,2011,5,Tuesday,4,,,0,0,0
117,2011-05-25,2011,5,Wednesday,5,,,0,0,0
118,2011-05-26,2011,5,Thursday,6,,,0,0,0
119,2011-05-27,2011,5,Friday,7,,,0,0,0
120,2011-05-28,2011,5,Saturday,1,,,0,0,0
121,2011-05-29,2011,5,Sunday,2,,,0,0,0
122,2011-05-30,2011,5,Monday,3,MemorialDay,National,0,0,0
123,2011-05-31,2011,5,Tuesday,4,NBAFinalsStart,Sporting,0,0,0
124,2011-06-01,2011,6,Wednesday,5,,,1,1,0
125,2011-06-02,2011,6,Thursday,6,,,1,0,1
126,2011-06-03,2011,6,Friday,7,,,1,1,1
127,2011-06-04,2011,6,Saturday,1,,,1,0,0
128,2011-06-05,2011,6,Sunday,2,,,1,1,1
129,2011-06-06,2011,6,Monday,3,,,1,1,1
130,2011-06-07,2011,6,Tuesday,4,,,1,1,0
131,2011-06-08,2011,6,Wednesday,5,,,1,0,1
132,2011-06-09,2011,6,Thursday,6,,,1,1,1
133,2011-06-10,2011,6,Friday,7,,,1,0,0
134,2011-06-11,2011,6,Saturday,1,,,0,1,1
135,2011-06-12,2011,6,Sunday,2,NBAFinalsEnd,Sporting,0,1,1
136,2011-06-13,2011,6,Monday,3,,,0,1,0
137,2011-06-14,2011,6,Tuesday,4,,,0,0,1
138,2011-06-15,2011,6,Wednesday,5,,,0,1,1
139,2011-06-16,2011,6,Thursday,6,,,0,0,0
140,2011-06-17,2011,6,Friday,7,,,0,0,0
141,2011-06-18,2011,6,Saturday,1,,,0,0,0
142,2011-06-19,2011,6,Sunday,2,Father's day,Cultural,0,0,0
143,2011-06-20,2011,6,Monday,3,,,0,0,0
144,2011-06-21,2011,6,Tuesday,4,,,0,0,0
145,2011-06-22,2011,6,Wednesday,5,,,0,0,0
146,2011-06-23,2011,6,Thursday,6,,,0,0,0
147,2011-06-24,2011,6,Friday,7,,,0,0,0
148,2011-06-25,2011,6,Saturday,1,,,0,0,0
149,2011-06-26,2011,6,Sunday,2,,,0,0,0
150,2011-06-27,2011,6,Monday,3,,,0,0,0
151,2011-06-28,2011,6,Tuesday,4,,,0,0,0
152,2011-06-29,2011,6,Wednesday,5,,,0,0,0
153,2011-06-30,2011,6,Thursday,6,,,0,0,0
154,2011-07-01,2011,7,Friday,7,,,1,1,0
155,2011-07-02,2011,7,Saturday,1,,,1,0,1
156,2011-07-03,2011,7,Sunday,2,,,1,1,1
157,2011-07-04,2011,7,Monday,3,IndependenceDay,National,1,0,0
158,2011-07-05,2011,7,Tuesday,4,,,1,1,1
159,2011-07-06,2011,7,Wednesday,5,,,1,1,1
160,2011-07-07,2011,7,Thursday,6,,,1,1,0
161,2011-07-08,2011,7,Friday,7,,,1,0,1
162,2011-07-09,2011,7,Saturday,1,,,1,1,1
163,2011-07-10,2011,7,Sunday,2,,,1,0,0
164,2011-07-11,2011,7,Monday,3,,,0,1,1
165,2011-07-12,2011,7,Tuesday,4,,,0,1,1
166,2011-07-13,2011,7,Wednesday,5,,,0,1,0
167,2011-07-14,2011,7,Thursday,6,,,0,0,1
168,2011-07-15,2011,7,Friday,7,,,0,1,1
169,2011-07-16,2011,7,Saturday,1,,,0,0,0
170,2011-07-17,2011,7,Sunday,2,,,0,0,0
171,2011-07-18,2011,7,Monday,3,,,0,0,0
172,2011-07-19,2011,7,Tuesday,4,,,0,0,0
173,2011-07-20,2011,7,Wednesday,5,,,0,0,0
174,2011-07-21,2011,7,Thursday,6,,,0,0,0
175,2011-07-22,2011,7,Friday,7,,,0,0,0
176,2011-07-23,2011,7,Saturday,1,,,0,0,0
177,2011-07-24,2011,7,Sunday,2,,,0,0,0
178,2011-07-25,2011,7,Monday,3,,,0,0,0
179,2011-07-26,2011,7,Tuesday,4,,,0,0,0
180,2011-07-27,2011,7,Wednesday,5,,,0,0,0
181,2011-07-28,2011,7,Thursday,6,,,0,0,0
182,2011-07-29,2011,7,Friday,7,,,0,0,0
183,2011-07-30,2011,7,Saturday,1,,,0,0,0
184,2011-07-31,2011,7,Sunday,2,,,0,0,0
185,2011-08-01,2011,8,Monday,3,Ramadan starts,Religious,1,1,0
186,2011-08-02,2011,8,Tuesday,4,,,1,0,1
187,2011-08-03,2011,8,Wednesday,5,,,1,1,1
188,2011-08-04,2011,8,Thursday,6,,,1,0,0
189,2011-08-05,2011,8,Friday,7,,,1,1,1
190,2011-08-06,2011,8,Saturday,1,,,1,1,1
191,2011-08-07,2011,8,Sunday,2,,,1,1,0
192,2011-08-08,2011,8,Monday,3,,,1,0,1
193,2011-08-09,2011,8,Tuesday,4,,,1,1,1
194,2011-08-10,2011,8,Wednesday,5,,,1,0,0
195,2011-08-11,2011,8,Thursday,6,,,0,1,1
196,2011-08-12,2011,8,Friday,7,,,0,1,1
197,2011-08-13,2011,8,Saturday,1,,,0,1,0
198,2011-08-14,2011,8,Sunday,2,,,0,0,1
199,2011-08-15,2011,8,Monday,3,,,0,1,1
200,2011-08-16,2011,8,Tuesday,4,,,0,0,0
201,2011-08-17,2011,8,Wednesday,5,,,0,0,0
202,2011-08-18,2011,8,Thursday,6,,,0,0,0
203,2011-08-19,2011,8,Friday,7,,,0,0,0
204,2011-08-20,2011,8,Saturday,1,,,0,0,0
205,2011-08-21,2011,8,Sunday,2,,,0,0,0
206,2011-08-22,2011,8,Monday,3,,,0,0,0
207,2011-08-23,2011,8,Tuesday,4,,,0,0,0
208,2011-08-24,2011,8,Wednesday,5,,,0,0,0
209,2011-08-25,2011,8,Thursday,6,,,0,0,0
210,2011-08-26,2011,8,Friday,7,,,0,0,0
211,2011-08-27,2011,8,Saturday,1,,,0,0,0
212,2011-08-28,2011,8,Sunday,2,,,0,0,0
213,2011-08-29,2011,8,Monday,3,,,0,0,0
214,2011-08-30,2011,8,Tuesday,4,,,0,0,0
215,2011-08-31,2011,8,Wednesday,5,Eid al-Fitr,Religious,0,0,0
216,2011-09-01,2011,9,Thursday,6,,,1,1,0
217,2011-09-02,2011,9,Friday,7,,,1,0,1
218,2011-09-03,2011,9,Saturday,1,,,1,1,1
219,2011-09-04,2011,9,Sunday,2,,,1,0,0
220,2011-09-05,2011,9,Monday,3,LaborDay,National,1,1,1
221,2011-09-06,2011,9,Tuesday,4,,,1,1,1
222,2011-09-07,2011,9,Wednesday,5,,,1,1,0
223,2011-09-08,2011,9,Thursday,6,,,1,0,1
224,2011-09-09,2011,9,Friday,7,,,1,1,1
225,2011-09-10,2011,9,Saturday,1,,,1,0,0
226,2011-09-11,2011,9,Sunday,2,,,0,1,1
227,2011-09-12,2011,9,Monday,3,,,0,1,1
228,2011-09-13,2011,9,Tuesday,4,,,0,1,0
229,2011-09-14,2011,9,Wednesday,5,,,0,0,1
230,2011-09-15,2011,9,Thursday,6,,,0,1,1
231,2011-09-16,2011,9,Friday,7,,,0,0,0
232,2011-09-17,2011,9,Saturday,1,,,0,0,0
233,2011-09-18,2011,9,Sunday,2,,,0,0,0
234,2011-09-19,2011,9,Monday,3,,,0,0,0
235,2011-09-20,2011,9,Tuesday,4,,,0,0,0
236,2011-09-21,2011,9,Wednesday,5,,,0,0,0
237,2011-09-22,2011,9,Thursday,6,,,0,0,0
238,2011-09-23,2011,9,Friday,7,,,0,0,0
239,2011-09-24,2011,9,Saturday,1,,,0,0,0
240,2011-09-25,2011,9,Sunday,2,,,0,0,0
241,2011-09-26,2011,9,Monday,3,,,0,0,0
242,2011-09-27,2011,9,Tuesday,4,,,0,0,0
243,2011-09-28,2011,9,Wednesday,5,,,0,0,0
244,2011-09-29,2011,9,Thursday,6,,,0,0,0
245,2011-09-30,2011,9,Friday,7,,,0,0,0
246,2011-10-01,2011,10,Saturday,1,,,1,1,0
247,2011-10-02,2011,10,Sunday,2,,,1,0,1
248,2011-10-03,2011,10,Monday,3,,,1,1,1
249,2011-10-04,2011,10,Tuesday,4,,,1,0,0
250,2011-10-05,2011,10,Wednesday,5,,,1,1,1
251,2011-10-06,2011,10,Thursday,6,,,1,1,1
252,2011-10-07,2011,10,Friday,7,,,1,1,0
253,2011-10-08,2011,10,Saturday,1,,,1,0,1
254,2011-10-09,2011,10,Sunday,2,,,1,1,1
255,2011-10-10,2011,10,Monday,3,ColumbusDay,National,1,0,0
256,2011-10-11,2011,10,Tuesday,4,,,0,1,1
257,2011-10-12,2011,10,Wednesday,5,,,0,1,1
258,2011-10-13,2011,10,Thursday,6,,,0,1,0
259,2011-10-14,2011,10,Friday,7,,,0,0,1
260,2011-10-15,2011,10,Saturday,1,,,0,1,1
261,2011-10-16,2011,10,Sunday,2,,,0,0,0
262,2011-10-17,2011,10,Monday,3,,,0,0,0
263,2011-10-18,2011,10,Tuesday,4,,,0,0,0
264,2011-10-19,2011,10,Wednesday,5,,,0,0,0
265,2011-10-20,2011,10,Thursday,6,,,0,0,0
266,2011-10-21,2011,10,Friday,7,,,0,0,0
267,2011-10-22,2011,10,Saturday,1,,,0,0,0
268,2011-10-23,2011,10,Sunday,2,,,0,0,0
269,2011-10-24,2011,10,Monday,3,,,0,0,0
270,2011-10-25,2011,10,Tuesday,4,,,0,0,0
271,2011-10-26,2011,10,Wednesday,5,,,0,0,0
272,2011-10-27,2011,10,Thursday,6,,,0,0,0
273,2011-10-28,2011,10,Friday,7,,,0,0,0
274,2011-10-29,2011,10,Saturday,1,,,0,0,0
275,2011-10-30,2011,10,Sunday,2,,,0,0,0
276,2011-10-31,2011,10,Monday,3,Halloween,Cultural,0,0,0
277,2011-11-01,2011,11,Tuesday,4,,,1,1,0
278,2011-11-02,2011,11,Wednesday,5,,,1,0,1
279,2011-11-03,2011,11,Thursday,6,,,1,1,1
280,2011-11-04,2011,11,Friday,7,,,1,0,0
281,2011-11-05,2011,11,Saturday,1,,,1,1,1
282,2011-11-06,2011,11,Sunday,2,,,1,1,1
283,2011-11-07,2011,11,Monday,3,EidAlAdha,Religious,1,1,0
284,2011-11-08,2011,11,Tuesday,4,,,1,0,1
285,2011-11-09,2011,11,Wednesday,5,,,1,1,1
286,2011-11-10,2011,11,Thursday,6,,,1,0,0
287,2011-11-11,2011,11,Friday,7,VeteransDay,National,0,1,1
288,2011-11-12,2011,11,Saturday,1,,,0,1,1
289,2011-11-13,2011,11,Sunday,2,,,0,1,0
290,2011-11-14,2011,11,Monday,3,,,0,0,1
291,2011-11-15,2011,11,Tuesday,4,,,0,1,1
292,2011-11-16,2011,11,Wednesday,5,,,0,0,0
293,2011-11-17,2011,11,Thursday,6,,,0,0,0
294,2011-11-18,2011,11,Friday,7,,,0,0,0
295,2011-11-19,2011,11,Saturday,1,,,0,0,0
296,2011-11-20,2011,11,Sunday,2,,,0,0,0
297,2011-11-21,2011,11,Monday,3,,,0,0,0
298,2011-11-22,2011,11,Tuesday,4,,,0,0,0
299,2011-11-23,2011,11,Wednesday,5,,,0,0,0
300,2011-11-24,2011,11,Thursday,6,Thanksgiving,National,0,0,0
301,2011-11-25,2011,11,Friday,7,,,0,0,0
302,2011-11-26,2011,11,Saturday,1,,,0,0,0
303,2011-11-27,2011,11,Sunday,2,,,0,0,0
304,2011-11-28,2011,11,Monday,3,,,0,0,0
305,2011-11-29,2011,11,Tuesday,4,,,0,0,0
306,2011-11-30,2011,11,Wednesday,5,,,0,0,0
307,2011-12-01,2011,12,Thursday,6,,,1,1,0
308,2011-12-02,2011,12,Friday,7,,,1,0,1
309,2011-12-03,2011,12,Saturday,1,,,1,1,1
310,2011-12-04,2011,12,Sunday,2,,,1,0,0
311,2011-12-05,2011,12,Monday,3,,,1,1,1
312,2011-12-06,2011,12,Tuesday,4,,,1,1,1
313,2011-12-07,2011,12,Wednesday,5,,,1,1,0
314,2011-12-08,2011,12,Thursday,6,,,1,0,1
315,2011-12-09,2011,12,Friday,7,,,1,1,1
316,2011-12-10,2011,12,Saturday,1,,,1,0,0
317,2011-12-11,2011,12,Sunday,2,,,0,1,1
318,2011-12-12,2011,12,Monday,3,,,0,1,1
319,2011-12-13,2011,12,Tuesday,4,,,0,1,0
320,2011-12-14,2011,12,Wednesday,5,,,0,0,1
321,2011-12-15,2011,12,Thursday,6,,,0,1,1
322,2011-12-16,2011,12,Friday,7,,,0,0,0
323,2011-12-17,2011,12,Saturday,1,,,0,0,0
324,2011-12-18,2011,12,Sunday,2,,,0,0,0
325,2011-12-19,2011,12,Monday,3,,,0,0,0
326,2011-12-20,2011,12,Tuesday,4,,,0,0,0
327,2011-12-21,2011,12,Wednesday,5,,,0,0,0
328,2011-12-22,2011,12,Thursday,6,,,0,0,0
329,2011-12-23,2011,12,Friday,7,,,0,0,0
330,2011-12-24,2011,12,Saturday,1,,,0,0,0
331,2011-12-25,2011,12,Sunday,2,Christmas,National,0,0,0
332,2011-12-26,2011,12,Monday,3,,,0,0,0
333,2011-12-27,2011,12,Tuesday,4,,,0,0,0
334,2011-12-28,2011,12,Wednesday,5,Chanukah End,Religious,0,0,0
335,2011-12-29,2011,12,Thursday,6,,,0,0,0
336,2011-12-30,2011,12,Friday,7,,,0,0,0
337,2011-12-31,2011,12,Saturday,1,,,0,0,0
338,2012-01-01,2012,1,Sunday,2,NewYear,National,1,1,0
339,2012-01-02,2012,1,Monday,3,,,1,0,1
340,2012-01-03,2012,1,Tuesday,4,,,1,1,1
341,2012-01-04,2012,1,Wednesday,5,,,1,0,0
342,2012-01-05,2012,1,Thursday,6,,,1,1,1
343,2012-01-06,2012,1,Friday,7,,,1,1,1
344,2012-01-07,2012,1,Saturday,1,OrthodoxChristmas,Religious,1,1,0
345,2012-01-08,2012,1,Sunday,2,,,1,0,1
346,2012-01-09,2012,1,Monday,3,,,1,1,1
347,2012-01-10,2012,1,Tuesday,4,,,1,0,0
348,2012-01-11,2012,1,Wednesday,5,,,0,1,1
349,2012-01-12,2012,1,Thursday,6,,,0,1,1
350,2012-01-13,2012,1,Friday,7,,,0,1,0
351,2012-01-14,2012,1,Saturday,1,,,0,0,1
352,2012-01-15,2012,1,Sunday,2,,,0,1,1
353,2012-01-16,2012,1,Monday,3,MartinLutherKingDay,National,0,0,0
354,2012-01-17,2012,1,Tuesday,4,,,0,0,0
355,2012-01-18,2012,1,Wednesday,5,,,0,0,0
356,2012-01-19,2012,1,Thursday,6,,,0,0,0
357,2012-01-20,2012,1,Friday,7,,,0,0,0
358,2012-01-21,2012,1,Saturday,1,,,0,0,0
359,2012-01-22,2012,1,Sunday,2,,,0,0,0
360,2012-01-23,2012,1,Monday,3,,,0,0,0
361,2012-01-24,2012,1,Tuesday,4,,,0,0,0
362,2012-01-25,2012,1,Wednesday,5,,,0,0,0
363,2012-01-26,2012,1,Thursday,6,,,0,0,0
364,2012-01-27,2012,1,Friday,7,,,0,0,0
365,2012-01-28,2012,1,Saturday,1,,,0,0,0
366,2012-01-29,2012,1,Sunday,2,,,0,0,0
367,2012-01-30,2012,1,Monday,3,,,0,0,0
368,2012-01-31,2012,1,Tuesday,4,,,0,0,0
369,2012-02-01,2012,2,Wednesday,5,,,1,1,0
370,2012-02-02,2012,2,Thursday,6,,,1,0,1
371,2012-02-03,2012,2,Friday,7,,,1,1,1
372,2012-02-04,2012,2,Saturday,1,,,1,0,0
373,2012-02-05,2012,2,Sunday,2,SuperBowl,Sporting,1,1,1
374,2012-02-06,2012,2,Monday,3,,,1,1,1
375,2012-02-07,2012,2,Tuesday,4,,,1,1,0
376,2012-02-08,2012,2,Wednesday,5,,,1,0,1
377,2012-02-09,2012,2,Thursday,6,,,1,1,1
378,2012-02-10,2012,2,Friday,7,,,1,0,0
379,2012-02-11,2012,2,Saturday,1,,,0,1,1
380,2012-02-12,2012,2,Sunday,2,,,0,1,1
381,2012-02-13,2012,2,Monday,3,,,0,1,0
382,2012-02-14,2012,2,Tuesday,4,ValentinesDay,Cultural,0,0,1
383,2012-02-15,2012,2,Wednesday,5,,,0,1,1
384,2012-02-16,2012,2,Thursday,6,,,0,0,0
385,2012-02-17,2012,2,Friday,7,,,0,0,0
386,2012-02-18,2012,2,Saturday,1,,,0,0,0
387,2012-02-19,2012,2,Sunday,2,,,0,0,0
388,2012-02-20,2012,2,Monday,3,PresidentsDay,National,0,0,0
389,2012-02-21,2012,2,Tuesday,4,,,0,0,0
390,2012-02-22,2012,2,Wednesday,5,LentStart,Religious,0,0,0
391,2012-02-23,2012,2,Thursday,6,,,0,0,0
392,2012-02-24,2012,2,Friday,7,,,0,0,0
393,2012-02-25,2012,2,Saturday,1,,,0,0,0
394,2012-02-26,2012,2,Sunday,2,,,0,0,0
395,2012-02-27,2012,2,Monday,3,,,0,0,0
396,2012-02-28,2012,2,Tuesday,4,,,0,0,0
397,2012-02-29,2012,2,Wednesday,5,LentWeek2,Religious,0,0,0
398,2012-03-01,2012,3,Thursday,6,,,1,1,0
399,2012-03-02,2012,3,Friday,7,,,1,0,1
400,2012-03-03,2012,3,Saturday,1,,,1,1,1
401,2012-03-04,2012,3,Sunday,2,,,1,0,0
402,2012-03-05,2012,3,Monday,3,,,1,1,1
403,2012-03-06,2012,3,Tuesday,4,,,1,1,1
404,2012-03-07,2012,3,Wednesday,5,,,1,1,0
405,2012-03-08,2012,3,Thursday,6,Purim End,Religious,1,0,1
406,2012-03-09,2012,3,Friday,7,,,1,1,1
407,2012-03-10,2012,3,Saturday,1,,,1,0,0
408,2012-03-11,2012,3,Sunday,2,,,0,1,1
409,2012-03-12,2012,3,Monday,3,,,0,1,1
410,2012-03-13,2012,3,Tuesday,4,,,0,1,0
411,2012-03-14,2012,3,Wednesday,5,,,0,0,1
412,2012-03-15,2012,3,Thursday,6,,,0,1,1
413,2012-03-16,2012,3,Friday,7,,,0,0,0
414,2012-03-17,2012,3,Saturday,1,StPatricksDay,Cultural,0,0,0
415,2012-03-18,2012,3,Sunday,2,,,0,0,0
416,2012-03-19,2012,3,Monday,3,,,0,0,0
417,2012-03-20,2012,3,Tuesday,4,,,0,0,0
418,2012-03-21,2012,3,Wednesday,5,,,0,0,0
419,2012-03-22,2012,3,Thursday,6,,,0,0,0
420,2012-03-23,2012,3,Friday,7,,,0,0,0
421,2012-03-24,2012,3,Saturday,1,,,0,0,0
422,2012-03-25,2012,3,Sunday,2,,,0,0,0
423,2012-03-26,2012,3,Monday,3,,,0,0,0
424,2012-03-27,2012,3,Tuesday,4,,,0,0,0
425,2012-03-28,2012,3,Wednesday,5,,,0,0,0
426,2012-03-29,2012,3,Thursday,6,,,0,0,0
427,2012-03-30,2012,3,Friday,7,,,0,0,0
428,2012-03-31,2012,3,Saturday,1,,,0,0,0
429,2012-04-01,2012,4,Sunday,2,,,1,1,0
430,2012-04-02,2012,4,Monday,3,,,1,0,1
431,2012-04-03,2012,4,Tuesday,4,,,1,1,1
432,2012-04-04,2012,4,Wednesday,5,,,1,0,0
433,2012-04-05,2012,4,Thursday,6,,,1,1,1
434,2012-04-06,2012,4,Friday,7,,,1,1,1
435,2012-04-07,2012,4,Saturday,1,,,1,1,0
436,2012-04-08,2012,4,Sunday,2,Easter,Cultural,1,0,1
437,2012-04-09,2012,4,Monday,3,,,1,1,1
438,2012-04-10,2012,4,Tuesday,4,,,1,0,0
439,2012-04-11,2012,4,Wednesday,5,,,0,1,1
440,2012-04-12,2012,4,Thursday,6,,,0,1,1
441,2012-04-13,2012,4,Friday,7,,,0,1,0
442,2012-04-14,2012,4,Saturday,1,Pesach End,Religious,0,0,1
443,2012-04-15,2012,4,Sunday,2,OrthodoxEaster,Religious,0,1,1
444,2012-04-16,2012,4,Monday,3,,,0,0,0
445,2012-04-17,2012,4,Tuesday,4,,,0,0,0
446,2012-04-18,2012,4,Wednesday,5,,,0,0,0
447,2012-04-19,2012,4,Thursday,6,,,0,0,0
448,2012-04-20,2012,4,Friday,7,,,0,0,0
449,2012-04-21,2012,4,Saturday,1,,,0,0,0
450,2012-04-22,2012,4,Sunday,2,,,0,0,0
451,2012-04-23,2012,4,Monday,3,,,0,0,0
452,2012-04-24,2012,4,Tuesday,4,,,0,0,0
453,2012-04-25,2012,4,Wednesday,5,,,0,0,0
454,2012-04-26,2012,4,Thursday,6,,,0,0,0
455,2012-04-27,2012,4,Friday,7,,,0,0,0
456,2012-04-28,2012,4,Saturday,1,,,0,0,0
457,2012-04-29,2012,4,Sunday,2,,,0,0,0
458,2012-04-30,2012,4,Monday,3,,,0,0,0
459,2012-05-01,2012,5,Tuesday,4,,,1,1,0
460,2012-05-02,2012,5,Wednesday,5,,,1,0,1
461,2012-05-03,2012,5,Thursday,6,,,1,1,1
462,2012-05-04,2012,5,Friday,7,,,1,0,0
463,2012-05-05,2012,5,Saturday,1,Cinco De Mayo,Cultural,1,1,1
464,2012-05-06,2012,5,Sunday,2,,,1,1,1
465,2012-05-07,2012,5,Monday,3,,,1,1,0
466,2012-05-08,2012,5,Tuesday,4,,,1,0,1
467,2012-05-09,2012,5,Wednesday,5,,,1,1,1
468,2012-05-10,2012,5,Thursday,6,,,1,0,0
469,2012-05-11,2012,5,Friday,7,,,0,1,1
470,2012-05-12,2012,5,Saturday,1,,,0,1,1
471,2012-05-13,2012,5,Sunday,2,Mother's day,Cultural,0,1,0
472,2012-05-14,2012,5,Monday,3,,,0,0,1
473,2012-05-15,2012,5,Tuesday,4,,,0,1,1
474,2012-05-16,2012,5,Wednesday,5,,,0,0,0
475,2012-05-17,2012,5,Thursday,6,,,0,0,0
476,2012-05-18,2012,5,Friday,7,,,0,0,0
477,2012-05-19,2012,5,Saturday,1,,,0,0,0
478,2012-05-20,2012,5,Sunday,2,,,0,0,0
479,2012-05-21,2012,5,Monday,3,,,0,0,0
480,2012-05-22,2012,5,Tuesday,4,,,0,0,0
481,2012-05-23,2012,5,Wednesday,5,,,0,0,0
482,2012-05-24,2012,5,Thursday,6,,,0,0,0
483,2012-05-25,2012,5,Friday,7,,,0,0,0
484,2012-05-26,2012,5,Saturday,1,,,0,0,0
485,2012-05-27,2012,5,Sunday,2,,,0,0,0
486,2012-05-28,2012,5,Monday,3,MemorialDay,National,0,0,0
487,2012-05-29,2012,5,Tuesday,4,,,0,0,0
488,2012-05-30,2012,5,Wednesday,5,,,0,0,0
489,2012-05-31,2012,5,Thursday,6,,,0,0,0
490,2012-06-01,2012,6,Friday,7,,,1,1,0
491,2012-06-02,2012,6,Saturday,1,,,1,0,1
492,2012-06-03,2012,6,Sunday,2,,,1,1,1
493,2012-06-04,2012,6,Monday,3,,,1,0,0
494,2012-06-05,2012,6,Tuesday,4,,,1,1,1
495,2012-06-06,2012,6,Wednesday,5,,,1,1,1
496,2012-06-07,2012,6,Thursday,6,,,1,1,0
497,2012-06-08,2012,6,Friday,7,,,1,0,1
498,2012-06-09,2012,6,Saturday,1,,,1,1,1
499,2012-06-10,2012,6,Sunday,2,,,1,0,0
500,2012-06-11,2012,6,Monday,3,,,0,1,1
501,2012-06-12,2012,6,Tuesday,4,NBAFinalsStart,Sporting,0,1,1
502,2012-06-13,2012,6,Wednesday,5,,,0,1,0
503,2012-06-14,2012,6,Thursday,6,,,0,0,1
504,2012-06-15,2012,6,Friday,7,,,0,1,1
505,2012-06-16,2012,6,Saturday,1,,,0,0,0
506,2012-06-17,2012,6,Sunday,2,Father's day,Cultural,0,0,0
507,2012-06-18,2012,6,Monday,3,,,0,0,0
508,2012-06-19,2012,6,Tuesday,4,,,0,0,0
509,2012-06-20,2012,6,Wednesday,5,,,0,0,0
510,2012-06-21,2012,6,Thursday,6,NBAFinalsEnd,Sporting,0,0,0
511,2012-06-22,2012,6,Friday,7,,,0,0,0
512,2012-06-23,2012,6,Saturday,1,,,0,0,0
513,2012-06-24,2012,6,Sunday,2,,,0,0,0
514,2012-06-25,2012,6,Monday,3,,,0,0,0
515,2012-06-26,2012,6,Tuesday,4,,,0,0,0
516,2012-06-27,2012,6,Wednesday,5,,,0,0,0
517,2012-06-28,2012,6,Thursday,6,,,0,0,0
518,2012-06-29,2012,6,Friday,7,,,0,0,0
519,2012-06-30,2012,6,Saturday,1,,,0,0,0
520,2012-07-01,2012,7,Sunday,2,,,1,1,0
521,2012-07-02,2012,7,Monday,3,,,1,0,1
522,2012-07-03,2012,7,Tuesday,4,,,1,1,1
523,2012-07-04,2012,7,Wednesday,5,IndependenceDay,National,1,0,0
524,2012-07-05,2012,7,Thursday,6,,,1,1,1
525,2012-07-06,2012,7,Friday,7,,,1,1,1
526,2012-07-07,2012,7,Saturday,1,,,1,1,0
527,2012-07-08,2012,7,Sunday,2,,,1,0,1
528,2012-07-09,2012,7,Monday,3,,,1,1,1
529,2012-07-10,2012,7,Tuesday,4,,,1,0,0
530,2012-07-11,2012,7,Wednesday,5,,,0,1,1
531,2012-07-12,2012,7,Thursday,6,,,0,1,1
532,2012-07-13,2012,7,Friday,7,,,0,1,0
533,2012-07-14,2012,7,Saturday,1,,,0,0,1
534,2012-07-15,2012,7,Sunday,2,,,0,1,1
535,2012-07-16,2012,7,Monday,3,,,0,0,0
536,2012-07-17,2012,7,Tuesday,4,,,0,0,0
537,2012-07-18,2012,7,Wednesday,5,,,0,0,0
538,2012-07-19,2012,7,Thursday,6,,,0,0,0
539,2012-07-20,2012,7,Friday,7,Ramadan starts,Religious,0,0,0
540,2012-07-21,2012,7,Saturday,1,,,0,0,0
541,2012-07-22,2012,7,Sunday,2,,,0,0,0
542,2012-07-23,2012,7,Monday,3,,,0,0,0
543,2012-07-24,2012,7,Tuesday,4,,,0,0,0
544,2012-07-25,2012,7,Wednesday,5,,,0,0,0
545,2012-07-26,2012,7,Thursday,6,,,0,0,0
546,2012-07-27,2012,7,Friday,7,,,0,0,0
547,2012-07-28,2012,7,Saturday,1,,,0,0,0
548,2012-07-29,2012,7,Sunday,2,,,0,0,0
549,2012-07-30,2012,7,Monday,3,,,0,0,0
550,2012-07-31,2012,7,Tuesday,4,,,0,0,0
551,2012-08-01,2012,8,Wednesday,5,,,1,1,0
552,2012-08-02,2012,8,Thursday,6,,,1,0,1
553,2012-08-03,2012,8,Friday,7,,,1,1,1
554,2012-08-04,2012,8,Saturday,1,,,1,0,0
555,2012-08-05,2012,8,Sunday,2,,,1,1,1
556,2012-08-06,2012,8,Monday,3,,,1,1,1
557,2012-08-07,2012,8,Tuesday,4,,,1,1,0
558,2012-08-08,2012,8,Wednesday,5,,,1,0,1
559,2012-08-09,2012,8,Thursday,6,,,1,1,1
560,2012-08-10,2012,8,Friday,7,,,1,0,0
561,2012-08-11,2012,8,Saturday,1,,,0,1,1
562,2012-08-12,2012,8,Sunday,2,,,0,1,1
563,2012-08-13,2012,8,Monday,3,,,0,1,0
564,2012-08-14,2012,8,Tuesday,4,,,0,0,1
565,2012-08-15,2012,8,Wednesday,5,,,0,1,1
566,2012-08-16,2012,8,Thursday,6,,,0,0,0
567,2012-08-17,2012,8,Friday,7,,,0,0,0
568,2012-08-18,2012,8,Saturday,1,,,0,0,0
569,2012-08-19,2012,8,Sunday,2,Eid al-Fitr,Religious,0,0,0
570,2012-08-20,2012,8,Monday,3,,,0,0,0
571,2012-08-21,2012,8,Tuesday,4,,,0,0,0
572,2012-08-22,2012,8,Wednesday,5,,,0,0,0
573,2012-08-23,2012,8,Thursday,6,,,0,0,0
574,2012-08-24,2012,8,Friday,7,,,0,0,0
575,2012-08-25,2012,8,Saturday,1,,,0,0,0
576,2012-08-26,2012,8,Sunday,2,,,0,0,0
577,2012-08-27,2012,8,Monday,3,,,0,0,0
578,2012-08-28,2012,8,Tuesday,4,,,0,0,0
579,2012-08-29,2012,8,Wednesday,5,,,0,0,0
580,2012-08-30,2012,8,Thursday,6,,,0,0,0
581,2012-08-31,2012,8,Friday,7,,,0,0,0
582,2012-09-01,2012,9,Saturday,1,,,1,1,0
583,2012-09-02,2012,9,Sunday,2,,,1,0,1
584,2012-09-03,2012,9,Monday,3,LaborDay,National,1,1,1
585,2012-09-04,2012,9,Tuesday,4,,,1,0,0
586,2012-09-05,2012,9,Wednesday,5,,,1,1,1
587,2012-09-06,2012,9,Thursday,6,,,1,1,1
588,2012-09-07,2012,9,Friday,7,,,1,1,0
589,2012-09-08,2012,9,Saturday,1,,,1,0,1
590,2012-09-09,2012,9,Sunday,2,,,1,1,1
591,2012-09-10,2012,9,Monday,3,,,1,0,0
592,2012-09-11,2012,9,Tuesday,4,,,0,1,1
593,2012-09-12,2012,9,Wednesday,5,,,0,1,1
594,2012-09-13,2012,9,Thursday,6,,,0,1,0
595,2012-09-14,2012,9,Friday,7,,,0,0,1
596,2012-09-15,2012,9,Saturday,1,,,0,1,1
597,2012-09-16,2012,9,Sunday,2,,,0,0,0
598,2012-09-17,2012,9,Monday,3,,,0,0,0
599,2012-09-18,2012,9,Tuesday,4,,,0,0,0
600,2012-09-19,2012,9,Wednesday,5,,,0,0,0
601,2012-09-20,2012,9,Thursday,6,,,0,0,0
602,2012-09-21,2012,9,Friday,7,,,0,0,0
603,2012-09-22,2012,9,Saturday,1,,,0,0,0
604,2012-09-23,2012,9,Sunday,2,,,0,0,0
605,2012-09-24,2012,9,Monday,3,,,0,0,0
606,2012-09-25,2012,9,Tuesday,4,,,0,0,0
607,2012-09-26,2012,9,Wednesday,5,,,0,0,0
608,2012-09-27,2012,9,Thursday,6,,,0,0,0
609,2012-09-28,2012,9,Friday,7,,,0,0,0
610,2012-09-29,2012,9,Saturday,1,,,0,0,0
611,2012-09-30,2012,9,Sunday,2,,,0,0,0
612,2012-10-01,2012,10,Monday,3,,,1,1,0
613,2012-10-02,2012,10,Tuesday,4,,,1,0,1
614,2012-10-03,2012,10,Wednesday,5,,,1,1,1
615,2012-10-04,2012,10,Thursday,6,,,1,0,0
616,2012-10-05,2012,10,Friday,7,,,1,1,1
617,2012-10-06,2012,10,Saturday,1,,,1,1,1
618,2012-10-07,2012,10,Sunday,2,,,1,1,0
619,2012-10-08,2012,10,Monday,3,ColumbusDay,National,1,0,1
620,2012-10-09,2012,10,Tuesday,4,,,1,1,1
621,2012-10-10,2012,10,Wednesday,5,,,1,0,0
622,2012-10-11,2012,10,Thursday,6,,,0,1,1
623,2012-10-12,2012,10,Friday,7,,,0,1,1
624,2012-10-13,2012,10,Saturday,1,,,0,1,0
625,2012-10-14,2012,10,Sunday,2,,,0,0,1
626,2012-10-15,2012,10,Monday,3,,,0,1,1
627,2012-10-16,2012,10,Tuesday,4,,,0,0,0
628,2012-10-17,2012,10,Wednesday,5,,,0,0,0
629,2012-10-18,2012,10,Thursday,6,,,0,0,0
630,2012-10-19,2012,10,Friday,7,,,0,0,0
631,2012-10-20,2012,10,Saturday,1,,,0,0,0
632,2012-10-21,2012,10,Sunday,2,,,0,0,0
633,2012-10-22,2012,10,Monday,3,,,0,0,0
634,2012-10-23,2012,10,Tuesday,4,,,0,0,0
635,2012-10-24,2012,10,Wednesday,5,,,0,0,0
636,2012-10-25,2012,10,Thursday,6,,,0,0,0
637,2012-10-26,2012,10,Friday,7,EidAlAdha,Religious,0,0,0
638,2012-10-27,2012,10,Saturday,1,,,0,0,0
639,2012-10-28,2012,10,Sunday,2,,,0,0,0
640,2012-10-29,2012,10,Monday,3,,,0,0,0
641,2012-10-30,2012,10,Tuesday,4,,,0,0,0
642,2012-10-31,2012,10,Wednesday,5,Halloween,Cultural,0,0,0
643,2012-11-01,2012,11,Thursday,6,,,1,1,0
644,2012-11-02,2012,11,Friday,7,,,1,0,1
645,2012-11-03,2012,11,Saturday,1,,,1,1,1
646,2012-11-04,2012,11,Sunday,2,,,1,0,0
647,2012-11-05,2012,11,Monday,3,,,1,1,1
648,2012-11-06,2012,11,Tuesday,4,,,1,1,1
649,2012-11-07,2012,11,Wednesday,5,,,1,1,0
650,2012-11-08,2012,11,Thursday,6,,,1,0,1
651,2012-11-09,2012,11,Friday,7,,,1,1,1
652,2012-11-10,2012,11,Saturday,1,,,1,0,0
653,2012-11-11,2012,11,Sunday,2,VeteransDay,National,0,1,1
654,2012-11-12,2012,11,Monday,3,,,0,1,1
655,2012-11-13,2012,11,Tuesday,4,,,0,1,0
656,2012-11-14,2012,11,Wednesday,5,,,0,0,1
657,2012-11-15,2012,11,Thursday,6,,,0,1,1
658,2012-11-16,2012,11,Friday,7,,,0,0,0
659,2012-11-17,2012,11,Saturday,1,,,0,0,0
660,2012-11-18,2012,11,Sunday,2,,,0,0,0
661,2012-11-19,2012,11,Monday,3,,,0,0,0
662,2012-11-20,2012,11,Tuesday,4,,,0,0,0
663,2012-11-21,2012,11,Wednesday,5,,,0,0,0
664,2012-11-22,2012,11,Thursday,6,Thanksgiving,National,0,0,0
665,2012-11-23,2012,11,Friday,7,,,0,0,0
666,2012-11-24,2012,11,Saturday,1,,,0,0,0
667,2012-11-25,2012,11,Sunday,2,,,0,0,0
668,2012-11-26,2012,11,Monday,3,,,0,0,0
669,2012-11-27,2012,11,Tuesday,4,,,0,0,0
670,2012-11-28,2012,11,Wednesday,5,,,0,0,0
671,2012-11-29,2012,11,Thursday,6,,,0,0,0
672,2012-11-30,2012,11,Friday,7,,,0,0,0
673,2012-12-01,2012,12,Saturday,1,,,1,1,0
674,2012-12-02,2012,12,Sunday,2,,,1,0,1
675,2012-12-03,2012,12,Monday,3,,,1,1,1
676,2012-12-04,2012,12,Tuesday,4,,,1,0,0
677,2012-12-05,2012,12,Wednesday,5,,,1,1,1
678,2012-12-06,2012,12,Thursday,6,,,1,1,1
679,2012-12-07,2012,12,Friday,7,,,1,1,0
680,2012-12-08,2012,12,Saturday,1,,,1,0,1
681,2012-12-09,2012,12,Sunday,2,,,1,1,1
682,2012-12-10,2012,12,Monday,3,,,1,0,0
683,2012-12-11,2012,12,Tuesday,4,,,0,1,1
684,2012-12-12,2012,12,Wednesday,5,,,0,1,1
685,2012-12-13,2012,12,Thursday,6,,,0,1,0
686,2012-12-14,2012,12,Friday,7,,,0,0,1
687,2012-12-15,2012,12,Saturday,1,,,0,1,1
688,2012-12-16,2012,12,Sunday,2,Chanukah End,Religious,0,0,0
689,2012-12-17,2012,12,Monday,3,,,0,0,0
690,2012-12-18,2012,12,Tuesday,4,,,0,0,0
691,2012-12-19,2012,12,Wednesday,5,,,0,0,0
692,2012-12-20,2012,12,Thursday,6,,,0,0,0
693,2012-12-21,2012,12,Friday,7,,,0,0,0
694,2012-12-22,2012,12,Saturday,1,,,0,0,0
695,2012-12-23,2012,12,Sunday,2,,,0,0,0
696,2012-12-24,2012,12,Monday,3,,,0,0,0
697,2012-12-25,2012,12,Tuesday,4,Christmas,National,0,0,0
698,2012-12-26,2012,12,Wednesday,5,,,0,0,0
699,2012-12-27,2012,12,Thursday,6,,,0,0,0
700,2012-12-28,2012,12,Friday,7,,,0,0,0
701,2012-12-29,2012,12,Saturday,1,,,0,0,0
702,2012-12-30,2012,12,Sunday,2,,,0,0,0
703,2012-12-31,2012,12,Monday,3,,,0,0,0
704,2013-01-01,2013,1,Tuesday,4,NewYear,National,1,1,0
705,2013-01-02,2013,1,Wednesday,5,,,1,0,1
706,2013-01-03,2013,1,Thursday,6,,,1,1,1
707,2013-01-04,2013,1,Friday,7,,,1,0,0
708,2013-01-05,2013,1,Saturday,1,,,1,1,1
709,2013-01-06,2013,1,Sunday,2,,,1,1,1
710,2013-01-07,2013,1,Monday,3,OrthodoxChristmas,Religious,1,1,0
711,2013-01-08,2013,1,Tuesday,4,,,1,0,1
712,2013-01-09,2013,1,Wednesday,5,,,1,1,1
713,2013-01-10,2013,1,Thursday,6,,,1,0,0
714,2013-01-11,2013,1,Friday,7,,,0,1,1
715,2013-01-12,2013,1,Saturday,1,,,0,1,1
716,2013-01-13,2013,1,Sunday,2,,,0,1,0
717,2013-01-14,2013,1,Monday,3,,,0,0,1
718,2013-01-15,2013,1,Tuesday,4,,,0,1,1
719,2013-01-16,2013,1,Wednesday,5,,,0,0,0
720,2013-01-17,2013,1,Thursday,6,,,0,0,0
721,2013-01-18,2013,1,Friday,7,,,0,0,0
722,2013-01-19,2013,1,Saturday,1,,,0,0,0
723,2013-01-20,2013,1,Sunday,2,,,0,0,0
724,2013-01-21,2013,1,Monday,3,MartinLutherKingDay,National,0,0,0
725,2013-01-22,2013,1,Tuesday,4,,,0,0,0
726,2013-01-23,2013,1,Wednesday,5,,,0,0,0
727,2013-01-24,2013,1,Thursday,6,,,0,0,0
728,2013-01-25,2013,1,Friday,7,,,0,0,0
729,2013-01-26,2013,1,Saturday,1,,,0,0,0
730,2013-01-27,2013,1,Sunday,2,,,0,0,0
731,2013-01-28,2013,1,Monday,3,,,0,0,0
732,2013-01-29,2013,1,Tuesday,4,,,0,0,0
733,2013-01-30,2013,1,Wednesday,5,,,0,0,0
734,2013-01-31,2013,1,Thursday,6,,,0,0,0
735,2013-02-01,2013,2,Friday,7,,,1,1,0
736,2013-02-02,2013,2,Saturday,1,,,1,0,1
737,2013-02-03,2013,2,Sunday,2,SuperBowl,Sporting,1,1,1
738,2013-02-04,2013,2,Monday,3,,,1,0,0
739,2013-02-05,2013,2,Tuesday,4,,,1,1,1
740,2013-02-06,2013,2,Wednesday,5,,,1,1,1
741,2013-02-07,2013,2,Thursday,6,,,1,1,0
742,2013-02-08,2013,2,Friday,7,,,1,0,1
743,2013-02-09,2013,2,Saturday,1,,,1,1,1
744,2013-02-10,2013,2,Sunday,2,,,1,0,0
745,2013-02-11,2013,2,Monday,3,,,0,1,1
746,2013-02-12,2013,2,Tuesday,4,,,0,1,1
747,2013-02-13,2013,2,Wednesday,5,LentStart,Religious,0,1,0
748,2013-02-14,2013,2,Thursday,6,ValentinesDay,Cultural,0,0,1
749,2013-02-15,2013,2,Friday,7,,,0,1,1
750,2013-02-16,2013,2,Saturday,1,,,0,0,0
751,2013-02-17,2013,2,Sunday,2,,,0,0,0
752,2013-02-18,2013,2,Monday,3,PresidentsDay,National,0,0,0
753,2013-02-19,2013,2,Tuesday,4,,,0,0,0
754,2013-02-20,2013,2,Wednesday,5,LentWeek2,Religious,0,0,0
755,2013-02-21,2013,2,Thursday,6,,,0,0,0
756,2013-02-22,2013,2,Friday,7,,,0,0,0
757,2013-02-23,2013,2,Saturday,1,,,0,0,0
758,2013-02-24,2013,2,Sunday,2,Purim End,Religious,0,0,0
759,2013-02-25,2013,2,Monday,3,,,0,0,0
760,2013-02-26,2013,2,Tuesday,4,,,0,0,0
761,2013-02-27,2013,2,Wednesday,5,,,0,0,0
762,2013-02-28,2013,2,Thursday,6,,,0,0,0
763,2013-03-01,2013,3,Friday,7,,,1,1,0
764,2013-03-02,2013,3,Saturday,1,,,1,0,1
765,2013-03-03,2013,3,Sunday,2,,,1,1,1
766,2013-03-04,2013,3,Monday,3,,,1,0,0
767,2013-03-05,2013,3,Tuesday,4,,,1,1,1
768,2013-03-06,2013,3,Wednesday,5,,,1,1,1
769,2013-03-07,2013,3,Thursday,6,,,1,1,0
770,2013-03-08,2013,3,Friday,7,,,1,0,1
771,2013-03-09,2013,3,Saturday,1,,,1,1,1
772,2013-03-10,2013,3,Sunday,2,,,1,0,0
773,2013-03-11,2013,3,Monday,3,,,0,1,1
774,2013-03-12,2013,3,Tuesday,4,,,0,1,1
775,2013-03-13,2013,3,Wednesday,5,,,0,1,0
776,2013-03-14,2013,3,Thursday,6,,,0,0,1
777,2013-03-15,2013,3,Friday,7,,,0,1,1
778,2013-03-16,2013,3,Saturday,1,,,0,0,0
779,2013-03-17,2013,3,Sunday,2,StPatricksDay,Cultural,0,0,0
780,2013-03-18,2013,3,Monday,3,,,0,0,0
781,2013-03-19,2013,3,Tuesday,4,,,0,0,0
782,2013-03-20,2013,3,Wednesday,5,,,0,0,0
783,2013-03-21,2013,3,Thursday,6,,,0,0,0
784,2013-03-22,2013,3,Friday,7,,,0,0,0
785,2013-03-23,2013,3,Saturday,1,,,0,0,0
786,2013-03-24,2013,3,Sunday,2,,,0,0,0
787,2013-03-25,2013,3,Monday,3,,,0,0,0
788,2013-03-26,2013,3,Tuesday,4,,,0,0,0
789,2013-03-27,2013,3,Wednesday,5,,,0,0,0
790,2013-03-28,2013,3,Thursday,6,,,0,0,0
791,2013-03-29,2013,3,Friday,7,,,0,0,0
792,2013-03-30,2013,3,Saturday,1,,,0,0,0
793,2013-03-31,2013,3,Sunday,2,Easter,Cultural,0,0,0
794,2013-04-01,2013,4,Monday,3,,,1,1,0
795,2013-04-02,2013,4,Tuesday,4,Pesach End,Religious,1,0,1
796,2013-04-03,2013,4,Wednesday,5,,,1,1,1
797,2013-04-04,2013,4,Thursday,6,,,1,0,0
798,2013-04-05,2013,4,Friday,7,,,1,1,1
799,2013-04-06,2013,4,Saturday,1,,,1,1,1
800,2013-04-07,2013,4,Sunday,2,,,1,1,0
801,2013-04-08,2013,4,Monday,3,,,1,0,1
802,2013-04-09,2013,4,Tuesday,4,,,1,1,1
803,2013-04-10,2013,4,Wednesday,5,,,1,0,0
804,2013-04-11,2013,4,Thursday,6,,,0,1,1
805,2013-04-12,2013,4,Friday,7,,,0,1,1
806,2013-04-13,2013,4,Saturday,1,,,0,1,0
807,2013-04-14,2013,4,Sunday,2,,,0,0,1
808,2013-04-15,2013,4,Monday,3,,,0,1,1
809,2013-04-16,2013,4,Tuesday,4,,,0,0,0
810,2013-04-17,2013,4,Wednesday,5,,,0,0,0
811,2013-04-18,2013,4,Thursday,6,,,0,0,0
812,2013-04-19,2013,4,Friday,7,,,0,0,0
813,2013-04-20,2013,4,Saturday,1,,,0,0,0
814,2013-04-21,2013,4,Sunday,2,,,0,0,0
815,2013-04-22,2013,4,Monday,3,,,0,0,0
816,2013-04-23,2013,4,Tuesday,4,,,0,0,0
817,2013-04-24,2013,4,Wednesday,5,,,0,0,0
818,2013-04-25,2013,4,Thursday,6,,,0,0,0
819,2013-04-26,2013,4,Friday,7,,,0,0,0
820,2013-04-27,2013,4,Saturday,1,,,0,0,0
821,2013-04-28,2013,4,Sunday,2,,,0,0,0
822,2013-04-29,2013,4,Monday,3,,,0,0,0
823,2013-04-30,2013,4,Tuesday,4,,,0,0,0
824,2013-05-01,2013,5,Wednesday,5,,,1,1,0
825,2013-05-02,2013,5,Thursday,6,,,1,0,1
826,2013-05-03,2013,5,Friday,7,,,1,1,1
827,2013-05-04,2013,5,Saturday,1,,,1,0,0
828,2013-05-05,2013,5,Sunday,2,OrthodoxEaster,Religious,1,1,1
829,2013-05-06,2013,5,Monday,3,,,1,1,1
830,2013-05-07,2013,5,Tuesday,4,,,1,1,0
831,2013-05-08,2013,5,Wednesday,5,,,1,0,1
832,2013-05-09,2013,5,Thursday,6,,,1,1,1
833,2013-05-10,2013,5,Friday,7,,,1,0,0
834,2013-05-11,2013,5,Saturday,1,,,0,1,1
835,2013-05-12,2013,5,Sunday,2,Mother's day,Cultural,0,1,1
836,2013-05-13,2013,5,Monday,3,,,0,1,0
837,2013-05-14,2013,5,Tuesday,4,,,0,0,1
838,2013-05-15,2013,5,Wednesday,5,,,0,1,1
839,2013-05-16,2013,5,Thursday,6,,,0,0,0
840,2013-05-17,2013,5,Friday,7,,,0,0,0
841,2013-05-18,2013,5,Saturday,1,,,0,0,0
842,2013-05-19,2013,5,Sunday,2,,,0,0,0
843,2013-05-20,2013,5,Monday,3,,,0,0,0
844,2013-05-21,2013,5,Tuesday,4,,,0,0,0
845,2013-05-22,2013,5,Wednesday,5,,,0,0,0
846,2013-05-23,2013,5,Thursday,6,,,0,0,0
847,2013-05-24,2013,5,Friday,7,,,0,0,0
848,2013-05-25,2013,5,Saturday,1,,,0,0,0
849,2013-05-26,2013,5,Sunday,2,,,0,0,0
850,2013-05-27,2013,5,Monday,3,MemorialDay,National,0,0,0
851,2013-05-28,2013,5,Tuesday,4,,,0,0,0
852,2013-05-29,2013,5,Wednesday,5,,,0,0,0
853,2013-05-30,2013,5,Thursday,6,,,0,0,0
854,2013-05-31,2013,5,Friday,7,,,0,0,0
855,2013-06-01,2013,6,Saturday,1,,,1,1,0
856,2013-06-02,2013,6,Sunday,2,,,1,0,1
857,2013-06-03,2013,6,Monday,3,,,1,1,1
858,2013-06-04,2013,6,Tuesday,4,,,1,0,0
859,2013-06-05,2013,6,Wednesday,5,,,1,1,1
860,2013-06-06,2013,6,Thursday,6,NBAFinalsStart,Sporting,1,1,1
861,2013-06-07,2013,6,Friday,7,,,1,1,0
862,2013-06-08,2013,6,Saturday,1,,,1,0,1
863,2013-06-09,2013,6,Sunday,2,,,1,1,1
864,2013-06-10,2013,6,Monday,3,,,1,0,0
865,2013-06-11,2013,6,Tuesday,4,,,0,1,1
866,2013-06-12,2013,6,Wednesday,5,,,0,1,1
867,2013-06-13,2013,6,Thursday,6,,,0,1,0
868,2013-06-14,2013,6,Friday,7,,,0,0,1
869,2013-06-15,2013,6,Saturday,1,,,0,1,1
870,2013-06-16,2013,6,Sunday,2,Father's day,Cultural,0,0,0
871,2013-06-17,2013,6,Monday,3,,,0,0,0
872,2013-06-18,2013,6,Tuesday,4,,,0,0,0
873,2013-06-19,2013,6,Wednesday,5,,,0,0,0
874,2013-06-20,2013,6,Thursday,6,NBAFinalsEnd,Sporting,0,0,0
875,2013-06-21,2013,6,Friday,7,,,0,0,0
876,2013-06-22,2013,6,Saturday,1,,,0,0,0
877,2013-06-23,2013,6,Sunday,2,,,0,0,0
878,2013-06-24,2013,6,Monday,3,,,0,0,0
879,2013-06-25,2013,6,Tuesday,4,,,0,0,0
880,2013-06-26,2013,6,Wednesday,5,,,0,0,0
881,2013-06-27,2013,6,Thursday,6,,,0,0,0
882,2013-06-28,2013,6,Friday,7,,,0,0,0
883,2013-06-29,2013,6,Saturday,1,,,0,0,0
884,2013-06-30,2013,6,Sunday,2,,,0,0,0
885,2013-07-01,2013,7,Monday,3,,,1,1,0
886,2013-07-02,2013,7,Tuesday,4,,,1,0,1
887,2013-07-03,2013,7,Wednesday,5,,,1,1,1
888,2013-07-04,2013,7,Thursday,6,IndependenceDay,National,1,0,0
889,2013-07-05,2013,7,Friday,7,,,1,1,1
890,2013-07-06,2013,7,Saturday,1,,,1,1,1
891,2013-07-07,2013,7,Sunday,2,,,1,1,0
892,2013-07-08,2013,7,Monday,3,,,1,0,1
893,2013-07-09,2013,7,Tuesday,4,Ramadan starts,Religious,1,1,1
894,2013-07-10,2013,7,Wednesday,5,,,1,0,0
895,2013-07-11,2013,7,Thursday,6,,,0,1,1
896,2013-07-12,2013,7,Friday,7,,,0,1,1
897,2013-07-13,2013,7,Saturday,1,,,0,1,0
898,2013-07-14,2013,7,Sunday,2,,,0,0,1
899,2013-07-15,2013,7,Monday,3,,,0,1,1
900,2013-07-16,2013,7,Tuesday,4,,,0,0,0
901,2013-07-17,2013,7,Wednesday,5,,,0,0,0
902,2013-07-18,2013,7,Thursday,6,,,0,0,0
903,2013-07-19,2013,7,Friday,7,,,0,0,0
904,2013-07-20,2013,7,Saturday,1,,,0,0,0
905,2013-07-21,2013,7,Sunday,2,,,0,0,0
906,2013-07-22,2013,7,Monday,3,,,0,0,0
907,2013-07-23,2013,7,Tuesday,4,,,0,0,0
908,2013-07-24,2013,7,Wednesday,5,,,0,0,0
909,2013-07-25,2013,7,Thursday,6,,,0,0,0
910,2013-07-26,2013,7,Friday,7,,,0,0,0
911,2013-07-27,2013,7,Saturday,1,,,0,0,0
912,2013-07-28,2013,7,Sunday,2,,,0,0,0
913,2013-07-29,2013,7,Monday,3,,,0,0,0
914,2013-07-30,2013,7,Tuesday,4,,,0,0,0
915,2013-07-31,2013,7,Wednesday,5,,,0,0,0
916,2013-08-01,2013,8,Thursday,6,,,1,1,0
917,2013-08-02,2013,8,Friday,7,,,1,0,1
918,2013-08-03,2013,8,Saturday,1,,,1,1,1
919,2013-08-04,2013,8,Sunday,2,,,1,0,0
920,2013-08-05,2013,8,Monday,3,,,1,1,1
921,2013-08-06,2013,8,Tuesday,4,,,1,1,1
922,2013-08-07,2013,8,Wednesday,5,,,1,1,0
923,2013-08-08,2013,8,Thursday,6,Eid al-Fitr,Religious,1,0,1
924,2013-08-09,2013,8,Friday,7,,,1,1,1
925,2013-08-10,2013,8,Saturday,1,,,1,0,0
926,2013-08-11,2013,8,Sunday,2,,,0,1,1
927,2013-08-12,2013,8,Monday,3,,,0,1,1
928,2013-08-13,2013,8,Tuesday,4,,,0,1,0
929,2013-08-14,2013,8,Wednesday,5,,,0,0,1
930,2013-08-15,2013,8,Thursday,6,,,0,1,1
931,2013-08-16,2013,8,Friday,7,,,0,0,0
932,2013-08-17,2013,8,Saturday,1,,,0,0,0
933,2013-08-18,2013,8,Sunday,2,,,0,0,0
934,2013-08-19,2013,8,Monday,3,,,0,0,0
935,2013-08-20,2013,8,Tuesday,4,,,0,0,0
936,2013-08-21,2013,8,Wednesday,5,,,0,0,0
937,2013-08-22,2013,8,Thursday,6,,,0,0,0
938,2013-08-23,2013,8,Friday,7,,,0,0,0
939,2013-08-24,2013,8,Saturday,1,,,0,0,0
940,2013-08-25,2013,8,Sunday,2,,,0,0,0
941,2013-08-26,2013,8,Monday,3,,,0,0,0
942,2013-08-27,2013,8,Tuesday,4,,,0,0,0
943,2013-08-28,2013,8,Wednesday,5,,,0,0,0
944,2013-08-29,2013,8,Thursday,6,,,0,0,0
945,2013-08-30,2013,8,Friday,7,,,0,0,0
946,2013-08-31,2013,8,Saturday,1,,,0,0,0
947,2013-09-01,2013,9,Sunday,2,,,1,1,0
948,2013-09-02,2013,9,Monday,3,LaborDay,National,1,0,1
949,2013-09-03,2013,9,Tuesday,4,,,1,1,1
950,2013-09-04,2013,9,Wednesday,5,,,1,0,0
951,2013-09-05,2013,9,Thursday,6,,,1,1,1
952,2013-09-06,2013,9,Friday,7,,,1,1,1
953,2013-09-07,2013,9,Saturday,1,,,1,1,0
954,2013-09-08,2013,9,Sunday,2,,,1,0,1
955,2013-09-09,2013,9,Monday,3,,,1,1,1
956,2013-09-10,2013,9,Tuesday,4,,,1,0,0
957,2013-09-11,2013,9,Wednesday,5,,,0,1,1
958,2013-09-12,2013,9,Thursday,6,,,0,1,1
959,2013-09-13,2013,9,Friday,7,,,0,1,0
960,2013-09-14,2013,9,Saturday,1,,,0,0,1
961,2013-09-15,2013,9,Sunday,2,,,0,1,1
962,2013-09-16,2013,9,Monday,3,,,0,0,0
963,2013-09-17,2013,9,Tuesday,4,,,0,0,0
964,2013-09-18,2013,9,Wednesday,5,,,0,0,0
965,2013-09-19,2013,9,Thursday,6,,,0,0,0
966,2013-09-20,2013,9,Friday,7,,,0,0,0
967,2013-09-21,2013,9,Saturday,1,,,0,0,0
968,2013-09-22,2013,9,Sunday,2,,,0,0,0
969,2013-09-23,2013,9,Monday,3,,,0,0,0
970,2013-09-24,2013,9,Tuesday,4,,,0,0,0
971,2013-09-25,2013,9,Wednesday,5,,,0,0,0
972,2013-09-26,2013,9,Thursday,6,,,0,0,0
973,2013-09-27,2013,9,Friday,7,,,0,0,0
974,2013-09-28,2013,9,Saturday,1,,,0,0,0
975,2013-09-29,2013,9,Sunday,2,,,0,0,0
976,2013-09-30,2013,9,Monday,3,,,0,0,0
977,2013-10-01,2013,10,Tuesday,4,,,1,1,0
978,2013-10-02,2013,10,Wednesday,5,,,1,0,1
979,2013-10-03,2013,10,Thursday,6,,,1,1,1
980,2013-10-04,2013,10,Friday,7,,,1,0,0
981,2013-10-05,2013,10,Saturday,1,,,1,1,1
982,2013-10-06,2013,10,Sunday,2,,,1,1,1
983,2013-10-07,2013,10,Monday,3,,,1,1,0
984,2013-10-08,2013,10,Tuesday,4,,,1,0,1
985,2013-10-09,2013,10,Wednesday,5,,,1,1,1
986,2013-10-10,2013,10,Thursday,6,,,1,0,0
987,2013-10-11,2013,10,Friday,7,,,0,1,1
988,2013-10-12,2013,10,Saturday,1,,,0,1,1
989,2013-10-13,2013,10,Sunday,2,,,0,1,0
990,2013-10-14,2013,10,Monday,3,ColumbusDay,National,0,0,1
991,2013-10-15,2013,10,Tuesday,4,EidAlAdha,Religious,0,1,1
992,2013-10-16,2013,10,Wednesday,5,,,0,0,0
993,2013-10-17,2013,10,Thursday,6,,,0,0,0
994,2013-10-18,2013,10,Friday,7,,,0,0,0
995,2013-10-19,2013,10,Saturday,1,,,0,0,0
996,2013-10-20,2013,10,Sunday,2,,,0,0,0
997,2013-10-21,2013,10,Monday,3,,,0,0,0
998,2013-10-22,2013,10,Tuesday,4,,,0,0,0
999,2013-10-23,2013,10,Wednesday,5,,,0,0,0
1000,2013-10-24,2013,10,Thursday,6,,,0,0,0
1001,2013-10-25,2013,10,Friday,7,,,0,0,0
1002,2013-10-26,2013,10,Saturday,1,,,0,0,0
1003,2013-10-27,2013,10,Sunday,2,,,0,0,0
1004,2013-10-28,2013,10,Monday,3,,,0,0,0
1005,2013-10-29,2013,10,Tuesday,4,,,0,0,0
1006,2013-10-30,2013,10,Wednesday,5,,,0,0,0
1007,2013-10-31,2013,10,Thursday,6,Halloween,Cultural,0,0,0
1008,2013-11-01,2013,11,Friday,7,,,1,1,0
1009,2013-11-02,2013,11,Saturday,1,,,1,0,1
1010,2013-11-03,2013,11,Sunday,2,,,1,1,1
1011,2013-11-04,2013,11,Monday,3,,,1,0,0
1012,2013-11-05,2013,11,Tuesday,4,,,1,1,1
1013,2013-11-06,2013,11,Wednesday,5,,,1,1,1
1014,2013-11-07,2013,11,Thursday,6,,,1,1,0
1015,2013-11-08,2013,11,Friday,7,,,1,0,1
1016,2013-11-09,2013,11,Saturday,1,,,1,1,1
1017,2013-11-10,2013,11,Sunday,2,,,1,0,0
1018,2013-11-11,2013,11,Monday,3,VeteransDay,National,0,1,1
1019,2013-11-12,2013,11,Tuesday,4,,,0,1,1
1020,2013-11-13,2013,11,Wednesday,5,,,0,1,0
1021,2013-11-14,2013,11,Thursday,6,,,0,0,1
1022,2013-11-15,2013,11,Friday,7,,,0,1,1
1023,2013-11-16,2013,11,Saturday,1,,,0,0,0
1024,2013-11-17,2013,11,Sunday,2,,,0,0,0
1025,2013-11-18,2013,11,Monday,3,,,0,0,0
1026,2013-11-19,2013,11,Tuesday,4,,,0,0,0
1027,2013-11-20,2013,11,Wednesday,5,,,0,0,0
1028,2013-11-21,2013,11,Thursday,6,,,0,0,0
1029,2013-11-22,2013,11,Friday,7,,,0,0,0
1030,2013-11-23,2013,11,Saturday,1,,,0,0,0
1031,2013-11-24,2013,11,Sunday,2,,,0,0,0
1032,2013-11-25,2013,11,Monday,3,,,0,0,0
1033,2013-11-26,2013,11,Tuesday,4,,,0,0,0
1034,2013-11-27,2013,11,Wednesday,5,,,0,0,0
1035,2013-11-28,2013,11,Thursday,6,Thanksgiving,National,0,0,0
1036,2013-11-29,2013,11,Friday,7,,,0,0,0
1037,2013-11-30,2013,11,Saturday,1,,,0,0,0
1038,2013-12-01,2013,12,Sunday,2,,,1,1,0
1039,2013-12-02,2013,12,Monday,3,,,1,0,1
1040,2013-12-03,2013,12,Tuesday,4,,,1,1,1
1041,2013-12-04,2013,12,Wednesday,5,,,1,0,0
1042,2013-12-05,2013,12,Thursday,6,Chanukah End,Religious,1,1,1
1043,2013-12-06,2013,12,Friday,7,,,1,1,1
1044,2013-12-07,2013,12,Saturday,1,,,1,1,0
1045,2013-12-08,2013,12,Sunday,2,,,1,0,1
1046,2013-12-09,2013,12,Monday,3,,,1,1,1
1047,2013-12-10,2013,12,Tuesday,4,,,1,0,0
1048,2013-12-11,2013,12,Wednesday,5,,,0,1,1
1049,2013-12-12,2013,12,Thursday,6,,,0,1,1
1050,2013-12-13,2013,12,Friday,7,,,0,1,0
1051,2013-12-14,2013,12,Saturday,1,,,0,0,1
1052,2013-12-15,2013,12,Sunday,2,,,0,1,1
1053,2013-12-16,2013,12,Monday,3,,,0,0,0
1054,2013-12-17,2013,12,Tuesday,4,,,0,0,0
1055,2013-12-18,2013,12,Wednesday,5,,,0,0,0
1056,2013-12-19,2013,12,Thursday,6,,,0,0,0
1057,2013-12-20,2013,12,Friday,7,,,0,0,0
1058,2013-12-21,2013,12,Saturday,1,,,0,0,0
1059,2013-12-22,2013,12,Sunday,2,,,0,0,0
1060,2013-12-23,2013,12,Monday,3,,,0,0,0
1061,2013-12-24,2013,12,Tuesday,4,,,0,0,0
1062,2013-12-25,2013,12,Wednesday,5,Christmas,National,0,0,0
1063,2013-12-26,2013,12,Thursday,6,,,0,0,0
1064,2013-12-27,2013,12,Friday,7,,,0,0,0
1065,2013-12-28,2013,12,Saturday,1,,,0,0,0
1066,2013-12-29,2013,12,Sunday,2,,,0,0,0
1067,2013-12-30,2013,12,Monday,3,,,0,0,0
1068,2013-12-31,2013,12,Tuesday,4,,,0,0,0
1069,2014-01-01,2014,1,Wednesday,5,NewYear,National,1,1,0
1070,2014-01-02,2014,1,Thursday,6,,,1,0,1
1071,2014-01-03,2014,1,Friday,7,,,1,1,1
1072,2014-01-04,2014,1,Saturday,1,,,1,0,0
1073,2014-01-05,2014,1,Sunday,2,,,1,1,1
1074,2014-01-06,2014,1,Monday,3,,,1,1,1
1075,2014-01-07,2014,1,Tuesday,4,OrthodoxChristmas,Religious,1,1,0
1076,2014-01-08,2014,1,Wednesday,5,,,1,0,1
1077,2014-01-09,2014,1,Thursday,6,,,1,1,1
1078,2014-01-10,2014,1,Friday,7,,,1,0,0
1079,2014-01-11,2014,1,Saturday,1,,,0,1,1
1080,2014-01-12,2014,1,Sunday,2,,,0,1,1
1081,2014-01-13,2014,1,Monday,3,,,0,1,0
1082,2014-01-14,2014,1,Tuesday,4,,,0,0,1
1083,2014-01-15,2014,1,Wednesday,5,,,0,1,1
1084,2014-01-16,2014,1,Thursday,6,,,0,0,0
1085,2014-01-17,2014,1,Friday,7,,,0,0,0
1086,2014-01-18,2014,1,Saturday,1,,,0,0,0
1087,2014-01-19,2014,1,Sunday,2,,,0,0,0
1088,2014-01-20,2014,1,Monday,3,MartinLutherKingDay,National,0,0,0
1089,2014-01-21,2014,1,Tuesday,4,,,0,0,0
1090,2014-01-22,2014,1,Wednesday,5,,,0,0,0
1091,2014-01-23,2014,1,Thursday,6,,,0,0,0
1092,2014-01-24,2014,1,Friday,7,,,0,0,0
1093,2014-01-25,2014,1,Saturday,1,,,0,0,0
1094,2014-01-26,2014,1,Sunday,2,,,0,0,0
1095,2014-01-27,2014,1,Monday,3,,,0,0,0
1096,2014-01-28,2014,1,Tuesday,4,,,0,0,0
1097,2014-01-29,2014,1,Wednesday,5,,,0,0,0
1098,2014-01-30,2014,1,Thursday,6,,,0,0,0
1099,2014-01-31,2014,1,Friday,7,,,0,0,0
1100,2014-02-01,2014,2,Saturday,1,,,1,1,0
1101,2014-02-02,2014,2,Sunday,2,SuperBowl,Sporting,1,0,1
1102,2014-02-03,2014,2,Monday,3,,,1,1,1
1103,2014-02-04,2014,2,Tuesday,4,,,1,0,0
1104,2014-02-05,2014,2,Wednesday,5,,,1,1,1
1105,2014-02-06,2014,2,Thursday,6,,,1,1,1
1106,2014-02-07,2014,2,Friday,7,,,1,1,0
1107,2014-02-08,2014,2,Saturday,1,,,1,0,1
1108,2014-02-09,2014,2,Sunday,2,,,1,1,1
1109,2014-02-10,2014,2,Monday,3,,,1,0,0
1110,2014-02-11,2014,2,Tuesday,4,,,0,1,1
1111,2014-02-12,2014,2,Wednesday,5,,,0,1,1
1112,2014-02-13,2014,2,Thursday,6,,,0,1,0
1113,2014-02-14,2014,2,Friday,7,ValentinesDay,Cultural,0,0,1
1114,2014-02-15,2014,2,Saturday,1,,,0,1,1
1115,2014-02-16,2014,2,Sunday,2,,,0,0,0
1116,2014-02-17,2014,2,Monday,3,PresidentsDay,National,0,0,0
1117,2014-02-18,2014,2,Tuesday,4,,,0,0,0
1118,2014-02-19,2014,2,Wednesday,5,,,0,0,0
1119,2014-02-20,2014,2,Thursday,6,,,0,0,0
1120,2014-02-21,2014,2,Friday,7,,,0,0,0
1121,2014-02-22,2014,2,Saturday,1,,,0,0,0
1122,2014-02-23,2014,2,Sunday,2,,,0,0,0
1123,2014-02-24,2014,2,Monday,3,,,0,0,0
1124,2014-02-25,2014,2,Tuesday,4,,,0,0,0
1125,2014-02-26,2014,2,Wednesday,5,,,0,0,0
1126,2014-02-27,2014,2,Thursday,6,,,0,0,0
1127,2014-02-28,2014,2,Friday,7,,,0,0,0
1128,2014-03-01,2014,3,Saturday,1,,,1,1,0
1129,2014-03-02,2014,3,Sunday,2,,,1,0,1
1130,2014-03-03,2014,3,Monday,3,,,1,1,1
1131,2014-03-04,2014,3,Tuesday,4,,,1,0,0
1132,2014-03-05,2014,3,Wednesday,5,LentStart,Religious,1,1,1
1133,2014-03-06,2014,3,Thursday,6,,,1,1,1
1134,2014-03-07,2014,3,Friday,7,,,1,1,0
1135,2014-03-08,2014,3,Saturday,1,,,1,0,1
1136,2014-03-09,2014,3,Sunday,2,,,1,1,1
1137,2014-03-10,2014,3,Monday,3,,,1,0,0
1138,2014-03-11,2014,3,Tuesday,4,,,0,1,1
1139,2014-03-12,2014,3,Wednesday,5,LentWeek2,Religious,0,1,1
1140,2014-03-13,2014,3,Thursday,6,,,0,1,0
1141,2014-03-14,2014,3,Friday,7,,,0,0,1
1142,2014-03-15,2014,3,Saturday,1,,,0,1,1
1143,2014-03-16,2014,3,Sunday,2,Purim End,Religious,0,0,0
1144,2014-03-17,2014,3,Monday,3,StPatricksDay,Cultural,0,0,0
1145,2014-03-18,2014,3,Tuesday,4,,,0,0,0
1146,2014-03-19,2014,3,Wednesday,5,,,0,0,0
1147,2014-03-20,2014,3,Thursday,6,,,0,0,0
1148,2014-03-21,2014,3,Friday,7,,,0,0,0
1149,2014-03-22,2014,3,Saturday,1,,,0,0,0
1150,2014-03-23,2014,3,Sunday,2,,,0,0,0
1151,2014-03-24,2014,3,Monday,3,,,0,0,0
1152,2014-03-25,2014,3,Tuesday,4,,,0,0,0
1153,2014-03-26,2014,3,Wednesday,5,,,0,0,0
1154,2014-03-27,2014,3,Thursday,6,,,0,0,0
1155,2014-03-28,2014,3,Friday,7,,,0,0,0
1156,2014-03-29,2014,3,Saturday,1,,,0,0,0
1157,2014-03-30,2014,3,Sunday,2,,,0,0,0
1158,2014-03-31,2014,3,Monday,3,,,0,0,0
1159,2014-04-01,2014,4,Tuesday,4,,,1,1,0
1160,2014-04-02,2014,4,Wednesday,5,,,1,0,1
1161,2014-04-03,2014,4,Thursday,6,,,1,1,1
1162,2014-04-04,2014,4,Friday,7,,,1,0,0
1163,2014-04-05,2014,4,Saturday,1,,,1,1,1
1164,2014-04-06,2014,4,Sunday,2,,,1,1,1
1165,2014-04-07,2014,4,Monday,3,,,1,1,0
1166,2014-04-08,2014,4,Tuesday,4,,,1,0,1
1167,2014-04-09,2014,4,Wednesday,5,,,1,1,1
1168,2014-04-10,2014,4,Thursday,6,,,1,0,0
1169,2014-04-11,2014,4,Friday,7,,,0,1,1
1170,2014-04-12,2014,4,Saturday,1,,,0,1,1
1171,2014-04-13,2014,4,Sunday,2,,,0,1,0
1172,2014-04-14,2014,4,Monday,3,,,0,0,1
1173,2014-04-15,2014,4,Tuesday,4,,,0,1,1
1174,2014-04-16,2014,4,Wednesday,5,,,0,0,0
1175,2014-04-17,2014,4,Thursday,6,,,0,0,0
1176,2014-04-18,2014,4,Friday,7,,,0,0,0
1177,2014-04-19,2014,4,Saturday,1,,,0,0,0
1178,2014-04-20,2014,4,Sunday,2,Easter,Cultural,0,0,0
1179,2014-04-21,2014,4,Monday,3,,,0,0,0
1180,2014-04-22,2014,4,Tuesday,4,Pesach End,Religious,0,0,0
1181,2014-04-23,2014,4,Wednesday,5,,,0,0,0
1182,2014-04-24,2014,4,Thursday,6,,,0,0,0
1183,2014-04-25,2014,4,Friday,7,,,0,0,0
1184,2014-04-26,2014,4,Saturday,1,,,0,0,0
1185,2014-04-27,2014,4,Sunday,2,,,0,0,0
1186,2014-04-28,2014,4,Monday,3,,,0,0,0
1187,2014-04-29,2014,4,Tuesday,4,,,0,0,0
1188,2014-04-30,2014,4,Wednesday,5,,,0,0,0
1189,2014-05-01,2014,5,Thursday,6,,,1,1,0
1190,2014-05-02,2014,5,Friday,7,,,1,0,1
1191,2014-05-03,2014,5,Saturday,1,,,1,1,1
1192,2014-05-04,2014,5,Sunday,2,,,1,0,0
1193,2014-05-05,2014,5,Monday,3,Cinco De Mayo,Cultural,1,1,1
1194,2014-05-06,2014,5,Tuesday,4,,,1,1,1
1195,2014-05-07,2014,5,Wednesday,5,,,1,1,0
1196,2014-05-08,2014,5,Thursday,6,,,1,0,1
1197,2014-05-09,2014,5,Friday,7,,,1,1,1
1198,2014-05-10,2014,5,Saturday,1,,,1,0,0
1199,2014-05-11,2014,5,Sunday,2,Mother's day,Cultural,0,1,1
1200,2014-05-12,2014,5,Monday,3,,,0,1,1
1201,2014-05-13,2014,5,Tuesday,4,,,0,1,0
1202,2014-05-14,2014,5,Wednesday,5,,,0,0,1
1203,2014-05-15,2014,5,Thursday,6,,,0,1,1
1204,2014-05-16,2014,5,Friday,7,,,0,0,0
1205,2014-05-17,2014,5,Saturday,1,,,0,0,0
1206,2014-05-18,2014,5,Sunday,2,,,0,0,0
1207,2014-05-19,2014,5,Monday,3,,,0,0,0
1208,2014-05-20,2014,5,Tuesday,4,,,0,0,0
1209,2014-05-21,2014,5,Wednesday,5,,,0,0,0
1210,2014-05-22,2014,5,Thursday,6,,,0,0,0
1211,2014-05-23,2014,5,Friday,7,,,0,0,0
1212,2014-05-24,2014,5,Saturday,1,,,0,0,0
1213,2014-05-25,2014,5,Sunday,2,,,0,0,0
1214,2014-05-26,2014,5,Monday,3,MemorialDay,National,0,0,0
1215,2014-05-27,2014,5,Tuesday,4,,,0,0,0
1216,2014-05-28,2014,5,Wednesday,5,,,0,0,0
1217,2014-05-29,2014,5,Thursday,6,,,0,0,0
1218,2014-05-30,2014,5,Friday,7,,,0,0,0
1219,2014-05-31,2014,5,Saturday,1,,,0,0,0
1220,2014-06-01,2014,6,Sunday,2,,,1,1,0
1221,2014-06-02,2014,6,Monday,3,,,1,0,1
1222,2014-06-03,2014,6,Tuesday,4,,,1,1,1
1223,2014-06-04,2014,6,Wednesday,5,,,1,0,0
1224,2014-06-05,2014,6,Thursday,6,NBAFinalsStart,Sporting,1,1,1
1225,2014-06-06,2014,6,Friday,7,,,1,1,1
1226,2014-06-07,2014,6,Saturday,1,,,1,1,0
1227,2014-06-08,2014,6,Sunday,2,,,1,0,1
1228,2014-06-09,2014,6,Monday,3,,,1,1,1
1229,2014-06-10,2014,6,Tuesday,4,,,1,0,0
1230,2014-06-11,2014,6,Wednesday,5,,,0,1,1
1231,2014-06-12,2014,6,Thursday,6,,,0,1,1
1232,2014-06-13,2014,6,Friday,7,,,0,1,0
1233,2014-06-14,2014,6,Saturday,1,,,0,0,1
1234,2014-06-15,2014,6,Sunday,2,NBAFinalsEnd,Sporting,0,1,1
1235,2014-06-16,2014,6,Monday,3,,,0,0,0
1236,2014-06-17,2014,6,Tuesday,4,,,0,0,0
1237,2014-06-18,2014,6,Wednesday,5,,,0,0,0
1238,2014-06-19,2014,6,Thursday,6,,,0,0,0
1239,2014-06-20,2014,6,Friday,7,,,0,0,0
1240,2014-06-21,2014,6,Saturday,1,,,0,0,0
1241,2014-06-22,2014,6,Sunday,2,,,0,0,0
1242,2014-06-23,2014,6,Monday,3,,,0,0,0
1243,2014-06-24,2014,6,Tuesday,4,,,0,0,0
1244,2014-06-25,2014,6,Wednesday,5,,,0,0,0
1245,2014-06-26,2014,6,Thursday,6,,,0,0,0
1246,2014-06-27,2014,6,Friday,7,,,0,0,0
1247,2014-06-28,2014,6,Saturday,1,,,0,0,0
1248,2014-06-29,2014,6,Sunday,2,Ramadan starts,Religious,0,0,0
1249,2014-06-30,2014,6,Monday,3,,,0,0,0
1250,2014-07-01,2014,7,Tuesday,4,,,1,1,0
1251,2014-07-02,2014,7,Wednesday,5,,,1,0,1
1252,2014-07-03,2014,7,Thursday,6,,,1,1,1
1253,2014-07-04,2014,7,Friday,7,IndependenceDay,National,1,0,0
1254,2014-07-05,2014,7,Saturday,1,,,1,1,1
1255,2014-07-06,2014,7,Sunday,2,,,1,1,1
1256,2014-07-07,2014,7,Monday,3,,,1,1,0
1257,2014-07-08,2014,7,Tuesday,4,,,1,0,1
1258,2014-07-09,2014,7,Wednesday,5,,,1,1,1
1259,2014-07-10,2014,7,Thursday,6,,,1,0,0
1260,2014-07-11,2014,7,Friday,7,,,0,1,1
1261,2014-07-12,2014,7,Saturday,1,,,0,1,1
1262,2014-07-13,2014,7,Sunday,2,,,0,1,0
1263,2014-07-14,2014,7,Monday,3,,,0,0,1
1264,2014-07-15,2014,7,Tuesday,4,,,0,1,1
1265,2014-07-16,2014,7,Wednesday,5,,,0,0,0
1266,2014-07-17,2014,7,Thursday,6,,,0,0,0
1267,2014-07-18,2014,7,Friday,7,,,0,0,0
1268,2014-07-19,2014,7,Saturday,1,,,0,0,0
1269,2014-07-20,2014,7,Sunday,2,,,0,0,0
1270,2014-07-21,2014,7,Monday,3,,,0,0,0
1271,2014-07-22,2014,7,Tuesday,4,,,0,0,0
1272,2014-07-23,2014,7,Wednesday,5,,,0,0,0
1273,2014-07-24,2014,7,Thursday,6,,,0,0,0
1274,2014-07-25,2014,7,Friday,7,,,0,0,0
1275,2014-07-26,2014,7,Saturday,1,,,0,0,0
1276,2014-07-27,2014,7,Sunday,2,,,0,0,0
1277,2014-07-28,2014,7,Monday,3,,,0,0,0
1278,2014-07-29,2014,7,Tuesday,4,Eid al-Fitr,Religious,0,0,0
1279,2014-07-30,2014,7,Wednesday,5,,,0,0,0
1280,2014-07-31,2014,7,Thursday,6,,,0,0,0
1281,2014-08-01,2014,8,Friday,7,,,1,1,0
1282,2014-08-02,2014,8,Saturday,1,,,1,0,1
1283,2014-08-03,2014,8,Sunday,2,,,1,1,1
1284,2014-08-04,2014,8,Monday,3,,,1,0,0
1285,2014-08-05,2014,8,Tuesday,4,,,1,1,1
1286,2014-08-06,2014,8,Wednesday,5,,,1,1,1
1287,2014-08-07,2014,8,Thursday,6,,,1,1,0
1288,2014-08-08,2014,8,Friday,7,,,1,0,1
1289,2014-08-09,2014,8,Saturday,1,,,1,1,1
1290,2014-08-10,2014,8,Sunday,2,,,1,0,0
1291,2014-08-11,2014,8,Monday,3,,,0,1,1
1292,2014-08-12,2014,8,Tuesday,4,,,0,1,1
1293,2014-08-13,2014,8,Wednesday,5,,,0,1,0
1294,2014-08-14,2014,8,Thursday,6,,,0,0,1
1295,2014-08-15,2014,8,Friday,7,,,0,1,1
1296,2014-08-16,2014,8,Saturday,1,,,0,0,0
1297,2014-08-17,2014,8,Sunday,2,,,0,0,0
1298,2014-08-18,2014,8,Monday,3,,,0,0,0
1299,2014-08-19,2014,8,Tuesday,4,,,0,0,0
1300,2014-08-20,2014,8,Wednesday,5,,,0,0,0
1301,2014-08-21,2014,8,Thursday,6,,,0,0,0
1302,2014-08-22,2014,8,Friday,7,,,0,0,0
1303,2014-08-23,2014,8,Saturday,1,,,0,0,0
1304,2014-08-24,2014,8,Sunday,2,,,0,0,0
1305,2014-08-25,2014,8,Monday,3,,,0,0,0
1306,2014-08-26,2014,8,Tuesday,4,,,0,0,0
1307,2014-08-27,2014,8,Wednesday,5,,,0,0,0
1308,2014-08-28,2014,8,Thursday,6,,,0,0,0
1309,2014-08-29,2014,8,Friday,7,,,0,0,0
1310,2014-08-30,2014,8,Saturday,1,,,0,0,0
1311,2014-08-31,2014,8,Sunday,2,,,0,0,0
1312,2014-09-01,2014,9,Monday,3,LaborDay,National,1,1,0
1313,2014-09-02,2014,9,Tuesday,4,,,1,0,1
1314,2014-09-03,2014,9,Wednesday,5,,,1,1,1
1315,2014-09-04,2014,9,Thursday,6,,,1,0,0
1316,2014-09-05,2014,9,Friday,7,,,1,1,1
1317,2014-09-06,2014,9,Saturday,1,,,1,1,1
1318,2014-09-07,2014,9,Sunday,2,,,1,1,0
1319,2014-09-08,2014,9,Monday,3,,,1,0,1
1320,2014-09-09,2014,9,Tuesday,4,,,1,1,1
1321,2014-09-10,2014,9,Wednesday,5,,,1,0,0
1322,2014-09-11,2014,9,Thursday,6,,,0,1,1
1323,2014-09-12,2014,9,Friday,7,,,0,1,1
1324,2014-09-13,2014,9,Saturday,1,,,0,1,0
1325,2014-09-14,2014,9,Sunday,2,,,0,0,1
1326,2014-09-15,2014,9,Monday,3,,,0,1,1
1327,2014-09-16,2014,9,Tuesday,4,,,0,0,0
1328,2014-09-17,2014,9,Wednesday,5,,,0,0,0
1329,2014-09-18,2014,9,Thursday,6,,,0,0,0
1330,2014-09-19,2014,9,Friday,7,,,0,0,0
1331,2014-09-20,2014,9,Saturday,1,,,0,0,0
1332,2014-09-21,2014,9,Sunday,2,,,0,0,0
1333,2014-09-22,2014,9,Monday,3,,,0,0,0
1334,2014-09-23,2014,9,Tuesday,4,,,0,0,0
1335,2014-09-24,2014,9,Wednesday,5,,,0,0,0
1336,2014-09-25,2014,9,Thursday,6,,,0,0,0
1337,2014-09-26,2014,9,Friday,7,,,0,0,0
1338,2014-09-27,2014,9,Saturday,1,,,0,0,0
1339,2014-09-28,2014,9,Sunday,2,,,0,0,0
1340,2014-09-29,2014,9,Monday,3,,,0,0,0
1341,2014-09-30,2014,9,Tuesday,4,,,0,0,0
1342,2014-10-01,2014,10,Wednesday,5,,,1,1,0
1343,2014-10-02,2014,10,Thursday,6,,,1,0,1
1344,2014-10-03,2014,10,Friday,7,,,1,1,1
1345,2014-10-04,2014,10,Saturday,1,EidAlAdha,Religious,1,0,0
1346,2014-10-05,2014,10,Sunday,2,,,1,1,1
1347,2014-10-06,2014,10,Monday,3,,,1,1,1
1348,2014-10-07,2014,10,Tuesday,4,,,1,1,0
1349,2014-10-08,2014,10,Wednesday,5,,,1,0,1
1350,2014-10-09,2014,10,Thursday,6,,,1,1,1
1351,2014-10-10,2014,10,Friday,7,,,1,0,0
1352,2014-10-11,2014,10,Saturday,1,,,0,1,1
1353,2014-10-12,2014,10,Sunday,2,,,0,1,1
1354,2014-10-13,2014,10,Monday,3,ColumbusDay,National,0,1,0
1355,2014-10-14,2014,10,Tuesday,4,,,0,0,1
1356,2014-10-15,2014,10,Wednesday,5,,,0,1,1
1357,2014-10-16,2014,10,Thursday,6,,,0,0,0
1358,2014-10-17,2014,10,Friday,7,,,0,0,0
1359,2014-10-18,2014,10,Saturday,1,,,0,0,0
1360,2014-10-19,2014,10,Sunday,2,,,0,0,0
1361,2014-10-20,2014,10,Monday,3,,,0,0,0
1362,2014-10-21,2014,10,Tuesday,4,,,0,0,0
1363,2014-10-22,2014,10,Wednesday,5,,,0,0,0
1364,2014-10-23,2014,10,Thursday,6,,,0,0,0
1365,2014-10-24,2014,10,Friday,7,,,0,0,0
1366,2014-10-25,2014,10,Saturday,1,,,0,0,0
1367,2014-10-26,2014,10,Sunday,2,,,0,0,0
1368,2014-10-27,2014,10,Monday,3,,,0,0,0
1369,2014-10-28,2014,10,Tuesday,4,,,0,0,0
1370,2014-10-29,2014,10,Wednesday,5,,,0,0,0
1371,2014-10-30,2014,10,Thursday,6,,,0,0,0
1372,2014-10-31,2014,10,Friday,7,Halloween,Cultural,0,0,0
1373,2014-11-01,2014,11,Saturday,1,,,1,1,0
1374,2014-11-02,2014,11,Sunday,2,,,1,0,1
1375,2014-11-03,2014,11,Monday,3,,,1,1,1
1376,2014-11-04,2014,11,Tuesday,4,,,1,0,0
1377,2014-11-05,2014,11,Wednesday,5,,,1,1,1
1378,2014-11-06,2014,11,Thursday,6,,,1,1,1
1379,2014-11-07,2014,11,Friday,7,,,1,1,0
1380,2014-11-08,2014,11,Saturday,1,,,1,0,1
1381,2014-11-09,2014,11,Sunday,2,,,1,1,1
1382,2014-11-10,2014,11,Monday,3,,,1,0,0
1383,2014-11-11,2014,11,Tuesday,4,VeteransDay,National,0,1,1
1384,2014-11-12,2014,11,Wednesday,5,,,0,1,1
1385,2014-11-13,2014,11,Thursday,6,,,0,1,0
1386,2014-11-14,2014,11,Friday,7,,,0,0,1
1387,2014-11-15,2014,11,Saturday,1,,,0,1,1
1388,2014-11-16,2014,11,Sunday,2,,,0,0,0
1389,2014-11-17,2014,11,Monday,3,,,0,0,0
1390,2014-11-18,2014,11,Tuesday,4,,,0,0,0
1391,2014-11-19,2014,11,Wednesday,5,,,0,0,0
1392,2014-11-20,2014,11,Thursday,6,,,0,0,0
1393,2014-11-21,2014,11,Friday,7,,,0,0,0
1394,2014-11-22,2014,11,Saturday,1,,,0,0,0
1395,2014-11-23,2014,11,Sunday,2,,,0,0,0
1396,2014-11-24,2014,11,Monday,3,,,0,0,0
1397,2014-11-25,2014,11,Tuesday,4,,,0,0,0
1398,2014-11-26,2014,11,Wednesday,5,,,0,0,0
1399,2014-11-27,2014,11,Thursday,6,Thanksgiving,National,0,0,0
1400,2014-11-28,2014,11,Friday,7,,,0,0,0
1401,2014-11-29,2014,11,Saturday,1,,,0,0,0
1402,2014-11-30,2014,11,Sunday,2,,,0,0,0
1403,2014-12-01,2014,12,Monday,3,,,1,1,0
1404,2014-12-02,2014,12,Tuesday,4,,,1,0,1
1405,2014-12-03,2014,12,Wednesday,5,,,1,1,1
1406,2014-12-04,2014,12,Thursday,6,,,1,0,0
1407,2014-12-05,2014,12,Friday,7,,,1,1,1
1408,2014-12-06,2014,12,Saturday,1,,,1,1,1
1409,2014-12-07,2014,12,Sunday,2,,,1,1,0
1410,2014-12-08,2014,12,Monday,3,,,1,0,1
1411,2014-12-09,2014,12,Tuesday,4,,,1,1,1
1412,2014-12-10,2014,12,Wednesday,5,,,1,0,0
1413,2014-12-11,2014,12,Thursday,6,,,0,1,1
1414,2014-12-12,2014,12,Friday,7,,,0,1,1
1415,2014-12-13,2014,12,Saturday,1,,,0,1,0
1416,2014-12-14,2014,12,Sunday,2,,,0,0,1
1417,2014-12-15,2014,12,Monday,3,,,0,1,1
1418,2014-12-16,2014,12,Tuesday,4,,,0,0,0
1419,2014-12-17,2014,12,Wednesday,5,,,0,0,0
1420,2014-12-18,2014,12,Thursday,6,,,0,0,0
1421,2014-12-19,2014,12,Friday,7,,,0,0,0
1422,2014-12-20,2014,12,Saturday,1,,,0,0,0
1423,2014-12-21,2014,12,Sunday,2,,,0,0,0
1424,2014-12-22,2014,12,Monday,3,,,0,0,0
1425,2014-12-23,2014,12,Tuesday,4,,,0,0,0
1426,2014-12-24,2014,12,Wednesday,5,Chanukah End,Religious,0,0,0
1427,2014-12-25,2014,12,Thursday,6,Christmas,National,0,0,0
1428,2014-12-26,2014,12,Friday,7,,,0,0,0
1429,2014-12-27,2014,12,Saturday,1,,,0,0,0
1430,2014-12-28,2014,12,Sunday,2,,,0,0,0
1431,2014-12-29,2014,12,Monday,3,,,0,0,0
1432,2014-12-30,2014,12,Tuesday,4,,,0,0,0
1433,2014-12-31,2014,12,Wednesday,5,,,0,0,0
1434,2015-01-01,2015,1,Thursday,6,NewYear,National,1,1,0
1435,2015-01-02,2015,1,Friday,7,,,1,0,1
1436,2015-01-03,2015,1,Saturday,1,,,1,1,1
1437,2015-01-04,2015,1,Sunday,2,,,1,0,0
1438,2015-01-05,2015,1,Monday,3,,,1,1,1
1439,2015-01-06,2015,1,Tuesday,4,,,1,1,1
1440,2015-01-07,2015,1,Wednesday,5,OrthodoxChristmas,Religious,1,1,0
1441,2015-01-08,2015,1,Thursday,6,,,1,0,1
1442,2015-01-09,2015,1,Friday,7,,,1,1,1
1443,2015-01-10,2015,1,Saturday,1,,,1,0,0
1444,2015-01-11,2015,1,Sunday,2,,,0,1,1
1445,2015-01-12,2015,1,Monday,3,,,0,1,1
1446,2015-01-13,2015,1,Tuesday,4,,,0,1,0
1447,2015-01-14,2015,1,Wednesday,5,,,0,0,1
1448,2015-01-15,2015,1,Thursday,6,,,0,1,1
1449,2015-01-16,2015,1,Friday,7,,,0,0,0
1450,2015-01-17,2015,1,Saturday,1,,,0,0,0
1451,2015-01-18,2015,1,Sunday,2,,,0,0,0
1452,2015-01-19,2015,1,Monday,3,MartinLutherKingDay,National,0,0,0
1453,2015-01-20,2015,1,Tuesday,4,,,0,0,0
1454,2015-01-21,2015,1,Wednesday,5,,,0,0,0
1455,2015-01-22,2015,1,Thursday,6,,,0,0,0
1456,2015-01-23,2015,1,Friday,7,,,0,0,0
1457,2015-01-24,2015,1,Saturday,1,,,0,0,0
1458,2015-01-25,2015,1,Sunday,2,,,0,0,0
1459,2015-01-26,2015,1,Monday,3,,,0,0,0
1460,2015-01-27,2015,1,Tuesday,4,,,0,0,0
1461,2015-01-28,2015,1,Wednesday,5,,,0,0,0
1462,2015-01-29,2015,1,Thursday,6,,,0,0,0
1463,2015-01-30,2015,1,Friday,7,,,0,0,0
1464,2015-01-31,2015,1,Saturday,1,,,0,0,0
1465,2015-02-01,2015,2,Sunday,2,SuperBowl,Sporting,1,1,0
1466,2015-02-02,2015,2,Monday,3,,,1,0,1
1467,2015-02-03,2015,2,Tuesday,4,,,1,1,1
1468,2015-02-04,2015,2,Wednesday,5,,,1,0,0
1469,2015-02-05,2015,2,Thursday,6,,,1,1,1
1470,2015-02-06,2015,2,Friday,7,,,1,1,1
1471,2015-02-07,2015,2,Saturday,1,,,1,1,0
1472,2015-02-08,2015,2,Sunday,2,,,1,0,1
1473,2015-02-09,2015,2,Monday,3,,,1,1,1
1474,2015-02-10,2015,2,Tuesday,4,,,1,0,0
1475,2015-02-11,2015,2,Wednesday,5,,,0,1,1
1476,2015-02-12,2015,2,Thursday,6,,,0,1,1
1477,2015-02-13,2015,2,Friday,7,,,0,1,0
1478,2015-02-14,2015,2,Saturday,1,ValentinesDay,Cultural,0,0,1
1479,2015-02-15,2015,2,Sunday,2,,,0,1,1
1480,2015-02-16,2015,2,Monday,3,PresidentsDay,National,0,0,0
1481,2015-02-17,2015,2,Tuesday,4,,,0,0,0
1482,2015-02-18,2015,2,Wednesday,5,LentStart,Religious,0,0,0
1483,2015-02-19,2015,2,Thursday,6,,,0,0,0
1484,2015-02-20,2015,2,Friday,7,,,0,0,0
1485,2015-02-21,2015,2,Saturday,1,,,0,0,0
1486,2015-02-22,2015,2,Sunday,2,,,0,0,0
1487,2015-02-23,2015,2,Monday,3,,,0,0,0
1488,2015-02-24,2015,2,Tuesday,4,,,0,0,0
1489,2015-02-25,2015,2,Wednesday,5,LentWeek2,Religious,0,0,0
1490,2015-02-26,2015,2,Thursday,6,,,0,0,0
1491,2015-02-27,2015,2,Friday,7,,,0,0,0
1492,2015-02-28,2015,2,Saturday,1,,,0,0,0
1493,2015-03-01,2015,3,Sunday,2,,,1,1,0
1494,2015-03-02,2015,3,Monday,3,,,1,0,1
1495,2015-03-03,2015,3,Tuesday,4,,,1,1,1
1496,2015-03-04,2015,3,Wednesday,5,,,1,0,0
1497,2015-03-05,2015,3,Thursday,6,Purim End,Religious,1,1,1
1498,2015-03-06,2015,3,Friday,7,,,1,1,1
1499,2015-03-07,2015,3,Saturday,1,,,1,1,0
1500,2015-03-08,2015,3,Sunday,2,,,1,0,1
1501,2015-03-09,2015,3,Monday,3,,,1,1,1
1502,2015-03-10,2015,3,Tuesday,4,,,1,0,0
1503,2015-03-11,2015,3,Wednesday,5,,,0,1,1
1504,2015-03-12,2015,3,Thursday,6,,,0,1,1
1505,2015-03-13,2015,3,Friday,7,,,0,1,0
1506,2015-03-14,2015,3,Saturday,1,,,0,0,1
1507,2015-03-15,2015,3,Sunday,2,,,0,1,1
1508,2015-03-16,2015,3,Monday,3,,,0,0,0
1509,2015-03-17,2015,3,Tuesday,4,StPatricksDay,Cultural,0,0,0
1510,2015-03-18,2015,3,Wednesday,5,,,0,0,0
1511,2015-03-19,2015,3,Thursday,6,,,0,0,0
1512,2015-03-20,2015,3,Friday,7,,,0,0,0
1513,2015-03-21,2015,3,Saturday,1,,,0,0,0
1514,2015-03-22,2015,3,Sunday,2,,,0,0,0
1515,2015-03-23,2015,3,Monday,3,,,0,0,0
1516,2015-03-24,2015,3,Tuesday,4,,,0,0,0
1517,2015-03-25,2015,3,Wednesday,5,,,0,0,0
1518,2015-03-26,2015,3,Thursday,6,,,0,0,0
1519,2015-03-27,2015,3,Friday,7,,,0,0,0
1520,2015-03-28,2015,3,Saturday,1,,,0,0,0
1521,2015-03-29,2015,3,Sunday,2,,,0,0,0
1522,2015-03-30,2015,3,Monday,3,,,0,0,0
1523,2015-03-31,2015,3,Tuesday,4,,,0,0,0
1524,2015-04-01,2015,4,Wednesday,5,,,1,1,0
1525,2015-04-02,2015,4,Thursday,6,,,1,0,1
1526,2015-04-03,2015,4,Friday,7,,,1,1,1
1527,2015-04-04,2015,4,Saturday,1,,,1,0,0
1528,2015-04-05,2015,4,Sunday,2,Easter,Cultural,1,1,1
1529,2015-04-06,2015,4,Monday,3,,,1,1,1
1530,2015-04-07,2015,4,Tuesday,4,,,1,1,0
1531,2015-04-08,2015,4,Wednesday,5,,,1,0,1
1532,2015-04-09,2015,4,Thursday,6,,,1,1,1
1533,2015-04-10,2015,4,Friday,7,,,1,0,0
1534,2015-04-11,2015,4,Saturday,1,Pesach End,Religious,0,1,1
1535,2015-04-12,2015,4,Sunday,2,OrthodoxEaster,Religious,0,1,1
1536,2015-04-13,2015,4,Monday,3,,,0,1,0
1537,2015-04-14,2015,4,Tuesday,4,,,0,0,1
1538,2015-04-15,2015,4,Wednesday,5,,,0,1,1
1539,2015-04-16,2015,4,Thursday,6,,,0,0,0
1540,2015-04-17,2015,4,Friday,7,,,0,0,0
1541,2015-04-18,2015,4,Saturday,1,,,0,0,0
1542,2015-04-19,2015,4,Sunday,2,,,0,0,0
1543,2015-04-20,2015,4,Monday,3,,,0,0,0
1544,2015-04-21,2015,4,Tuesday,4,,,0,0,0
1545,2015-04-22,2015,4,Wednesday,5,,,0,0,0
1546,2015-04-23,2015,4,Thursday,6,,,0,0,0
1547,2015-04-24,2015,4,Friday,7,,,0,0,0
1548,2015-04-25,2015,4,Saturday,1,,,0,0,0
1549,2015-04-26,2015,4,Sunday,2,,,0,0,0
1550,2015-04-27,2015,4,Monday,3,,,0,0,0
1551,2015-04-28,2015,4,Tuesday,4,,,0,0,0
1552,2015-04-29,2015,4,Wednesday,5,,,0,0,0
1553,2015-04-30,2015,4,Thursday,6,,,0,0,0
1554,2015-05-01,2015,5,Friday,7,,,1,1,0
1555,2015-05-02,2015,5,Saturday,1,,,1,0,1
1556,2015-05-03,2015,5,Sunday,2,,,1,1,1
1557,2015-05-04,2015,5,Monday,3,,,1,0,0
1558,2015-05-05,2015,5,Tuesday,4,Cinco De Mayo,Cultural,1,1,1
1559,2015-05-06,2015,5,Wednesday,5,,,1,1,1
1560,2015-05-07,2015,5,Thursday,6,,,1,1,0
1561,2015-05-08,2015,5,Friday,7,,,1,0,1
1562,2015-05-09,2015,5,Saturday,1,,,1,1,1
1563,2015-05-10,2015,5,Sunday,2,Mother's day,Cultural,1,0,0
1564,2015-05-11,2015,5,Monday,3,,,0,1,1
1565,2015-05-12,2015,5,Tuesday,4,,,0,1,1
1566,2015-05-13,2015,5,Wednesday,5,,,0,1,0
1567,2015-05-14,2015,5,Thursday,6,,,0,0,1
1568,2015-05-15,2015,5,Friday,7,,,0,1,1
1569,2015-05-16,2015,5,Saturday,1,,,0,0,0
1570,2015-05-17,2015,5,Sunday,2,,,0,0,0
1571,2015-05-18,2015,5,Monday,3,,,0,0,0
1572,2015-05-19,2015,5,Tuesday,4,,,0,0,0
1573,2015-05-20,2015,5,Wednesday,5,,,0,0,0
1574,2015-05-21,2015,5,Thursday,6,,,0,0,0
1575,2015-05-22,2015,5,Friday,7,,,0,0,0
1576,2015-05-23,2015,5,Saturday,1,,,0,0,0
1577,2015-05-24,2015,5,Sunday,2,,,0,0,0
1578,2015-05-25,2015,5,Monday,3,MemorialDay,National,0,0,0
1579,2015-05-26,2015,5,Tuesday,4,,,0,0,0
1580,2015-05-27,2015,5,Wednesday,5,,,0,0,0
1581,2015-05-28,2015,5,Thursday,6,,,0,0,0
1582,2015-05-29,2015,5,Friday,7,,,0,0,0
1583,2015-05-30,2015,5,Saturday,1,,,0,0,0
1584,2015-05-31,2015,5,Sunday,2,,,0,0,0
1585,2015-06-01,2015,6,Monday,3,,,1,1,0
1586,2015-06-02,2015,6,Tuesday,4,,,1,0,1
1587,2015-06-03,2015,6,Wednesday,5,,,1,1,1
1588,2015-06-04,2015,6,Thursday,6,NBAFinalsStart,Sporting,1,0,0
1589,2015-06-05,2015,6,Friday,7,,,1,1,1
1590,2015-06-06,2015,6,Saturday,1,,,1,1,1
1591,2015-06-07,2015,6,Sunday,2,,,1,1,0
1592,2015-06-08,2015,6,Monday,3,,,1,0,1
1593,2015-06-09,2015,6,Tuesday,4,,,1,1,1
1594,2015-06-10,2015,6,Wednesday,5,,,1,0,0
1595,2015-06-11,2015,6,Thursday,6,,,0,1,1
1596,2015-06-12,2015,6,Friday,7,,,0,1,1
1597,2015-06-13,2015,6,Saturday,1,,,0,1,0
1598,2015-06-14,2015,6,Sunday,2,,,0,0,1
1599,2015-06-15,2015,6,Monday,3,,,0,1,1
1600,2015-06-16,2015,6,Tuesday,4,NBAFinalsEnd,Sporting,0,0,0
1601,2015-06-17,2015,6,Wednesday,5,,,0,0,0
1602,2015-06-18,2015,6,Thursday,6,Ramadan starts,Religious,0,0,0
1603,2015-06-19,2015,6,Friday,7,,,0,0,0
1604,2015-06-20,2015,6,Saturday,1,,,0,0,0
1605,2015-06-21,2015,6,Sunday,2,Father's day,Cultural,0,0,0
1606,2015-06-22,2015,6,Monday,3,,,0,0,0
1607,2015-06-23,2015,6,Tuesday,4,,,0,0,0
1608,2015-06-24,2015,6,Wednesday,5,,,0,0,0
1609,2015-06-25,2015,6,Thursday,6,,,0,0,0
1610,2015-06-26,2015,6,Friday,7,,,0,0,0
1611,2015-06-27,2015,6,Saturday,1,,,0,0,0
1612,2015-06-28,2015,6,Sunday,2,,,0,0,0
1613,2015-06-29,2015,6,Monday,3,,,0,0,0
1614,2015-06-30,2015,6,Tuesday,4,,,0,0,0
1615,2015-07-01,2015,7,Wednesday,5,,,1,1,0
1616,2015-07-02,2015,7,Thursday,6,,,1,0,1
1617,2015-07-03,2015,7,Friday,7,,,1,1,1
1618,2015-07-04,2015,7,Saturday,1,IndependenceDay,National,1,0,0
1619,2015-07-05,2015,7,Sunday,2,,,1,1,1
1620,2015-07-06,2015,7,Monday,3,,,1,1,1
1621,2015-07-07,2015,7,Tuesday,4,,,1,1,0
1622,2015-07-08,2015,7,Wednesday,5,,,1,0,1
1623,2015-07-09,2015,7,Thursday,6,,,1,1,1
1624,2015-07-10,2015,7,Friday,7,,,1,0,0
1625,2015-07-11,2015,7,Saturday,1,,,0,1,1
1626,2015-07-12,2015,7,Sunday,2,,,0,1,1
1627,2015-07-13,2015,7,Monday,3,,,0,1,0
1628,2015-07-14,2015,7,Tuesday,4,,,0,0,1
1629,2015-07-15,2015,7,Wednesday,5,,,0,1,1
1630,2015-07-16,2015,7,Thursday,6,,,0,0,0
1631,2015-07-17,2015,7,Friday,7,,,0,0,0
1632,2015-07-18,2015,7,Saturday,1,Eid al-Fitr,Religious,0,0,0
1633,2015-07-19,2015,7,Sunday,2,,,0,0,0
1634,2015-07-20,2015,7,Monday,3,,,0,0,0
1635,2015-07-21,2015,7,Tuesday,4,,,0,0,0
1636,2015-07-22,2015,7,Wednesday,5,,,0,0,0
1637,2015-07-23,2015,7,Thursday,6,,,0,0,0
1638,2015-07-24,2015,7,Friday,7,,,0,0,0
1639,2015-07-25,2015,7,Saturday,1,,,0,0,0
1640,2015-07-26,2015,7,Sunday,2,,,0,0,0
1641,2015-07-27,2015,7,Monday,3,,,0,0,0
1642,2015-07-28,2015,7,Tuesday,4,,,0,0,0
1643,2015-07-29,2015,7,Wednesday,5,,,0,0,0
1644,2015-07-30,2015,7,Thursday,6,,,0,0,0
1645,2015-07-31,2015,7,Friday,7,,,0,0,0
1646,2015-08-01,2015,8,Saturday,1,,,1,1,0
1647,2015-08-02,2015,8,Sunday,2,,,1,0,1
1648,2015-08-03,2015,8,Monday,3,,,1,1,1
1649,2015-08-04,2015,8,Tuesday,4,,,1,0,0
1650,2015-08-05,2015,8,Wednesday,5,,,1,1,1
1651,2015-08-06,2015,8,Thursday,6,,,1,1,1
1652,2015-08-07,2015,8,Friday,7,,,1,1,0
1653,2015-08-08,2015,8,Saturday,1,,,1,0,1
1654,2015-08-09,2015,8,Sunday,2,,,1,1,1
1655,2015-08-10,2015,8,Monday,3,,,1,0,0
1656,2015-08-11,2015,8,Tuesday,4,,,0,1,1
1657,2015-08-12,2015,8,Wednesday,5,,,0,1,1
1658,2015-08-13,2015,8,Thursday,6,,,0,1,0
1659,2015-08-14,2015,8,Friday,7,,,0,0,1
1660,2015-08-15,2015,8,Saturday,1,,,0,1,1
1661,2015-08-16,2015,8,Sunday,2,,,0,0,0
1662,2015-08-17,2015,8,Monday,3,,,0,0,0
1663,2015-08-18,2015,8,Tuesday,4,,,0,0,0
1664,2015-08-19,2015,8,Wednesday,5,,,0,0,0
1665,2015-08-20,2015,8,Thursday,6,,,0,0,0
1666,2015-08-21,2015,8,Friday,7,,,0,0,0
1667,2015-08-22,2015,8,Saturday,1,,,0,0,0
1668,2015-08-23,2015,8,Sunday,2,,,0,0,0
1669,2015-08-24,2015,8,Monday,3,,,0,0,0
1670,2015-08-25,2015,8,Tuesday,4,,,0,0,0
1671,2015-08-26,2015,8,Wednesday,5,,,0,0,0
1672,2015-08-27,2015,8,Thursday,6,,,0,0,0
1673,2015-08-28,2015,8,Friday,7,,,0,0,0
1674,2015-08-29,2015,8,Saturday,1,,,0,0,0
1675,2015-08-30,2015,8,Sunday,2,,,0,0,0
1676,2015-08-31,2015,8,Monday,3,,,0,0,0
1677,2015-09-01,2015,9,Tuesday,4,,,1,1,0
1678,2015-09-02,2015,9,Wednesday,5,,,1,0,1
1679,2015-09-03,2015,9,Thursday,6,,,1,1,1
1680,2015-09-04,2015,9,Friday,7,,,1,0,0
1681,2015-09-05,2015,9,Saturday,1,,,1,1,1
1682,2015-09-06,2015,9,Sunday,2,,,1,1,1
1683,2015-09-07,2015,9,Monday,3,LaborDay,National,1,1,0
1684,2015-09-08,2015,9,Tuesday,4,,,1,0,1
1685,2015-09-09,2015,9,Wednesday,5,,,1,1,1
1686,2015-09-10,2015,9,Thursday,6,,,1,0,0
1687,2015-09-11,2015,9,Friday,7,,,0,1,1
1688,2015-09-12,2015,9,Saturday,1,,,0,1,1
1689,2015-09-13,2015,9,Sunday,2,,,0,1,0
1690,2015-09-14,2015,9,Monday,3,,,0,0,1
1691,2015-09-15,2015,9,Tuesday,4,,,0,1,1
1692,2015-09-16,2015,9,Wednesday,5,,,0,0,0
1693,2015-09-17,2015,9,Thursday,6,,,0,0,0
1694,2015-09-18,2015,9,Friday,7,,,0,0,0
1695,2015-09-19,2015,9,Saturday,1,,,0,0,0
1696,2015-09-20,2015,9,Sunday,2,,,0,0,0
1697,2015-09-21,2015,9,Monday,3,,,0,0,0
1698,2015-09-22,2015,9,Tuesday,4,,,0,0,0
1699,2015-09-23,2015,9,Wednesday,5,,,0,0,0
1700,2015-09-24,2015,9,Thursday,6,EidAlAdha,Religious,0,0,0
1701,2015-09-25,2015,9,Friday,7,,,0,0,0
1702,2015-09-26,2015,9,Saturday,1,,,0,0,0
1703,2015-09-27,2015,9,Sunday,2,,,0,0,0
1704,2015-09-28,2015,9,Monday,3,,,0,0,0
1705,2015-09-29,2015,9,Tuesday,4,,,0,0,0
1706,2015-09-30,2015,9,Wednesday,5,,,0,0,0
1707,2015-10-01,2015,10,Thursday,6,,,1,1,0
1708,2015-10-02,2015,10,Friday,7,,,1,0,1
1709,2015-10-03,2015,10,Saturday,1,,,1,1,1
1710,2015-10-04,2015,10,Sunday,2,,,1,0,0
1711,2015-10-05,2015,10,Monday,3,,,1,1,1
1712,2015-10-06,2015,10,Tuesday,4,,,1,1,1
1713,2015-10-07,2015,10,Wednesday,5,,,1,1,0
1714,2015-10-08,2015,10,Thursday,6,,,1,0,1
1715,2015-10-09,2015,10,Friday,7,,,1,1,1
1716,2015-10-10,2015,10,Saturday,1,,,1,0,0
1717,2015-10-11,2015,10,Sunday,2,,,0,1,1
1718,2015-10-12,2015,10,Monday,3,ColumbusDay,National,0,1,1
1719,2015-10-13,2015,10,Tuesday,4,,,0,1,0
1720,2015-10-14,2015,10,Wednesday,5,,,0,0,1
1721,2015-10-15,2015,10,Thursday,6,,,0,1,1
1722,2015-10-16,2015,10,Friday,7,,,0,0,0
1723,2015-10-17,2015,10,Saturday,1,,,0,0,0
1724,2015-10-18,2015,10,Sunday,2,,,0,0,0
1725,2015-10-19,2015,10,Monday,3,,,0,0,0
1726,2015-10-20,2015,10,Tuesday,4,,,0,0,0
1727,2015-10-21,2015,10,Wednesday,5,,,0,0,0
1728,2015-10-22,2015,10,Thursday,6,,,0,0,0
1729,2015-10-23,2015,10,Friday,7,,,0,0,0
1730,2015-10-24,2015,10,Saturday,1,,,0,0,0
1731,2015-10-25,2015,10,Sunday,2,,,0,0,0
1732,2015-10-26,2015,10,Monday,3,,,0,0,0
1733,2015-10-27,2015,10,Tuesday,4,,,0,0,0
1734,2015-10-28,2015,10,Wednesday,5,,,0,0,0
1735,2015-10-29,2015,10,Thursday,6,,,0,0,0
1736,2015-10-30,2015,10,Friday,7,,,0,0,0
1737,2015-10-31,2015,10,Saturday,1,Halloween,Cultural,0,0,0
1738,2015-11-01,2015,11,Sunday,2,,,1,1,0
1739,2015-11-02,2015,11,Monday,3,,,1,0,1
1740,2015-11-03,2015,11,Tuesday,4,,,1,1,1
1741,2015-11-04,2015,11,Wednesday,5,,,1,0,0
1742,2015-11-05,2015,11,Thursday,6,,,1,1,1
1743,2015-11-06,2015,11,Friday,7,,,1,1,1
1744,2015-11-07,2015,11,Saturday,1,,,1,1,0
1745,2015-11-08,2015,11,Sunday,2,,,1,0,1
1746,2015-11-09,2015,11,Monday,3,,,1,1,1
1747,2015-11-10,2015,11,Tuesday,4,,,1,0,0
1748,2015-11-11,2015,11,Wednesday,5,VeteransDay,National,0,1,1
1749,2015-11-12,2015,11,Thursday,6,,,0,1,1
1750,2015-11-13,2015,11,Friday,7,,,0,1,0
1751,2015-11-14,2015,11,Saturday,1,,,0,0,1
1752,2015-11-15,2015,11,Sunday,2,,,0,1,1
1753,2015-11-16,2015,11,Monday,3,,,0,0,0
1754,2015-11-17,2015,11,Tuesday,4,,,0,0,0
1755,2015-11-18,2015,11,Wednesday,5,,,0,0,0
1756,2015-11-19,2015,11,Thursday,6,,,0,0,0
1757,2015-11-20,2015,11,Friday,7,,,0,0,0
1758,2015-11-21,2015,11,Saturday,1,,,0,0,0
1759,2015-11-22,2015,11,Sunday,2,,,0,0,0
1760,2015-11-23,2015,11,Monday,3,,,0,0,0
1761,2015-11-24,2015,11,Tuesday,4,,,0,0,0
1762,2015-11-25,2015,11,Wednesday,5,,,0,0,0
1763,2015-11-26,2015,11,Thursday,6,Thanksgiving,National,0,0,0
1764,2015-11-27,2015,11,Friday,7,,,0,0,0
1765,2015-11-28,2015,11,Saturday,1,,,0,0,0
1766,2015-11-29,2015,11,Sunday,2,,,0,0,0
1767,2015-11-30,2015,11,Monday,3,,,0,0,0
1768,2015-12-01,2015,12,Tuesday,4,,,1,1,0
1769,2015-12-02,2015,12,Wednesday,5,,,1,0,1
1770,2015-12-03,2015,12,Thursday,6,,,1,1,1
1771,2015-12-04,2015,12,Friday,7,,,1,0,0
1772,2015-12-05,2015,12,Saturday,1,,,1,1,1
1773,2015-12-06,2015,12,Sunday,2,,,1,1,1
1774,2015-12-07,2015,12,Monday,3,,,1,1,0
1775,2015-12-08,2015,12,Tuesday,4,,,1,0,1
1776,2015-12-09,2015,12,Wednesday,5,,,1,1,1
1777,2015-12-10,2015,12,Thursday,6,,,1,0,0
1778,2015-12-11,2015,12,Friday,7,,,0,1,1
1779,2015-12-12,2015,12,Saturday,1,,,0,1,1
1780,2015-12-13,2015,12,Sunday,2,,,0,1,0
1781,2015-12-14,2015,12,Monday,3,Chanukah End,Religious,0,0,1
1782,2015-12-15,2015,12,Tuesday,4,,,0,1,1
1783,2015-12-16,2015,12,Wednesday,5,,,0,0,0
1784,2015-12-17,2015,12,Thursday,6,,,0,0,0
1785,2015-12-18,2015,12,Friday,7,,,0,0,0
1786,2015-12-19,2015,12,Saturday,1,,,0,0,0
1787,2015-12-20,2015,12,Sunday,2,,,0,0,0
1788,2015-12-21,2015,12,Monday,3,,,0,0,0
1789,2015-12-22,2015,12,Tuesday,4,,,0,0,0
1790,2015-12-23,2015,12,Wednesday,5,,,0,0,0
1791,2015-12-24,2015,12,Thursday,6,,,0,0,0
1792,2015-12-25,2015,12,Friday,7,Christmas,National,0,0,0
1793,2015-12-26,2015,12,Saturday,1,,,0,0,0
1794,2015-12-27,2015,12,Sunday,2,,,0,0,0
1795,2015-12-28,2015,12,Monday,3,,,0,0,0
1796,2015-12-29,2015,12,Tuesday,4,,,0,0,0
1797,2015-12-30,2015,12,Wednesday,5,,,0,0,0
1798,2015-12-31,2015,12,Thursday,6,,,0,0,0
1799,2016-01-01,2016,1,Friday,7,NewYear,National,1,1,0
1800,2016-01-02,2016,1,Saturday,1,,,1,0,1
1801,2016-01-03,2016,1,Sunday,2,,,1,1,1
1802,2016-01-04,2016,1,Monday,3,,,1,0,0
1803,2016-01-05,2016,1,Tuesday,4,,,1,1,1
1804,2016-01-06,2016,1,Wednesday,5,,,1,1,1
1805,2016-01-07,2016,1,Thursday,6,OrthodoxChristmas,Religious,1,1,0
1806,2016-01-08,2016,1,Friday,7,,,1,0,1
1807,2016-01-09,2016,1,Saturday,1,,,1,1,1
1808,2016-01-10,2016,1,Sunday,2,,,1,0,0
1809,2016-01-11,2016,1,Monday,3,,,0,1,1
1810,2016-01-12,2016,1,Tuesday,4,,,0,1,1
1811,2016-01-13,2016,1,Wednesday,5,,,0,1,0
1812,2016-01-14,2016,1,Thursday,6,,,0,0,1
1813,2016-01-15,2016,1,Friday,7,,,0,1,1
1814,2016-01-16,2016,1,Saturday,1,,,0,0,0
1815,2016-01-17,2016,1,Sunday,2,,,0,0,0
1816,2016-01-18,2016,1,Monday,3,MartinLutherKingDay,National,0,0,0
1817,2016-01-19,2016,1,Tuesday,4,,,0,0,0
1818,2016-01-20,2016,1,Wednesday,5,,,0,0,0
1819,2016-01-21,2016,1,Thursday,6,,,0,0,0
1820,2016-01-22,2016,1,Friday,7,,,0,0,0
1821,2016-01-23,2016,1,Saturday,1,,,0,0,0
1822,2016-01-24,2016,1,Sunday,2,,,0,0,0
1823,2016-01-25,2016,1,Monday,3,,,0,0,0
1824,2016-01-26,2016,1,Tuesday,4,,,0,0,0
1825,2016-01-27,2016,1,Wednesday,5,,,0,0,0
1826,2016-01-28,2016,1,Thursday,6,,,0,0,0
1827,2016-01-29,2016,1,Friday,7,,,0,0,0
1828,2016-01-30,2016,1,Saturday,1,,,0,0,0
1829,2016-01-31,2016,1,Sunday,2,,,0,0,0
1830,2016-02-01,2016,2,Monday,3,,,1,1,0
1831,2016-02-02,2016,2,Tuesday,4,,,1,0,1
1832,2016-02-03,2016,2,Wednesday,5,,,1,1,1
1833,2016-02-04,2016,2,Thursday,6,,,1,0,0
1834,2016-02-05,2016,2,Friday,7,,,1,1,1
1835,2016-02-06,2016,2,Saturday,1,,,1,1,1
1836,2016-02-07,2016,2,Sunday,2,SuperBowl,Sporting,1,1,0
1837,2016-02-08,2016,2,Monday,3,,,1,0,1
1838,2016-02-09,2016,2,Tuesday,4,,,1,1,1
1839,2016-02-10,2016,2,Wednesday,5,LentStart,Religious,1,0,0
1840,2016-02-11,2016,2,Thursday,6,,,0,1,1
1841,2016-02-12,2016,2,Friday,7,,,0,1,1
1842,2016-02-13,2016,2,Saturday,1,,,0,1,0
1843,2016-02-14,2016,2,Sunday,2,ValentinesDay,Cultural,0,0,1
1844,2016-02-15,2016,2,Monday,3,PresidentsDay,National,0,1,1
1845,2016-02-16,2016,2,Tuesday,4,,,0,0,0
1846,2016-02-17,2016,2,Wednesday,5,LentWeek2,Religious,0,0,0
1847,2016-02-18,2016,2,Thursday,6,,,0,0,0
1848,2016-02-19,2016,2,Friday,7,,,0,0,0
1849,2016-02-20,2016,2,Saturday,1,,,0,0,0
1850,2016-02-21,2016,2,Sunday,2,,,0,0,0
1851,2016-02-22,2016,2,Monday,3,,,0,0,0
1852,2016-02-23,2016,2,Tuesday,4,,,0,0,0
1853,2016-02-24,2016,2,Wednesday,5,,,0,0,0
1854,2016-02-25,2016,2,Thursday,6,,,0,0,0
1855,2016-02-26,2016,2,Friday,7,,,0,0,0
1856,2016-02-27,2016,2,Saturday,1,,,0,0,0
1857,2016-02-28,2016,2,Sunday,2,,,0,0,0
1858,2016-02-29,2016,2,Monday,3,,,0,0,0
1859,2016-03-01,2016,3,Tuesday,4,,,1,1,0
1860,2016-03-02,2016,3,Wednesday,5,,,1,0,1
1861,2016-03-03,2016,3,Thursday,6,,,1,1,1
1862,2016-03-04,2016,3,Friday,7,,,1,0,0
1863,2016-03-05,2016,3,Saturday,1,,,1,1,1
1864,2016-03-06,2016,3,Sunday,2,,,1,1,1
1865,2016-03-07,2016,3,Monday,3,,,1,1,0
1866,2016-03-08,2016,3,Tuesday,4,,,1,0,1
1867,2016-03-09,2016,3,Wednesday,5,,,1,1,1
1868,2016-03-10,2016,3,Thursday,6,,,1,0,0
1869,2016-03-11,2016,3,Friday,7,,,0,1,1
1870,2016-03-12,2016,3,Saturday,1,,,0,1,1
1871,2016-03-13,2016,3,Sunday,2,,,0,1,0
1872,2016-03-14,2016,3,Monday,3,,,0,0,1
1873,2016-03-15,2016,3,Tuesday,4,,,0,1,1
1874,2016-03-16,2016,3,Wednesday,5,,,0,0,0
1875,2016-03-17,2016,3,Thursday,6,StPatricksDay,Cultural,0,0,0
1876,2016-03-18,2016,3,Friday,7,,,0,0,0
1877,2016-03-19,2016,3,Saturday,1,,,0,0,0
1878,2016-03-20,2016,3,Sunday,2,,,0,0,0
1879,2016-03-21,2016,3,Monday,3,,,0,0,0
1880,2016-03-22,2016,3,Tuesday,4,,,0,0,0
1881,2016-03-23,2016,3,Wednesday,5,,,0,0,0
1882,2016-03-24,2016,3,Thursday,6,Purim End,Religious,0,0,0
1883,2016-03-25,2016,3,Friday,7,,,0,0,0
1884,2016-03-26,2016,3,Saturday,1,,,0,0,0
1885,2016-03-27,2016,3,Sunday,2,Easter,Cultural,0,0,0
1886,2016-03-28,2016,3,Monday,3,,,0,0,0
1887,2016-03-29,2016,3,Tuesday,4,,,0,0,0
1888,2016-03-30,2016,3,Wednesday,5,,,0,0,0
1889,2016-03-31,2016,3,Thursday,6,,,0,0,0
1890,2016-04-01,2016,4,Friday,7,,,1,1,0
1891,2016-04-02,2016,4,Saturday,1,,,1,0,1
1892,2016-04-03,2016,4,Sunday,2,,,1,1,1
1893,2016-04-04,2016,4,Monday,3,,,1,0,0
1894,2016-04-05,2016,4,Tuesday,4,,,1,1,1
1895,2016-04-06,2016,4,Wednesday,5,,,1,1,1
1896,2016-04-07,2016,4,Thursday,6,,,1,1,0
1897,2016-04-08,2016,4,Friday,7,,,1,0,1
1898,2016-04-09,2016,4,Saturday,1,,,1,1,1
1899,2016-04-10,2016,4,Sunday,2,,,1,0,0
1900,2016-04-11,2016,4,Monday,3,,,0,1,1
1901,2016-04-12,2016,4,Tuesday,4,,,0,1,1
1902,2016-04-13,2016,4,Wednesday,5,,,0,1,0
1903,2016-04-14,2016,4,Thursday,6,,,0,0,1
1904,2016-04-15,2016,4,Friday,7,,,0,1,1
1905,2016-04-16,2016,4,Saturday,1,,,0,0,0
1906,2016-04-17,2016,4,Sunday,2,,,0,0,0
1907,2016-04-18,2016,4,Monday,3,,,0,0,0
1908,2016-04-19,2016,4,Tuesday,4,,,0,0,0
1909,2016-04-20,2016,4,Wednesday,5,,,0,0,0
1910,2016-04-21,2016,4,Thursday,6,,,0,0,0
1911,2016-04-22,2016,4,Friday,7,,,0,0,0
1912,2016-04-23,2016,4,Saturday,1,,,0,0,0
1913,2016-04-24,2016,4,Sunday,2,,,0,0,0
1914,2016-04-25,2016,4,Monday,3,,,0,0,0
1915,2016-04-26,2016,4,Tuesday,4,,,0,0,0
1916,2016-04-27,2016,4,Wednesday,5,,,0,0,0
1917,2016-04-28,2016,4,Thursday,6,,,0,0,0
1918,2016-04-29,2016,4,Friday,7,,,0,0,0
1919,2016-04-30,2016,4,Saturday,1,Pesach End,Religious,0,0,0
1920,2016-05-01,2016,5,Sunday,2,OrthodoxEaster,Religious,1,1,0
1921,2016-05-02,2016,5,Monday,3,,,1,0,1
1922,2016-05-03,2016,5,Tuesday,4,,,1,1,1
1923,2016-05-04,2016,5,Wednesday,5,,,1,0,0
1924,2016-05-05,2016,5,Thursday,6,Cinco De Mayo,Cultural,1,1,1
1925,2016-05-06,2016,5,Friday,7,,,1,1,1
1926,2016-05-07,2016,5,Saturday,1,,,1,1,0
1927,2016-05-08,2016,5,Sunday,2,Mother's day,Cultural,1,0,1
1928,2016-05-09,2016,5,Monday,3,,,1,1,1
1929,2016-05-10,2016,5,Tuesday,4,,,1,0,0
1930,2016-05-11,2016,5,Wednesday,5,,,0,1,1
1931,2016-05-12,2016,5,Thursday,6,,,0,1,1
1932,2016-05-13,2016,5,Friday,7,,,0,1,0
1933,2016-05-14,2016,5,Saturday,1,,,0,0,1
1934,2016-05-15,2016,5,Sunday,2,,,0,1,1
1935,2016-05-16,2016,5,Monday,3,,,0,0,0
1936,2016-05-17,2016,5,Tuesday,4,,,0,0,0
1937,2016-05-18,2016,5,Wednesday,5,,,0,0,0
1938,2016-05-19,2016,5,Thursday,6,,,0,0,0
1939,2016-05-20,2016,5,Friday,7,,,0,0,0
1940,2016-05-21,2016,5,Saturday,1,,,0,0,0
1941,2016-05-22,2016,5,Sunday,2,,,0,0,0
1942,2016-05-23,2016,5,Monday,3,,,0,0,0
1943,2016-05-24,2016,5,Tuesday,4,,,0,0,0
1944,2016-05-25,2016,5,Wednesday,5,,,0,0,0
1945,2016-05-26,2016,5,Thursday,6,,,0,0,0
1946,2016-05-27,2016,5,Friday,7,,,0,0,0
1947,2016-05-28,2016,5,Saturday,1,,,0,0,0
1948,2016-05-29,2016,5,Sunday,2,,,0,0,0
1949,2016-05-30,2016,5,Monday,3,MemorialDay,National,0,0,0
1950,2016-05-31,2016,5,Tuesday,4,,,0,0,0
1951,2016-06-01,2016,6,Wednesday,5,,,1,1,0
1952,2016-06-02,2016,6,Thursday,6,NBAFinalsStart,Sporting,1,0,1
1953,2016-06-03,2016,6,Friday,7,,,1,1,1
1954,2016-06-04,2016,6,Saturday,1,,,1,0,0
1955,2016-06-05,2016,6,Sunday,2,,,1,1,1
1956,2016-06-06,2016,6,Monday,3,,,1,1,1
1957,2016-06-07,2016,6,Tuesday,4,Ramadan starts,Religious,1,1,0
1958,2016-06-08,2016,6,Wednesday,5,,,1,0,1
1959,2016-06-09,2016,6,Thursday,6,,,1,1,1
1960,2016-06-10,2016,6,Friday,7,,,1,0,0
1961,2016-06-11,2016,6,Saturday,1,,,0,1,1
1962,2016-06-12,2016,6,Sunday,2,,,0,1,1
1963,2016-06-13,2016,6,Monday,3,,,0,1,0
1964,2016-06-14,2016,6,Tuesday,4,,,0,0,1
1965,2016-06-15,2016,6,Wednesday,5,,,0,1,1
1966,2016-06-16,2016,6,Thursday,6,,,0,0,0
1967,2016-06-17,2016,6,Friday,7,,,0,0,0
1968,2016-06-18,2016,6,Saturday,1,,,0,0,0
1969,2016-06-19,2016,6,Sunday,2,NBAFinalsEnd,Sporting,0,0,0
