slice,coverage,mean_width,n,undefined,period,slice_type,slice_label,slice_order
all,0.9091666666666668,5.777520042427827,33600.0,0.0,Validation (calibrated),all,"All series, 28 days",0
volume_group=high,0.9063244047619048,9.991827369025296,13440.0,0.0,Validation (calibrated),segment,high,0
volume_group=low,0.9223214285714286,1.9344140297172607,6720.0,0.0,Validation (calibrated),segment,low,0
volume_group=medium,0.9054315476190476,3.484765722185639,13440.0,0.0,Validation (calibrated),segment,medium,0
pattern_group=frequent,0.9043944738389182,6.136045562573486,13608.0,0.0,Validation (calibrated),segment,frequent,0
pattern_group=irregular,0.9124149659863946,5.533481663169016,19992.0,0.0,Validation (calibrated),segment,irregular,0
store_id=CA_1,0.9170833333333334,6.728860953729166,16800.0,0.0,Validation (calibrated),segment,CA_1,0
store_id=TX_1,0.90125,4.826179131126487,16800.0,0.0,Validation (calibrated),segment,TX_1,0
cat_id=FOODS,0.9021358543417368,6.37005726116655,17136.0,0.0,Validation (calibrated),segment,FOODS,0
cat_id=HOUSEHOLD,0.9164844509232264,5.160797631087524,16464.0,0.0,Validation (calibrated),segment,HOUSEHOLD,0
b=1,0.898452380952381,5.405872275098213,8400.0,0.0,Validation (calibrated),horizon,Days 1-7,1
b=2,0.9053571428571427,5.819737795619044,8400.0,0.0,Validation (calibrated),horizon,Days 8-14,2
b=3,0.9122619047619048,5.8200537831011925,8400.0,0.0,Validation (calibrated),horizon,Days 15-21,3
b=4,0.920595238095238,6.064416315892856,8400.0,0.0,Validation (calibrated),horizon,Days 22-28,4
weekly_validation_h1-7,0.9044285714285716,5.422526183020916,49000.0,0.0,Validation (calibrated),weekly,"Weekly lists, days 1-7",0
all,0.8930357142857143,5.93867222853947,5600.0,0.0,Holdout (calibrated),all,"All series, 28 days",0
volume_group=high,0.8924107142857143,10.1326230441901,2240.0,0.0,Holdout (calibrated),segment,high,0
volume_group=low,0.9017857142857144,2.0235077666728043,1120.0,0.0,Holdout (calibrated),segment,low,0
volume_group=medium,0.8892857142857142,3.702303643822175,2240.0,0.0,Holdout (calibrated),segment,medium,0
pattern_group=frequent,0.9171075837742504,6.1066837391790205,2268.0,0.0,Holdout (calibrated),segment,frequent,0
pattern_group=irregular,0.8766506602641057,5.824311452389861,3332.0,0.0,Holdout (calibrated),segment,irregular,0
store_id=CA_1,0.8835714285714286,7.038821234655485,2800.0,0.0,Holdout (calibrated),segment,CA_1,0
store_id=TX_1,0.9025,4.838523222423456,2800.0,0.0,Holdout (calibrated),segment,TX_1,0
cat_id=FOODS,0.8813025210084033,6.796125408598064,2856.0,0.0,Holdout (calibrated),segment,FOODS,0
cat_id=HOUSEHOLD,0.9052478134110788,5.046220959498893,2744.0,0.0,Holdout (calibrated),segment,HOUSEHOLD,0
b=1,0.9014285714285716,5.497223253303014,1400.0,0.0,Holdout (calibrated),horizon,Days 1-7,1
b=2,0.885,6.000227367337318,1400.0,0.0,Holdout (calibrated),horizon,Days 8-14,2
b=3,0.8857142857142857,6.047563812561271,1400.0,0.0,Holdout (calibrated),horizon,Days 15-21,3
b=4,0.9,6.209674480956277,1400.0,0.0,Holdout (calibrated),horizon,Days 22-28,4
weekly_holdout_h1-7,0.8891071428571429,5.57906777107257,5600.0,0.0,Holdout (calibrated),weekly,"Weekly lists, days 1-7",0
b=1,0.8738690476190476,5.291755650714284,16800.0,0.0,"Calibration weeks (raw, before widening)",horizon,Days 1-7,1
b=2,0.8645454545454545,5.428235207694804,15400.0,0.0,"Calibration weeks (raw, before widening)",horizon,Days 8-14,2
b=3,0.8557857142857143,5.4211755759285705,14000.0,0.0,"Calibration weeks (raw, before widening)",horizon,Days 15-21,3
b=4,0.842936507936508,5.426344435039683,12600.0,0.0,"Calibration weeks (raw, before widening)",horizon,Days 22-28,4
