period,model,segment_type,segment,mean_rmsse,median_rmsse,wape,bias,actual_units,rmsse_undefined,segment_order
Validation,LightGBM,all,all,0.6735465617482626,0.6290503650460788,0.6053753236378276,-0.0575411565413212,79487.0,0,0
Validation,ETS,all,all,0.6876315198638135,0.6435639580324015,0.6260104857398066,-0.0109828590838753,79487.0,0,0
Validation,Seasonal naive,all,all,0.88910154762522,0.8653666154988502,0.7541233157623259,-0.0225319863625498,79487.0,0,0
Validation,ETS,volume_group,high,0.7103666238797903,0.6540391676592529,0.545610160433007,-0.0113454469436701,61708.0,0,1
Validation,ETS,volume_group,low,0.5977545736787122,0.592579271989444,1.1724879163901791,0.0107586197743861,3014.0,0,3
Validation,ETS,volume_group,medium,0.7098348889403873,0.6617196042274431,0.8504778272942771,-0.0139055983745343,14765.0,0,2
Validation,LightGBM,volume_group,high,0.6936112033648762,0.6290503650460788,0.5250290852077526,-0.061469285181824,61708.0,0,1
Validation,LightGBM,volume_group,low,0.5951510355762453,0.6016493624123367,1.1702593264764434,0.027193102189781,3014.0,0,3
Validation,LightGBM,volume_group,medium,0.6926796832176577,0.6498576282472865,0.8258592583813071,-0.05842108161192,14765.0,0,2
Validation,Seasonal naive,volume_group,high,0.8991683044058411,0.8441775733167467,0.6622155960329292,-0.0202891035198029,61708.0,0,1
Validation,Seasonal naive,volume_group,low,0.7878065323778553,0.8160564371652951,1.3005972130059722,-0.0072992700729927,3014.0,0,3
Validation,Seasonal naive,volume_group,medium,0.9296822984682812,0.8956380176246195,1.0266847273958686,-0.0350152387402641,14765.0,0,2
Validation,ETS,pattern_group,frequent,0.7143655153168893,0.6548169056993006,0.5831531198695603,-0.0166893050714044,35572.0,0,4
Validation,ETS,pattern_group,irregular,0.6694344305218038,0.6290224857471283,0.6607257816235911,-0.0063605273824433,43915.0,0,5
Validation,LightGBM,pattern_group,frequent,0.6953489474060575,0.6419906548861314,0.5613910944000899,-0.0666928665804565,35572.0,0,4
Validation,LightGBM,pattern_group,irregular,0.6587062824349738,0.6188197606866099,0.6410034006603667,-0.0501280942730274,43915.0,0,5
Validation,Seasonal naive,pattern_group,frequent,0.9268752120874378,0.8766745259374222,0.7120206904306758,-0.0375576295963117,35572.0,0,4
Validation,Seasonal naive,pattern_group,irregular,0.863390061730769,0.8539815306159196,0.7882272572014118,-0.0103609245132642,43915.0,0,5
Validation,ETS,store_id,CA_1,0.7134469139881928,0.6755363343311538,0.5979657651568231,-0.0238381247166467,48526.0,0,0
Validation,ETS,store_id,TX_1,0.661816125739434,0.6106168542101535,0.6699657233293498,0.009165541164691,30961.0,0,0
Validation,LightGBM,store_id,CA_1,0.6991708215483882,0.6599541417339214,0.5786182403247743,-0.059622349462144,48526.0,0,0
Validation,LightGBM,store_id,TX_1,0.6479223019481372,0.6046911783949569,0.6473124130357547,-0.0542792474403281,30961.0,0,0
Validation,Seasonal naive,store_id,CA_1,0.9285196016088968,0.908971153199538,0.7255491901248815,-0.0184231133825165,48526.0,0,0
Validation,Seasonal naive,store_id,TX_1,0.8496834936415432,0.8211604747297252,0.798908303995349,-0.028971932431123,30961.0,0,0
Validation,ETS,cat_id,FOODS,0.6644825466378064,0.6219512129323879,0.6372302746634247,-0.0310085649961727,44418.0,0,0
Validation,ETS,cat_id,HOUSEHOLD,0.7117253491398617,0.6571908984271455,0.61179962759132,0.0143814742365051,35069.0,0,0
Validation,LightGBM,cat_id,FOODS,0.6489606278235621,0.6142351010006395,0.6106552408933316,-0.0863046105182583,44418.0,0,0
Validation,LightGBM,cat_id,HOUSEHOLD,0.6991360031800937,0.6455457045387932,0.5986878399726254,-0.0211096900396361,35069.0,0,0
Validation,Seasonal naive,cat_id,FOODS,0.8486632541382476,0.8214586785877467,0.7533882660182809,-0.0435409068395695,44418.0,0,0
Validation,Seasonal naive,cat_id,HOUSEHOLD,0.9311903837034974,0.8927492352046802,0.7550543214805099,0.0040776754398471,35069.0,0,0
Validation,ETS,horizon_week,Days 1-7,0.6301110197511809,0.5752778308543512,0.592059270237737,-0.0142691659143344,19938.0,0,6
Validation,ETS,horizon_week,Days 8-14,0.6588770415964922,0.5781000537323824,0.6371741511450382,0.0001781867684478,19650.0,0,7
Validation,ETS,horizon_week,Days 15-21,0.6643148347409772,0.583216351180112,0.6511235142106047,-0.0251722945290412,20161.0,0,8
Validation,ETS,horizon_week,Days 22-28,0.6450642619174248,0.573967423702652,0.6235406074576958,-0.0042810127672509,19738.0,0,9
Validation,LightGBM,horizon_week,Days 1-7,0.6190043917950206,0.5691670742513645,0.5719757713913131,-0.0253641242852843,19938.0,0,6
Validation,LightGBM,horizon_week,Days 8-14,0.6470277421544592,0.5710064204965243,0.6178397486005089,-0.0386247715012722,19650.0,0,7
Validation,LightGBM,horizon_week,Days 15-21,0.6431320992032531,0.5656559768716436,0.6260017588413272,-0.1003421248945984,20161.0,0,8
Validation,LightGBM,horizon_week,Days 22-28,0.6339638339958792,0.56167448812091,0.605635976289391,-0.0651580535008612,19738.0,0,9
Validation,Seasonal naive,horizon_week,Days 1-7,0.8237615441815249,0.789292202288395,0.708095094793861,-0.0257799177450095,19938.0,0,6
Validation,Seasonal naive,horizon_week,Days 8-14,0.8589698995361675,0.81573321027066,0.7716030534351145,-0.011501272264631,19650.0,0,7
Validation,Seasonal naive,horizon_week,Days 15-21,0.8630774337897953,0.810005632640536,0.7745151530182035,-0.0365557264024601,20161.0,0,8
Validation,Seasonal naive,horizon_week,Days 22-28,0.8569769893839918,0.8130740974652138,0.7623872732799676,-0.0159084000405309,19738.0,0,9
Validation,ETS,origin,d1745,0.6760456002967719,0.6222993825178316,0.675050023268876,0.0010776121319104,12463.0,0,1745
Validation,ETS,origin,d1773,0.6743070641146375,0.6176931514231983,0.6454827066835603,-0.0052802755780804,12628.0,0,1773
Validation,ETS,origin,d1801,0.664627382013236,0.6167585235563817,0.6310329518352176,-0.0227131392287439,12914.0,0,1801
Validation,ETS,origin,d1829,0.6968813207821438,0.6521849230578798,0.6098455210936352,-0.0421216169337057,13606.0,0,1829
Validation,ETS,origin,d1857,0.708304487037383,0.6768295976711938,0.6016902386338758,-0.0359336291323067,13703.0,0,1857
Validation,ETS,origin,d1885,0.7056232649387087,0.6609770029204483,0.5999938178226205,0.0380355069498341,14173.0,0,1885
Validation,LightGBM,origin,d1745,0.6687204308173881,0.6201566783172773,0.6510200433282516,-0.0459053999839525,12463.0,0,1745
Validation,LightGBM,origin,d1773,0.6543041103622557,0.6067493128786678,0.6237295898004435,-0.0168026908457396,12628.0,0,1773
Validation,LightGBM,origin,d1801,0.6535073703888353,0.6089372189122442,0.6058791234319344,-0.0921844912498064,12914.0,0,1801
Validation,LightGBM,origin,d1829,0.6825407539334476,0.6522433177438243,0.6067144127590769,-0.070668488901955,13606.0,0,1829
Validation,LightGBM,origin,d1857,0.6958621177721774,0.6637445407224984,0.5863811515726484,-0.1086474115157264,13703.0,0,1857
Validation,LightGBM,origin,d1885,0.6863445872154718,0.6385679208489543,0.5655039913920835,-0.0104910089606999,14173.0,0,1885
Validation,Seasonal naive,origin,d1745,0.8611897421001435,0.8479353457172144,0.7701997913824922,-0.0249538634357698,12463.0,0,1745
Validation,Seasonal naive,origin,d1773,0.8823308153514182,0.8370503823635176,0.8088375039594552,0.0456129236617041,12628.0,0,1773
Validation,Seasonal naive,origin,d1801,0.8756284148372009,0.8642488618299857,0.7842651386092613,0.0407309896236642,12914.0,0,1801
Validation,Seasonal naive,origin,d1829,0.874335481927624,0.8515449676786802,0.7133617521681611,-0.0968690283698368,13606.0,0,1829
Validation,Seasonal naive,origin,d1857,0.9227223768763192,0.8879377683098815,0.7469167335619937,-0.0705684886521199,13703.0,0,1857
Validation,Seasonal naive,origin,d1885,0.9184024546586136,0.8865039228269556,0.7098708812530868,-0.0209553376137726,14173.0,0,1885
Holdout,ETS,all,all,0.7455886753060682,0.6778225905179602,0.5859141637179756,-0.0682181428078546,15005.0,0,0
Holdout,LightGBM,all,all,0.7332905224405778,0.652617729468175,0.5788999517066318,-0.0493907216393795,15005.0,0,0
Holdout,Seasonal naive,all,all,0.9321688520219216,0.8918712309390642,0.6798400533155615,-0.1064311896034655,15005.0,0,0
Holdout,ETS,volume_group,high,0.7342414988825331,0.6561824533049677,0.5046937444846118,-0.0671693483284121,11574.0,0,1
Holdout,ETS,volume_group,low,0.6835188700698918,0.6859738944325822,1.0246118557011357,-0.168957293744747,640.0,0,3
Holdout,ETS,volume_group,medium,0.7879707543476915,0.7215026120907102,0.8221300753402362,-0.0494670466793904,2791.0,0,2
Holdout,LightGBM,volume_group,high,0.70946110236862,0.6203420117412143,0.4973834962798644,-0.0418913115649397,11574.0,0,1
Holdout,LightGBM,volume_group,low,0.6824071694616569,0.6605578313756695,1.0239004256009905,-0.1532213035529517,640.0,0,3
Holdout,LightGBM,volume_group,medium,0.7825616190019961,0.7434200725078349,0.814898214629246,-0.0566807968012857,2791.0,0,2
Holdout,Seasonal naive,volume_group,high,0.8783855121358499,0.8371028433941057,0.5814757214446172,-0.1118023155348194,11574.0,0,1
Holdout,Seasonal naive,volume_group,low,0.8975656458296071,0.9427328580346732,1.25625,-0.125,640.0,0,3
Holdout,Seasonal naive,volume_group,medium,1.0032537950041505,0.908341865420937,0.9555714797563596,-0.0798996775349337,2791.0,0,2
Holdout,ETS,pattern_group,frequent,0.7246543621790603,0.6635767029174493,0.5083750025341454,-0.0519727141294417,6474.0,0,4
Holdout,ETS,pattern_group,irregular,0.7598380817202498,0.6992830099798529,0.6447570343666822,-0.0805464636687203,8531.0,0,5
Holdout,LightGBM,pattern_group,frequent,0.7005983828482653,0.6494483931851283,0.4939419412350194,-0.0385095993013055,6474.0,0,4
Holdout,LightGBM,pattern_group,irregular,0.75554315527232,0.6822085290569936,0.6433728341111821,-0.0576481810247612,8531.0,0,5
Holdout,Seasonal naive,pattern_group,frequent,0.9061404209000024,0.8824272027905795,0.597775718257646,-0.0954587581093605,6474.0,0,4
Holdout,Seasonal naive,pattern_group,irregular,0.9498856832897824,0.8927677699212683,0.7421169851131169,-0.1147579416246629,8531.0,0,5
Holdout,ETS,store_id,CA_1,0.7840022744969868,0.7246951767636416,0.5660981167595726,-0.0366901384555216,9208.0,0,0
Holdout,ETS,store_id,TX_1,0.7071750761151496,0.6493129189198595,0.6173901272151248,-0.1182974707492523,5797.0,0,0
Holdout,LightGBM,store_id,CA_1,0.770039124216061,0.7018524912937756,0.5614443038401367,-0.007539339114135,9208.0,0,0
Holdout,LightGBM,store_id,TX_1,0.6965419206650946,0.6203420117412143,0.606626638881841,-0.1158677839634179,5797.0,0,0
Holdout,Seasonal naive,store_id,CA_1,0.977485730298564,0.9135046255979926,0.6646394439617723,-0.0686359687228497,9208.0,0,0
Holdout,Seasonal naive,store_id,TX_1,0.886851973745279,0.8270979264810467,0.7039848197343453,-0.16646541314473,5797.0,0,0
Holdout,ETS,cat_id,FOODS,0.7622291188130184,0.6953636431391532,0.5440926262959578,-0.1136787114678871,9371.0,0,0
Holdout,ETS,cat_id,HOUSEHOLD,0.728269030023324,0.6658839633962751,0.6554756878893861,0.0073961612235909,5634.0,0,0
Holdout,LightGBM,cat_id,FOODS,0.7476191234651922,0.6607482723183977,0.5338470280271178,-0.1123958745727059,9371.0,0,0
Holdout,LightGBM,cat_id,HOUSEHOLD,0.7183770805578158,0.6441777634397368,0.6538362221717944,0.055405389141274,5634.0,0,0
Holdout,Seasonal naive,cat_id,FOODS,0.9537936506429122,0.9062330457594912,0.6429409881549462,-0.1249599829260484,9371.0,0,0
Holdout,Seasonal naive,cat_id,HOUSEHOLD,0.9096614085592578,0.8762326306571205,0.7412140575079872,-0.0756123535676251,5634.0,0,0
Holdout,ETS,horizon_week,Days 1-7,0.6899202169140257,0.6201371209329398,0.5506718675778918,-0.0558220713689802,3702.0,0,6
Holdout,ETS,horizon_week,Days 8-14,0.6878620739857416,0.6085828863033953,0.5963491675765675,-0.0434190772326121,3654.0,0,7
Holdout,ETS,horizon_week,Days 15-21,0.7312658265156454,0.6557279695754381,0.5874774768226559,-0.0930600176979669,3854.0,0,8
Holdout,ETS,horizon_week,Days 22-28,0.7077951216504441,0.6186269356477601,0.6086578969210997,-0.0789600285132977,3795.0,0,9
Holdout,LightGBM,horizon_week,Days 1-7,0.6754995774117615,0.595243647678615,0.5405183302214412,-0.0771095335932496,3702.0,0,6
Holdout,LightGBM,horizon_week,Days 8-14,0.6790919960798774,0.596307393059492,0.5872548920300914,0.0094101023556129,3654.0,0,7
Holdout,LightGBM,horizon_week,Days 15-21,0.7164333190433173,0.6326741108967643,0.5847627961903861,-0.0538575021858438,3854.0,0,8
Holdout,LightGBM,horizon_week,Days 22-28,0.7006937892864193,0.6186007944140883,0.6023424835000087,-0.0744310897021995,3795.0,0,9
Holdout,Seasonal naive,horizon_week,Days 1-7,0.8578453709818906,0.7897862396351969,0.640194489465154,-0.0945434900054024,3702.0,0,6
Holdout,Seasonal naive,horizon_week,Days 8-14,0.9026265880359448,0.8469058966025518,0.7066228790366721,-0.0826491516146688,3654.0,0,7
Holdout,Seasonal naive,horizon_week,Days 15-21,0.9198160854790453,0.8380391241011487,0.6829268292682927,-0.1302542812662169,3854.0,0,8
Holdout,Seasonal naive,horizon_week,Days 22-28,0.8994653780084048,0.8310348296134875,0.6895915678524375,-0.1167325428194993,3795.0,0,9
