period,rule,K,captured_ae_mean,captured_ne_mean,precision,recall,weeks
Validation,Persistent bias,1,0.0505906852332524,0.0053964404810547,0.1428571428571428,0.007715934858792,35.0
Validation,Persistent bias,5,0.1386419224804267,0.0290760391509269,0.1314285714285714,0.0389253698844491,35.0
Validation,Persistent bias,10,0.2088334615924348,0.0573767673208086,0.1371428571428571,0.0827292063070287,35.0
Validation,Combined score (frozen),1,0.0617238740617173,0.0056992468118713,0.1142857142857142,0.0061286332714904,35.0
Validation,Combined score (frozen),5,0.1644254497522658,0.0266851983726672,0.0971428571428571,0.0274083572823068,35.0
Validation,Combined score (frozen),10,0.2361473485872092,0.0550047408581251,0.0885714285714285,0.0506298681088597,35.0
Validation,Largest recent error,1,0.0604138271635959,0.0059047621677819,0.1428571428571428,0.0079143475572047,35.0
Validation,Largest recent error,5,0.159981080795505,0.028697873468023,0.12,0.0355624370960505,35.0
Validation,Largest recent error,10,0.2323204829096148,0.0555358604197795,0.0885714285714285,0.0520994963642022,35.0
Validation,Normalised error (diagnostic),1,0.0098161552816321,0.0137666118368094,0.7428571428571429,0.0425076833544133,35.0
Validation,Normalised error (diagnostic),5,0.039438080566657,0.0588747273651748,0.6,0.1801792807592953,35.0
Validation,Normalised error (diagnostic),10,0.0715567450395425,0.1008757259316193,0.4828571428571428,0.292123540237351,35.0
Validation,Widest range,1,0.0643624776654885,0.005711620706445,0.1142857142857142,0.0061286332714904,35.0
Validation,Widest range,5,0.1608157538925394,0.0252538308109549,0.08,0.0232525131264627,35.0
Validation,Widest range,10,0.2353525680184517,0.0530904552137941,0.08,0.0447657042615025,35.0
Validation,Top sellers,1,0.0506061507723937,0.0049526733794549,0.0857142857142857,0.0040878169449598,35.0
Validation,Top sellers,5,0.1560003438042498,0.0262247647026755,0.0857142857142857,0.0255970468995679,35.0
Validation,Top sellers,10,0.2341002100987574,0.0564831948811972,0.0971428571428571,0.0570953836079886,35.0
Validation,Random (200 draws),1,0.0050154048882141,0.0050003397195935,0.0891428571428571,0.005014920540021,35.0
Validation,Random (200 draws),5,0.0251856921290924,0.0252041794189707,0.0897428571428571,0.0254627305269934,35.0
Validation,Random (200 draws),10,0.0502635737860954,0.05008043657397,0.0878571428571428,0.0497930614736013,35.0
Holdout,Persistent bias,1,0.032200910361911,0.0041292636820906,0.0,0.0,
Holdout,Persistent bias,5,0.0859288073285304,0.0300334634128176,0.25,0.0674420677361853,
Holdout,Persistent bias,10,0.152125903989553,0.0602339841061014,0.225,0.1181996434937611,
Holdout,Combined score (frozen),1,0.0390767170062527,0.0033304744556786,0.0,0.0,
Holdout,Combined score (frozen),5,0.1341801197965275,0.0253318903095927,0.15,0.0374331550802139,
Holdout,Combined score (frozen),10,0.2155514234053725,0.0550094187088484,0.125,0.0635026737967914,
Holdout,Largest recent error,1,0.0390767170062527,0.0033304744556786,0.0,0.0,
Holdout,Largest recent error,5,0.1277486610503783,0.0323175790920653,0.25,0.0688057040998217,
Holdout,Largest recent error,10,0.2120746530811399,0.0574255717285557,0.15,0.0801693404634581,
Holdout,Normalised error (diagnostic),1,0.0057203321700766,0.0104007242163685,1.0,0.0527361853832442,
Holdout,Normalised error (diagnostic),5,0.0384314300523207,0.0471282403930472,0.6,0.1562477718360071,
Holdout,Normalised error (diagnostic),10,0.0741756590471246,0.0890341662142525,0.525,0.2664171122994652,
Holdout,Widest range,1,0.0390767170062527,0.0033304744556786,0.0,0.0,
Holdout,Widest range,5,0.1279535244233541,0.0237505347108311,0.1,0.0227272727272727,
Holdout,Widest range,10,0.2149858002668069,0.0541674769959575,0.125,0.0635026737967914,
Holdout,Top sellers,1,0.0295511387915688,0.0027048227403881,0.0,0.0,
Holdout,Top sellers,5,0.1299026492076251,0.023804364427019,0.1,0.0260695187165775,
Holdout,Top sellers,10,0.2178189739266969,0.0563474683563364,0.15,0.0801693404634581,
Holdout,Random (200 draws),1,0.0051216963595158,0.0050015857879834,0.1,0.005010606060606,
Holdout,Random (200 draws),5,0.0254898486153282,0.0252850126855499,0.103,0.0261049019607843,
Holdout,Random (200 draws),10,0.0505229679704878,0.0506248293476931,0.105125,0.0531378787878787,
