rule,origin,K,captured_ae_share,captured_ae_units,total_ae_units,captured_ne_share,precision,recall,events,period
Top sellers,1668,1,0.0710443014219765,125.68594,1769.12064,0.0060682715143951,0.0,0.0,12,Validation
Top sellers,1668,5,0.1568522879253729,277.49062000000004,1769.12064,0.0255392871666364,0.0,0.0,12,Validation
Top sellers,1668,10,0.2369991172563562,419.28003,1769.12064,0.0543973247645767,0.1,0.0833333333333333,12,Validation
Top sellers,1675,1,0.0238851110726697,42.0563,1760.77473,0.0019984977215847,0.0,0.0,16,Validation
Top sellers,1675,5,0.1126814728877895,198.40669,1760.77473,0.023087568929982,0.0,0.0,16,Validation
Top sellers,1675,10,0.1933443240635331,340.4358,1760.77473,0.0522148963307505,0.2,0.125,16,Validation
Top sellers,1682,1,0.0777967909238625,149.00468999999998,1915.30638,0.0068837042679939,0.0,0.0,22,Validation
Top sellers,1682,5,0.1476715855768203,282.83633,1915.30638,0.0256418131082435,0.0,0.0,22,Validation
Top sellers,1682,10,0.2150340093369291,411.85601,1915.30638,0.0528280224073791,0.0,0.0,22,Validation
Top sellers,1689,1,0.0395416799151624,68.39994999999999,1729.81902,0.0033151677391325,0.0,0.0,12,Validation
Top sellers,1689,5,0.131914297022818,228.18786,1729.81902,0.0231643896604612,0.0,0.0,12,Validation
Top sellers,1689,10,0.2093038496015612,362.05778,1729.81902,0.0525660367186918,0.0,0.0,12,Validation
Top sellers,1696,1,0.0375747801399065,67.14011,1786.83973,0.0030827625243463,0.0,0.0,17,Validation
Top sellers,1696,5,0.1150337697046841,205.54691,1786.83973,0.019667634697687,0.0,0.0,17,Validation
Top sellers,1696,10,0.1799154924767651,321.48015,1786.83973,0.0422952576540138,0.0,0.0,17,Validation
Top sellers,1703,1,0.0453753080792571,85.75880999999998,1889.98849,0.003904591452781,0.0,0.0,22,Validation
Top sellers,1703,5,0.1057122628297064,199.79496,1889.98849,0.0163347382308329,0.0,0.0,22,Validation
Top sellers,1703,10,0.1713095353294982,323.77305,1889.98849,0.0393205949700598,0.0,0.0,22,Validation
Top sellers,1710,1,0.0248841798325578,47.5204,1909.6631,0.0021098012764464,0.0,0.0,21,Validation
Top sellers,1710,5,0.1049972636534685,200.5094,1909.6631,0.0183117795766576,0.0,0.0,21,Validation
Top sellers,1710,10,0.1678103326183555,320.4612,1909.6631,0.0405322050681973,0.0,0.0,21,Validation
Top sellers,1717,1,0.045928790344939,91.8116,1998.99887,0.0042735901523788,0.0,0.0,16,Validation
Top sellers,1717,5,0.2017731155595901,403.34423,1998.99887,0.03924434952955,0.4,0.125,16,Validation
Top sellers,1717,10,0.2938190455305259,587.34394,1998.99887,0.0763196379538291,0.3,0.1875,16,Validation
Top sellers,1724,1,0.1271716835224438,252.68061,1986.9251,0.0113020165385333,1.0,0.0454545454545454,22,Validation
Top sellers,1724,5,0.2269917723622294,451.01565,1986.9251,0.0322743172607207,0.4,0.0909090909090909,22,Validation
Top sellers,1724,10,0.2770276796040273,550.43325,1986.9251,0.0501064708769691,0.2,0.0909090909090909,22,Validation
Top sellers,1731,1,0.0655032719770514,127.15031,1941.12914,0.0058013511119693,0.0,0.0,22,Validation
Top sellers,1731,5,0.1712700732523133,332.45733,1941.12914,0.0272812228520137,0.0,0.0,22,Validation
Top sellers,1731,10,0.2412051884399612,468.21042,1941.12914,0.05134571008334,0.0,0.0,22,Validation
Top sellers,1738,1,0.0241656399643231,44.36928,1836.04821,0.0029515846646254,0.0,0.0,18,Validation
Top sellers,1738,5,0.1592354592911261,292.36398,1836.04821,0.024828089307708,0.2,0.0555555555555555,18,Validation
Top sellers,1738,10,0.222182559138793,407.93789,1836.04821,0.0478686136637105,0.1,0.0555555555555555,18,Validation
Top sellers,1745,1,0.0321577793421981,62.3263,1938.14067,0.0040389239864277,0.0,0.0,23,Validation
Top sellers,1745,5,0.1557613926960213,301.88749,1938.14067,0.0242493578612175,0.0,0.0,23,Validation
Top sellers,1745,10,0.2225358441087767,431.30577,1938.14067,0.0482251359846792,0.0,0.0,23,Validation
Top sellers,1752,1,0.019024667111564,35.05651,1842.68717,0.0023646124860441,0.0,0.0,11,Validation
Top sellers,1752,5,0.10177556074263,187.54052,1842.68717,0.0248237839730625,0.0,0.0,11,Validation
Top sellers,1752,10,0.2144054381189402,395.08215,1842.68717,0.0521305265876428,0.0,0.0,11,Validation
Top sellers,1759,1,0.039029362853929,81.30241000000001,2083.10882,0.0051075905198055,0.0,0.0,17,Validation
Top sellers,1759,5,0.1270494260592684,264.65778,2083.10882,0.028177282148225,0.2,0.0588235294117647,17,Validation
Top sellers,1759,10,0.2868636982680531,597.5683,2083.10882,0.1066408802210929,0.3,0.1764705882352941,17,Validation
Top sellers,1766,1,0.0461283134836489,89.48977,1940.01825,0.0058141415190769,0.0,0.0,14,Validation
Top sellers,1766,5,0.1450511767092912,281.40193,1940.01825,0.0303162912977943,0.2,0.0714285714285714,14,Validation
Top sellers,1766,10,0.2267597018739386,439.9179600000001,1940.01825,0.0572979357884481,0.1,0.0714285714285714,14,Validation
Top sellers,1773,1,0.022232096549913,40.03776,1800.89898,0.0027369110121973,0.0,0.0,16,Validation
Top sellers,1773,5,0.1181838472694342,212.83717,1800.89898,0.0214247261453154,0.0,0.0,16,Validation
Top sellers,1773,10,0.19731084527573,355.3369,1800.89898,0.0474953201483207,0.0,0.0,16,Validation
Top sellers,1780,1,0.0196798013596234,35.71255,1814.68041,0.0024288954506424,0.0,0.0,15,Validation
Top sellers,1780,5,0.1218435426874972,221.10709,1814.68041,0.0271956744315859,0.2,0.0666666666666666,15,Validation
Top sellers,1780,10,0.1893891883695377,343.68085,1814.68041,0.0578450276576644,0.2,0.1333333333333333,15,Validation
Top sellers,1787,1,0.0563610133742033,117.16684,2078.86326,0.0080375303611194,0.0,0.0,14,Validation
Top sellers,1787,5,0.2262964857053657,470.43945,2078.86326,0.0403800889510516,0.2,0.0714285714285714,14,Validation
Top sellers,1787,10,0.2953502915819485,613.99287,2078.86326,0.0674908187053912,0.1,0.0714285714285714,14,Validation
Top sellers,1794,1,0.0306113857487214,55.52808,1813.96819,0.0038452432107652,0.0,0.0,17,Validation
Top sellers,1794,5,0.1457792873424092,264.43899,1813.96819,0.02941711045932,0.0,0.0,17,Validation
Top sellers,1794,10,0.2443104142857102,443.17132,1813.96819,0.0641943401809142,0.1,0.0588235294117647,17,Validation
Top sellers,1801,1,0.0356401987884027,69.66544999999999,1954.68747,0.0046054054846647,0.0,0.0,23,Validation
Top sellers,1801,5,0.1517720784284763,296.66698,1954.68747,0.0272183197973167,0.0,0.0,23,Validation
Top sellers,1801,10,0.233455346188923,456.33224,1954.68747,0.0540410688241591,0.0,0.0,23,Validation
Top sellers,1808,1,0.0221315760249983,40.74958,1841.24167,0.002759967414679,0.0,0.0,18,Validation
Top sellers,1808,5,0.1924550784254192,354.35630999999995,1841.24167,0.0294309146756052,0.0,0.0,18,Validation
Top sellers,1808,10,0.2569960900352641,473.19191,1841.24167,0.0577929112353259,0.0,0.0,18,Validation
Top sellers,1815,1,0.1014782756583343,184.23165,1815.47872,0.0089665868827804,0.0,0.0,16,Validation
Top sellers,1815,5,0.1821532559742699,330.69536000000005,1815.47872,0.0258242165873159,0.0,0.0,16,Validation
Top sellers,1815,10,0.2441552000124793,443.25857,1815.47872,0.0516273257154772,0.0,0.0,16,Validation
Top sellers,1822,1,0.0745908993870803,131.2198,1759.19316,0.0066197049432082,0.0,0.0,12,Validation
Top sellers,1822,5,0.1793227640789599,315.46338,1759.19316,0.0288093919863003,0.0,0.0,12,Validation
Top sellers,1822,10,0.2556824516075312,449.79482,1759.19316,0.0645604411982475,0.1,0.0833333333333333,12,Validation
Top sellers,1829,1,0.0928701988310564,178.48527,1921.87884,0.0081632856181309,0.0,0.0,20,Validation
Top sellers,1829,5,0.1731536000469207,332.78024,1921.87884,0.0262807543010847,0.0,0.0,20,Validation
Top sellers,1829,10,0.2567862758715841,493.51211,1921.87884,0.0614388148276994,0.1,0.05,20,Validation
Top sellers,1836,1,0.036733349264374,72.92696000000001,1985.30658,0.0032631405040406,0.0,0.0,20,Validation
Top sellers,1836,5,0.155935437437577,309.57965,1985.30658,0.0256330603458608,0.0,0.0,20,Validation
Top sellers,1836,10,0.274255148038647,544.48055,1985.30658,0.074045377512219,0.2,0.1,20,Validation
Top sellers,1843,1,0.0983602953185287,192.10742,1953.09926,0.008670551260153,1.0,0.0476190476190476,21,Validation
Top sellers,1843,5,0.1881172286143818,367.41162,1953.09926,0.0283936220706504,0.2,0.0476190476190476,21,Validation
Top sellers,1843,10,0.2561803592102123,500.34567,1953.09926,0.05496423314639,0.2,0.0952380952380952,21,Validation
Top sellers,1850,1,0.1218646318039668,232.68169,1909.34553,0.0103625330557128,1.0,0.05,20,Validation
Top sellers,1850,5,0.2124541700946082,405.64842,1909.34553,0.0300628115382313,0.2,0.05,20,Validation
Top sellers,1850,10,0.2694373919842575,514.44908,1909.34553,0.0550836536069401,0.1,0.05,20,Validation
Top sellers,1857,1,0.0636331166081959,118.20225,1857.55871,0.0052795855915728,0.0,0.0,22,Validation
Top sellers,1857,5,0.1424527464868122,264.61434,1857.55871,0.0221485207316902,0.0,0.0,22,Validation
Top sellers,1857,10,0.2152049449893295,399.75582,1857.55871,0.0539801556556392,0.1,0.0454545454545454,22,Validation
Top sellers,1864,1,0.0257740093078177,48.04931000000001,1864.25439,0.0030533832626737,0.0,0.0,17,Validation
Top sellers,1864,5,0.1146418649441936,213.7216,1864.25439,0.0178263176335493,0.0,0.0,17,Validation
Top sellers,1864,10,0.1963920278068917,366.1247000000001,1864.25439,0.0528313260415827,0.1,0.0588235294117647,17,Validation
Top sellers,1871,1,0.0162054748473861,30.97371999999999,1911.31209,0.0020231483550879,0.0,0.0,14,Validation
Top sellers,1871,5,0.172392175890019,329.49525,1911.31209,0.0225260153802563,0.2,0.0714285714285714,14,Validation
Top sellers,1871,10,0.2404125586837049,459.5034299999999,1911.31209,0.0486063117826797,0.1,0.0714285714285714,14,Validation
Top sellers,1878,1,0.0348138743659295,66.77399,1918.02812,0.0042928273723205,0.0,0.0,18,Validation
Top sellers,1878,5,0.153076181177156,293.60441999999995,1918.02812,0.0232320834435997,0.0,0.0,18,Validation
Top sellers,1878,10,0.2237028047326021,429.06827,1918.02812,0.0503033208392535,0.0,0.0,18,Validation
Top sellers,1885,1,0.022600411895404,43.63887,1930.88826,0.0028554370880648,0.0,0.0,15,Validation
Top sellers,1885,5,0.2007755021515331,387.67506,1930.88826,0.0331909211324208,0.2,0.0666666666666666,15,Validation
Top sellers,1885,10,0.2720158545062571,525.23222,1930.88826,0.0610323680638229,0.2,0.1333333333333333,15,Validation
Top sellers,1892,1,0.0769110327980656,168.09316,2185.55328,0.0067418301766819,0.0,0.0,27,Validation
Top sellers,1892,5,0.1527126348528094,333.76160000000004,2185.55328,0.0254874406422119,0.2,0.037037037037037,27,Validation
Top sellers,1892,10,0.2570579336322563,561.8138100000001,2185.55328,0.0701437004382327,0.3,0.1111111111111111,27,Validation
Top sellers,1899,1,0.0700974006136892,136.33218,1944.89637,0.0061198804963076,0.0,0.0,12,Validation
Top sellers,1899,5,0.1783112433903097,346.79689,1944.89637,0.0286432303173474,0.2,0.0833333333333333,12,Validation
Top sellers,1899,10,0.2451337959975729,476.75983,1944.89637,0.0566066680288194,0.1,0.0833333333333333,12,Validation
Top sellers,1906,1,0.0294145745025985,52.42602,1782.31441,0.0035011132645761,0.0,0.0,16,Validation
Top sellers,1906,5,0.13441199187746,239.56443,1782.31441,0.0217996384221352,0.0,0.0,16,Validation
Top sellers,1906,10,0.2117626148800536,377.42756,1782.31441,0.0487393881597413,0.1,0.0625,16,Validation
Largest recent error,1668,1,0.004649021561356,8.22468,1769.12064,0.0008533812245138,0.0,0.0,12,Validation
Largest recent error,1668,5,0.1471382302113665,260.30528000000004,1769.12064,0.0217970329327846,0.0,0.0,12,Validation
Largest recent error,1668,10,0.2116267661655906,374.39328,1769.12064,0.0475095280082664,0.0,0.0,12,Validation
Largest recent error,1675,1,0.0238851110726697,42.0563,1760.77473,0.0019984977215847,0.0,0.0,16,Validation
Largest recent error,1675,5,0.1039868058533529,183.09734,1760.77473,0.0190586006929031,0.0,0.0,16,Validation
Largest recent error,1675,10,0.1825691864625976,321.46321,1760.77473,0.0451136335201643,0.1,0.0625,16,Validation
Largest recent error,1682,1,0.0777967909238625,149.00468999999998,1915.30638,0.0068837042679939,0.0,0.0,22,Validation
Largest recent error,1682,5,0.1955756185597836,374.58723,1915.30638,0.035564354996872,0.2,0.0454545454545454,22,Validation
Largest recent error,1682,10,0.2746101801216785,525.96263,1915.30638,0.0641348907124708,0.1,0.0454545454545454,22,Validation
Largest recent error,1689,1,0.0395416799151624,68.39994999999999,1729.81902,0.0033151677391325,0.0,0.0,12,Validation
Largest recent error,1689,5,0.1356090650454288,234.57914,1729.81902,0.0238887834236953,0.0,0.0,12,Validation
Largest recent error,1689,10,0.2104031669162707,363.9594,1729.81902,0.0478339031446514,0.0,0.0,12,Validation
Largest recent error,1696,1,0.0375747801399065,67.14011,1786.83973,0.0030827625243463,0.0,0.0,17,Validation
Largest recent error,1696,5,0.0998312590687694,178.38245999999998,1786.83973,0.0181020995318546,0.0,0.0,17,Validation
Largest recent error,1696,10,0.1883201634429742,336.49794999999995,1786.83973,0.0469023725256139,0.0,0.0,17,Validation
Largest recent error,1703,1,0.0453753080792571,85.75880999999998,1889.98849,0.003904591452781,0.0,0.0,22,Validation
Largest recent error,1703,5,0.1089950711816239,205.99943,1889.98849,0.0186042818315594,0.0,0.0,22,Validation
Largest recent error,1703,10,0.1675636553744303,316.69338,1889.98849,0.0399127759871914,0.0,0.0,22,Validation
Largest recent error,1710,1,0.0248841798325578,47.5204,1909.6631,0.0021098012764464,0.0,0.0,21,Validation
Largest recent error,1710,5,0.1432172093601222,273.49662,1909.6631,0.0264450556092233,0.2,0.0476190476190476,21,Validation
Largest recent error,1710,10,0.199678660597254,381.31897,1909.6631,0.0454123433010022,0.1,0.0476190476190476,21,Validation
Largest recent error,1717,1,0.0664724287713079,132.87831,1998.99887,0.0166815178991324,1.0,0.0625,16,Validation
Largest recent error,1717,5,0.2042780144242902,408.35152,1998.99887,0.0415840017485215,0.4,0.125,16,Validation
Largest recent error,1717,10,0.2801257661541349,559.97109,1998.99887,0.0692880588923669,0.2,0.125,16,Validation
Largest recent error,1724,1,0.0392509058343467,77.98861,1986.9251,0.0093698523218502,1.0,0.0454545454545454,22,Validation
Largest recent error,1724,5,0.2216771633716842,440.45592,1986.9251,0.0315066444847147,0.4,0.0909090909090909,22,Validation
Largest recent error,1724,10,0.2828669686642944,562.0354800000001,1986.9251,0.054065037571863,0.2,0.0909090909090909,22,Validation
Largest recent error,1731,1,0.0294341467667627,57.13548,1941.12914,0.0069780153614462,0.0,0.0,22,Validation
Largest recent error,1731,5,0.1712700732523133,332.45733,1941.12914,0.0272812228520137,0.0,0.0,22,Validation
Largest recent error,1731,10,0.229444038947352,445.38051,1941.12914,0.0508856773074444,0.0,0.0,22,Validation
Largest recent error,1738,1,0.0557096537241797,102.28561,1836.04821,0.0047813718449978,0.0,0.0,18,Validation
Largest recent error,1738,5,0.1592354592911261,292.36398,1836.04821,0.024828089307708,0.2,0.0555555555555555,18,Validation
Largest recent error,1738,10,0.219351968976893,402.74079,1836.04821,0.0479862488317854,0.1,0.0555555555555555,18,Validation
Largest recent error,1745,1,0.0560823637223401,108.69551,1938.14067,0.0049505276674084,0.0,0.0,23,Validation
Largest recent error,1745,5,0.152422935328012,295.41709,1938.14067,0.0265772116814524,0.0,0.0,23,Validation
Largest recent error,1745,10,0.2278796203167234,441.66276,1938.14067,0.0505554445624138,0.0,0.0,23,Validation
Largest recent error,1752,1,0.0481342256265885,88.69632,1842.68717,0.0042029756062433,0.0,0.0,11,Validation
Largest recent error,1752,5,0.1339165996363886,246.7664,1842.68717,0.0218182551526446,0.0,0.0,11,Validation
Largest recent error,1752,10,0.2068333660780847,381.12919,1842.68717,0.0500541082613792,0.0,0.0,11,Validation
Largest recent error,1759,1,0.0527642766161395,109.91373000000002,2083.10882,0.0048588990516231,0.0,0.0,17,Validation
Largest recent error,1759,5,0.1946777029152034,405.53484,2083.10882,0.0723225109588823,0.4,0.1176470588235294,17,Validation
Largest recent error,1759,10,0.2750097280083524,572.87519,2083.10882,0.1005046184709496,0.2,0.1176470588235294,17,Validation
Largest recent error,1766,1,0.0588051684565338,114.0831,1940.01825,0.0052101299679822,0.0,0.0,14,Validation
Largest recent error,1766,5,0.1533916755680004,297.58264999999994,1940.01825,0.0297232834639378,0.2,0.0714285714285714,14,Validation
Largest recent error,1766,10,0.2452073221476138,475.70668,1940.01825,0.0599109468927147,0.1,0.0714285714285714,14,Validation
Largest recent error,1773,1,0.0635486061522451,114.44462,1800.89898,0.0054915888030319,0.0,0.0,16,Validation
Largest recent error,1773,5,0.1244488016757053,224.11972,1800.89898,0.020696503659046,0.0,0.0,16,Validation
Largest recent error,1773,10,0.2071002894343357,372.96670000000006,1800.89898,0.0468937449157191,0.0,0.0,16,Validation
Largest recent error,1780,1,0.0347957136981491,63.1431,1814.68041,0.0030118796264652,0.0,0.0,15,Validation
Largest recent error,1780,5,0.1078156841953233,195.65101,1814.68041,0.0282853388986936,0.2,0.0666666666666666,15,Validation
Largest recent error,1780,10,0.1787266442138977,324.33174,1814.68041,0.057284627887776,0.2,0.1333333333333333,15,Validation
Largest recent error,1787,1,0.0784931809319676,163.17659,2078.86326,0.0078713501146995,0.0,0.0,14,Validation
Largest recent error,1787,5,0.2338986355456587,486.24328,2078.86326,0.0570296701715577,0.4,0.1428571428571428,14,Validation
Largest recent error,1787,10,0.2992017522114465,621.99953,2078.86326,0.0859536987728586,0.2,0.1428571428571428,14,Validation
Largest recent error,1794,1,0.0396695600268491,71.95931999999999,1813.96819,0.0035027727287339,0.0,0.0,17,Validation
Largest recent error,1794,5,0.1301400660173649,236.06994,1813.96819,0.0249982881459505,0.0,0.0,17,Validation
Largest recent error,1794,10,0.2059581596080799,373.60155,1813.96819,0.0599299192970802,0.1,0.0588235294117647,17,Validation
Largest recent error,1801,1,0.0641702941903034,125.43287,1954.68747,0.0058313753553092,0.0,0.0,23,Validation
Largest recent error,1801,5,0.1379685878888864,269.68547,1954.68747,0.0274017859546937,0.0,0.0,23,Validation
Largest recent error,1801,10,0.1974223838453315,385.89906,1954.68747,0.0515849677700587,0.0,0.0,23,Validation
Largest recent error,1808,1,0.0988760807265458,182.05476,1841.24167,0.008656970731666,0.0,0.0,18,Validation
Largest recent error,1808,5,0.1805497645510054,332.43575000000004,1841.24167,0.0272118777276965,0.0,0.0,18,Validation
Largest recent error,1808,10,0.2421549203804409,445.86573,1841.24167,0.0525857906107407,0.0,0.0,18,Validation
Largest recent error,1815,1,0.1014782756583343,184.23165,1815.47872,0.0089665868827804,0.0,0.0,16,Validation
Largest recent error,1815,5,0.175935854538686,319.4078,1815.47872,0.0242684069993096,0.0,0.0,16,Validation
Largest recent error,1815,10,0.2652236485592075,481.50789,1815.47872,0.0581700685116061,0.1,0.0625,16,Validation
Largest recent error,1822,1,0.0745908993870803,131.2198,1759.19316,0.0066197049432082,0.0,0.0,12,Validation
Largest recent error,1822,5,0.1812899329372108,318.92400999999995,1759.19316,0.0293171675127095,0.0,0.0,12,Validation
Largest recent error,1822,10,0.2488603752870435,437.79347,1759.19316,0.0569627039583603,0.0,0.0,12,Validation
Largest recent error,1829,1,0.0928701988310564,178.48527,1921.87884,0.0081632856181309,0.0,0.0,20,Validation
Largest recent error,1829,5,0.1831001219619026,351.89625,1921.87884,0.0295573130712575,0.2,0.05,20,Validation
Largest recent error,1829,10,0.2573088114128984,494.51636,1921.87884,0.0588962884699533,0.1,0.05,20,Validation
Largest recent error,1836,1,0.036733349264374,72.92696000000001,1985.30658,0.0032631405040406,0.0,0.0,20,Validation
Largest recent error,1836,5,0.1808526268018514,359.04791,1985.30658,0.0344100954045792,0.2,0.05,20,Validation
Largest recent error,1836,10,0.2752487829864544,546.45322,1985.30658,0.0741943095780812,0.2,0.1,20,Validation
Largest recent error,1843,1,0.0983602953185287,192.10742,1953.09926,0.008670551260153,1.0,0.0476190476190476,21,Validation
Largest recent error,1843,5,0.1842024915825323,359.76575,1953.09926,0.0267746600589752,0.2,0.0476190476190476,21,Validation
Largest recent error,1843,10,0.2456076144332777,479.69605,1953.09926,0.0497118476914067,0.2,0.0952380952380952,21,Validation
Largest recent error,1850,1,0.1218646318039668,232.68169,1909.34553,0.0103625330557128,1.0,0.05,20,Validation
Largest recent error,1850,5,0.2098303338526683,400.63861,1909.34553,0.0302133848459579,0.2,0.05,20,Validation
Largest recent error,1850,10,0.2636240282815651,503.34936,1909.34553,0.0488332389074547,0.1,0.05,20,Validation
Largest recent error,1857,1,0.0636331166081959,118.20225,1857.55871,0.0052795855915728,0.0,0.0,22,Validation
Largest recent error,1857,5,0.1391811352223693,258.53713,1857.55871,0.0220255155226643,0.0,0.0,22,Validation
Largest recent error,1857,10,0.2166958642184719,402.52529,1857.55871,0.0479645216623426,0.0,0.0,22,Validation
Largest recent error,1864,1,0.0387326377705351,72.20749,1864.25439,0.0031937195529615,0.0,0.0,17,Validation
Largest recent error,1864,5,0.1158211943381825,215.92017,1864.25439,0.0191904640669163,0.0,0.0,17,Validation
Largest recent error,1864,10,0.180757997303147,336.97889000000004,1864.25439,0.0398925059634917,0.0,0.0,17,Validation
Largest recent error,1871,1,0.1068323959589456,204.19005,1911.31209,0.0093042330754005,1.0,0.0714285714285714,14,Validation
Largest recent error,1871,5,0.1848781796802216,353.3599,1911.31209,0.0280351990705154,0.2,0.0714285714285714,14,Validation
Largest recent error,1871,10,0.2603539278611479,497.6176099999999,1911.31209,0.0565817365686136,0.2,0.1428571428571428,14,Validation
Largest recent error,1878,1,0.0593529723641382,113.84067000000002,1918.02812,0.0050752978791597,0.0,0.0,18,Validation
Largest recent error,1878,5,0.152757531000119,292.99324,1918.02812,0.0248471142299472,0.0,0.0,18,Validation
Largest recent error,1878,10,0.235347931186744,451.40395,1918.02812,0.0548654069012585,0.1,0.0555555555555555,18,Validation
Largest recent error,1885,1,0.0873491871559672,168.66152,1930.88826,0.007616148570186,0.0,0.0,15,Validation
Largest recent error,1885,5,0.1920531797111864,370.83323,1930.88826,0.0307136879584174,0.2,0.0666666666666666,15,Validation
Largest recent error,1885,10,0.2724002112892851,525.97437,1930.88826,0.0601359382283372,0.2,0.1333333333333333,15,Validation
Largest recent error,1892,1,0.0769110327980656,168.09316,2185.55328,0.0067418301766819,0.0,0.0,27,Validation
Largest recent error,1892,5,0.1433719291437269,313.34699000000006,2185.55328,0.0205172087295558,0.0,0.0,27,Validation
Largest recent error,1892,10,0.2163936950555604,472.93995,2185.55328,0.0502800464616344,0.1,0.037037037037037,27,Validation
Largest recent error,1899,1,0.0700974006136892,136.33218,1944.89637,0.0061198804963076,0.0,0.0,12,Validation
Largest recent error,1899,5,0.1783106880908004,346.79581,1944.89637,0.0354917998592003,0.2,0.0833333333333333,12,Validation
Largest recent error,1899,10,0.2461803093395665,478.79519,1944.89637,0.0570170120228041,0.1,0.0833333333333333,12,Validation
Largest recent error,1906,1,0.0457640804239472,81.56598000000001,1782.31441,0.0037430449786835,0.0,0.0,16,Validation
Largest recent error,1906,5,0.1377082060398086,245.43932,1782.31441,0.0243386608243942,0.2,0.0625,16,Validation
Largest recent error,1906,10,0.2151589965543733,383.48098,1782.31441,0.0559471525224287,0.1,0.0625,16,Validation
Persistent bias,1668,1,0.004649021561356,8.22468,1769.12064,0.0008533812245138,0.0,0.0,12,Validation
Persistent bias,1668,5,0.0840903930666932,148.76605,1769.12064,0.0169976370227977,0.0,0.0,12,Validation
Persistent bias,1668,10,0.2049197278033001,362.52772,1769.12064,0.0432841344408421,0.0,0.0,12,Validation
Persistent bias,1675,1,0.0106635219600181,18.77606,1760.77473,0.0019248563837067,0.0,0.0,16,Validation
Persistent bias,1675,5,0.1003343965528174,176.66626999999997,1760.77473,0.0165380407263001,0.0,0.0,16,Validation
Persistent bias,1675,10,0.1940015347675963,341.593,1760.77473,0.0544987130122048,0.2,0.125,16,Validation
Persistent bias,1682,1,0.0777967909238625,149.00468999999998,1915.30638,0.0068837042679939,0.0,0.0,22,Validation
Persistent bias,1682,5,0.1885721646267371,361.17347,1915.30638,0.0292727712433824,0.2,0.0454545454545454,22,Validation
Persistent bias,1682,10,0.2269537263275862,434.68592,1915.30638,0.059724768248547,0.2,0.0909090909090909,22,Validation
Persistent bias,1689,1,0.0395416799151624,68.39994999999999,1729.81902,0.0033151677391325,0.0,0.0,12,Validation
Persistent bias,1689,5,0.1351423572623221,233.77182,1729.81902,0.0238526139154656,0.0,0.0,12,Validation
Persistent bias,1689,10,0.1888614104844332,326.69606000000005,1729.81902,0.0612849031221031,0.1,0.0833333333333333,12,Validation
Persistent bias,1696,1,0.0375747801399065,67.14011,1786.83973,0.0030827625243463,0.0,0.0,17,Validation
Persistent bias,1696,5,0.0986336418655745,176.24250999999998,1786.83973,0.0136693580124089,0.0,0.0,17,Validation
Persistent bias,1696,10,0.1736864111477978,310.34977999999995,1786.83973,0.0411831917417388,0.0,0.0,17,Validation
Persistent bias,1703,1,0.0453753080792571,85.75880999999998,1889.98849,0.003904591452781,0.0,0.0,22,Validation
Persistent bias,1703,5,0.2030758716419484,383.81106,1889.98849,0.0402845891333277,0.2,0.0454545454545454,22,Validation
Persistent bias,1703,10,0.2583700813966332,488.31648,1889.98849,0.0773056662110784,0.2,0.0909090909090909,22,Validation
Persistent bias,1710,1,0.0248841798325578,47.5204,1909.6631,0.0021098012764464,0.0,0.0,21,Validation
Persistent bias,1710,5,0.1029164254155615,196.5357,1909.6631,0.0178488215858679,0.0,0.0,21,Validation
Persistent bias,1710,10,0.2085091082296138,398.18215,1909.6631,0.0524687460025227,0.1,0.0476190476190476,21,Validation
Persistent bias,1717,1,0.0163100542423017,32.60378,1998.99887,0.0021612658371317,0.0,0.0,16,Validation
Persistent bias,1717,5,0.2017731155595901,403.34423,1998.99887,0.03924434952955,0.4,0.125,16,Validation
Persistent bias,1717,10,0.2612660206256144,522.2704799999999,1998.99887,0.0646226031603521,0.2,0.125,16,Validation
Persistent bias,1724,1,0.0392509058343467,77.98861,1986.9251,0.0093698523218502,1.0,0.0454545454545454,22,Validation
Persistent bias,1724,5,0.2269917723622294,451.01565,1986.9251,0.0322743172607207,0.4,0.0909090909090909,22,Validation
Persistent bias,1724,10,0.2661072176298946,528.7351100000001,1986.9251,0.0482502502179963,0.2,0.0909090909090909,22,Validation
Persistent bias,1731,1,0.0294341467667627,57.13548,1941.12914,0.0069780153614462,0.0,0.0,22,Validation
Persistent bias,1731,5,0.1712700732523133,332.45733,1941.12914,0.0272812228520137,0.0,0.0,22,Validation
Persistent bias,1731,10,0.2303429332888176,447.12538,1941.12914,0.0497382691038173,0.0,0.0,22,Validation
Persistent bias,1738,1,0.0404702063896241,74.30525,1836.04821,0.0092424154276428,1.0,0.0555555555555555,18,Validation
Persistent bias,1738,5,0.1592354592911261,292.36398,1836.04821,0.024828089307708,0.2,0.0555555555555555,18,Validation
Persistent bias,1738,10,0.2116426779447147,388.58616,1836.04821,0.0444728536285511,0.1,0.0555555555555555,18,Validation
Persistent bias,1745,1,0.0560823637223401,108.69551,1938.14067,0.0049505276674084,0.0,0.0,23,Validation
Persistent bias,1745,5,0.1557613926960213,301.88749,1938.14067,0.0242493578612175,0.0,0.0,23,Validation
Persistent bias,1745,10,0.2333326610395106,452.23152,1938.14067,0.0538266407224359,0.1,0.0434782608695652,23,Validation
Persistent bias,1752,1,0.0481342256265885,88.69632,1842.68717,0.0042029756062433,0.0,0.0,11,Validation
Persistent bias,1752,5,0.1352142642855651,249.15759,1842.68717,0.0233561515061425,0.0,0.0,11,Validation
Persistent bias,1752,10,0.2041157913961055,376.12155,1842.68717,0.0532616396799451,0.1,0.0909090909090909,11,Validation
Persistent bias,1759,1,0.0527642766161395,109.91373000000002,2083.10882,0.0048588990516231,0.0,0.0,17,Validation
Persistent bias,1759,5,0.1946777029152034,405.53484,2083.10882,0.0723225109588823,0.4,0.1176470588235294,17,Validation
Persistent bias,1759,10,0.2435066882391674,507.25093,2083.10882,0.0965533153667335,0.2,0.1176470588235294,17,Validation
Persistent bias,1766,1,0.0588051684565338,114.0831,1940.01825,0.0052101299679822,0.0,0.0,14,Validation
Persistent bias,1766,5,0.1182682018584103,229.44247,1940.01825,0.0389840859606318,0.4,0.1428571428571428,14,Validation
Persistent bias,1766,10,0.1895643868298661,367.75837,1940.01825,0.0630500083341166,0.2,0.1428571428571428,14,Validation
Persistent bias,1773,1,0.0635486061522451,114.44462,1800.89898,0.0054915888030319,0.0,0.0,16,Validation
Persistent bias,1773,5,0.1155253194712787,208.04943,1800.89898,0.0270218037744551,0.0,0.0,16,Validation
Persistent bias,1773,10,0.169955129854091,306.07202000000007,1800.89898,0.0506936298585039,0.0,0.0,16,Validation
Persistent bias,1780,1,0.0347957136981491,63.1431,1814.68041,0.0030118796264652,0.0,0.0,15,Validation
Persistent bias,1780,5,0.1143676312679211,207.5407,1814.68041,0.0284631457962641,0.2,0.0666666666666666,15,Validation
Persistent bias,1780,10,0.1878402379402993,340.87,1814.68041,0.0663821090455507,0.2,0.1333333333333333,15,Validation
Persistent bias,1787,1,0.0784931809319676,163.17659,2078.86326,0.0078713501146995,0.0,0.0,14,Validation
Persistent bias,1787,5,0.1857568448248972,386.16308,2078.86326,0.0376899408210605,0.2,0.0714285714285714,14,Validation
Persistent bias,1787,10,0.2581388638327275,536.6354,2078.86326,0.0904887995187117,0.3,0.2142857142857142,14,Validation
Persistent bias,1794,1,0.039151215766358,71.01906,1813.96819,0.0073350718851855,0.0,0.0,17,Validation
Persistent bias,1794,5,0.0747313104757366,135.56022,1813.96819,0.025792391153023,0.0,0.0,17,Validation
Persistent bias,1794,10,0.1393551504340326,252.78581,1813.96819,0.0694992592090466,0.2,0.1176470588235294,17,Validation
Persistent bias,1801,1,0.0210120495630946,41.07199,1954.68747,0.0040256549346891,0.0,0.0,23,Validation
Persistent bias,1801,5,0.0880878875230115,172.18429,1954.68747,0.0332714983135196,0.2,0.0434782608695652,23,Validation
Persistent bias,1801,10,0.1910466791911241,373.43655,1954.68747,0.0563711299576124,0.1,0.0434782608695652,23,Validation
Persistent bias,1808,1,0.0195205825425404,35.94211,1841.24167,0.0036118254068718,0.0,0.0,18,Validation
Persistent bias,1808,5,0.1481247217265075,272.73341000000005,1841.24167,0.0297986516932498,0.0,0.0,18,Validation
Persistent bias,1808,10,0.2081036000016228,383.16902,1841.24167,0.0483050017657286,0.0,0.0,18,Validation
Persistent bias,1815,1,0.0249306750342961,45.26111,1815.47872,0.0046554800520263,0.0,0.0,16,Validation
Persistent bias,1815,5,0.0647370408175315,117.52872,1815.47872,0.0235960158120768,0.0,0.0,16,Validation
Persistent bias,1815,10,0.2144858409576951,389.39448,1815.47872,0.0452272117472455,0.0,0.0,16,Validation
Persistent bias,1822,1,0.029704947238426,52.25674,1759.19316,0.0055750499653053,0.0,0.0,12,Validation
Persistent bias,1822,5,0.0755404767490114,132.89029,1759.19316,0.0228190531386132,0.0,0.0,12,Validation
Persistent bias,1822,10,0.2147519150199515,377.79010000000005,1759.19316,0.0548644038383587,0.1,0.0833333333333333,12,Validation
Persistent bias,1829,1,0.0928701988310564,178.48527,1921.87884,0.0081632856181309,0.0,0.0,20,Validation
Persistent bias,1829,5,0.1822443968424149,350.25165000000004,1921.87884,0.0317807911174429,0.2,0.05,20,Validation
Persistent bias,1829,10,0.2311927634314346,444.3244800000001,1921.87884,0.0554109597712341,0.2,0.1,20,Validation
Persistent bias,1836,1,0.036733349264374,72.92696000000001,1985.30658,0.0032631405040406,0.0,0.0,20,Validation
Persistent bias,1836,5,0.1506605946976713,299.10747,1985.30658,0.0335214047918107,0.2,0.05,20,Validation
Persistent bias,1836,10,0.2689885559136161,534.02475,1985.30658,0.0732125002681095,0.2,0.1,20,Validation
Persistent bias,1843,1,0.0983602953185287,192.10742,1953.09926,0.008670551260153,1.0,0.0476190476190476,21,Validation
Persistent bias,1843,5,0.1715318861981443,335.0188,1953.09926,0.0280599587681505,0.2,0.0476190476190476,21,Validation
Persistent bias,1843,10,0.2236835110981507,436.8761,1953.09926,0.0549448684070512,0.2,0.0952380952380952,21,Validation
Persistent bias,1850,1,0.1218646318039668,232.68169,1909.34553,0.0103625330557128,1.0,0.05,20,Validation
Persistent bias,1850,5,0.1829148964985923,349.24774,1909.34553,0.0277973353019114,0.2,0.05,20,Validation
Persistent bias,1850,10,0.2302754598849376,439.67542,1909.34553,0.054520156431565,0.2,0.1,20,Validation
Persistent bias,1857,1,0.0636331166081959,118.20225,1857.55871,0.0052795855915728,0.0,0.0,22,Validation
Persistent bias,1857,5,0.1185323935198796,220.18088,1857.55871,0.0218094775267661,0.0,0.0,22,Validation
Persistent bias,1857,10,0.1776283937749671,329.95517,1857.55871,0.0439987560227432,0.1,0.0454545454545454,22,Validation
Persistent bias,1864,1,0.0180117210291241,33.57843,1864.25439,0.0039096387323629,0.0,0.0,17,Validation
Persistent bias,1864,5,0.1008164556340403,187.94752,1864.25439,0.0189104432242938,0.0,0.0,17,Validation
Persistent bias,1864,10,0.1685490465708384,314.21830000000006,1864.25439,0.0469070997686077,0.1,0.0588235294117647,17,Validation
Persistent bias,1871,1,0.1068323959589456,204.19005,1911.31209,0.0093042330754005,1.0,0.0714285714285714,14,Validation
Persistent bias,1871,5,0.1616020437562345,308.87194000000005,1911.31209,0.0286248802974621,0.2,0.0714285714285714,14,Validation
Persistent bias,1871,10,0.2262367785263159,432.40909,1911.31209,0.0540154725410209,0.2,0.1428571428571428,14,Validation
Persistent bias,1878,1,0.0593529723641382,113.84067000000002,1918.02812,0.0050752978791597,0.0,0.0,18,Validation
Persistent bias,1878,5,0.1025858786679311,196.76260000000005,1918.02812,0.0283632534056846,0.2,0.0555555555555555,18,Validation
Persistent bias,1878,10,0.1628631440502551,312.37609,1918.02812,0.0523837158217889,0.2,0.1111111111111111,18,Validation
Persistent bias,1885,1,0.0873491871559672,168.66152,1930.88826,0.007616148570186,0.0,0.0,15,Validation
Persistent bias,1885,5,0.1772575436343478,342.26451000000003,1930.88826,0.0349168082037785,0.2,0.0666666666666666,15,Validation
Persistent bias,1885,10,0.2083132868600071,402.22968,1930.88826,0.0514386294060379,0.2,0.1333333333333333,15,Validation
Persistent bias,1892,1,0.0769110327980656,168.09316,2185.55328,0.0067418301766819,0.0,0.0,27,Validation
Persistent bias,1892,5,0.1262627328856517,275.95393,2185.55328,0.0221437762098369,0.0,0.0,27,Validation
Persistent bias,1892,10,0.1758020742463894,384.2248,2185.55328,0.0482403475627409,0.0,0.0,27,Validation
Persistent bias,1899,1,0.0700974006136892,136.33218,1944.89637,0.0061198804963076,0.0,0.0,12,Validation
Persistent bias,1899,5,0.1504346064464093,292.57972,1944.89637,0.0430493654441231,0.4,0.1666666666666666,12,Validation
Persistent bias,1899,10,0.1899503262479738,369.4337,1944.89637,0.0724862203626258,0.3,0.25,12,Validation
Persistent bias,1906,1,0.0457640804239472,81.56598000000001,1782.31441,0.0037430449786835,0.0,0.0,16,Validation
Persistent bias,1906,5,0.0847953925256094,151.13205000000002,1782.31441,0.0292274586125018,0.0,0.0,16,Validation
Persistent bias,1906,10,0.166830020748135,297.34355,1782.31441,0.0552708819310343,0.1,0.0625,16,Validation
Widest range,1668,1,0.0710443014219765,125.68594,1769.12064,0.0060682715143951,0.0,0.0,12,Validation
Widest range,1668,5,0.1553904712795618,274.90449,1769.12064,0.0225477613359551,0.0,0.0,12,Validation
Widest range,1668,10,0.2263180650020565,400.38396,1769.12064,0.0506858589742546,0.0,0.0,12,Validation
Widest range,1675,1,0.0238851110726697,42.0563,1760.77473,0.0019984977215847,0.0,0.0,16,Validation
Widest range,1675,5,0.1003343965528174,176.66626999999997,1760.77473,0.0165380407263001,0.0,0.0,16,Validation
Widest range,1675,10,0.1581146669454984,278.40430999999995,1760.77473,0.0370459638312628,0.0,0.0,16,Validation
Widest range,1682,1,0.0777967909238625,149.00468999999998,1915.30638,0.0068837042679939,0.0,0.0,22,Validation
Widest range,1682,5,0.1983685711943381,379.93659,1915.30638,0.0323587076462036,0.2,0.0454545454545454,22,Validation
Widest range,1682,10,0.2681771780032393,513.6414599999999,1915.30638,0.0650071498848922,0.2,0.0909090909090909,22,Validation
Widest range,1689,1,0.0395416799151624,68.39994999999999,1729.81902,0.0033151677391325,0.0,0.0,12,Validation
Widest range,1689,5,0.1402193334653008,242.55407,1729.81902,0.0220574503438759,0.0,0.0,12,Validation
Widest range,1689,10,0.2071258703121439,358.29027,1729.81902,0.0487039103457549,0.0,0.0,12,Validation
Widest range,1696,1,0.0375747801399065,67.14011,1786.83973,0.0030827625243463,0.0,0.0,17,Validation
Widest range,1696,5,0.1196854907630691,213.85879,1786.83973,0.0202631325509076,0.0,0.0,17,Validation
Widest range,1696,10,0.1924111906779686,343.80796,1786.83973,0.0516458427994531,0.1,0.0588235294117647,17,Validation
Widest range,1703,1,0.0453753080792571,85.75880999999998,1889.98849,0.003904591452781,0.0,0.0,22,Validation
Widest range,1703,5,0.1126614321339068,212.92881,1889.98849,0.0180275744383523,0.0,0.0,22,Validation
Widest range,1703,10,0.1702305763777429,321.73383,1889.98849,0.0408726812852995,0.0,0.0,22,Validation
Widest range,1710,1,0.0248841798325578,47.5204,1909.6631,0.0021098012764464,0.0,0.0,21,Validation
Widest range,1710,5,0.1432172093601222,273.49662,1909.6631,0.0264450556092233,0.2,0.0476190476190476,21,Validation
Widest range,1710,10,0.1993641705701911,380.7184,1909.6631,0.0433439937826884,0.1,0.0476190476190476,21,Validation
Widest range,1717,1,0.045928790344939,91.8116,1998.99887,0.0042735901523788,0.0,0.0,16,Validation
Widest range,1717,5,0.2042780144242902,408.35152,1998.99887,0.0415840017485215,0.4,0.125,16,Validation
Widest range,1717,10,0.2861288911083776,571.97133,1998.99887,0.0717414899484313,0.3,0.1875,16,Validation
Widest range,1724,1,0.1271716835224438,252.68061,1986.9251,0.0113020165385333,1.0,0.0454545454545454,22,Validation
Widest range,1724,5,0.2216771633716842,440.45592,1986.9251,0.0315066444847147,0.4,0.0909090909090909,22,Validation
Widest range,1724,10,0.2760142543873445,548.4196499999999,1986.9251,0.0501118816035126,0.2,0.0909090909090909,22,Validation
Widest range,1731,1,0.0655032719770514,127.15031,1941.12914,0.0058013511119693,0.0,0.0,22,Validation
Widest range,1731,5,0.160964849561735,312.45356000000004,1941.12914,0.0255542638549234,0.0,0.0,22,Validation
Widest range,1731,10,0.2570685379541517,499.00323,1941.12914,0.059082396414391,0.1,0.0454545454545454,22,Validation
Widest range,1738,1,0.0557096537241797,102.28561,1836.04821,0.0047813718449978,0.0,0.0,18,Validation
Widest range,1738,5,0.1602764286892009,294.27525,1836.04821,0.0258416781476495,0.2,0.0555555555555555,18,Validation
Widest range,1738,10,0.2224771646927506,408.4788,1836.04821,0.0476030993620567,0.1,0.0555555555555555,18,Validation
Widest range,1745,1,0.0244435869559457,47.37511,1938.14067,0.0046281140102821,0.0,0.0,23,Validation
Widest range,1745,5,0.1606306109865596,311.32472,1938.14067,0.0272403760807411,0.0,0.0,23,Validation
Widest range,1745,10,0.2358813666502339,457.17127,1938.14067,0.0523789758412826,0.0,0.0,23,Validation
Widest range,1752,1,0.0481342256265885,88.69632,1842.68717,0.0042029756062433,0.0,0.0,11,Validation
Widest range,1752,5,0.1339165996363886,246.7664,1842.68717,0.0218182551526446,0.0,0.0,11,Validation
Widest range,1752,10,0.2171741555024774,400.18403,1842.68717,0.0509952712317135,0.0,0.0,11,Validation
Widest range,1759,1,0.0527642766161395,109.91373000000002,2083.10882,0.0048588990516231,0.0,0.0,17,Validation
Widest range,1759,5,0.1653339598456503,344.40863,2083.10882,0.0276104278384605,0.2,0.0588235294117647,17,Validation
Widest range,1759,10,0.260290616982746,542.2136800000001,2083.10882,0.0614303440415082,0.2,0.1176470588235294,17,Validation
Widest range,1766,1,0.0588051684565338,114.0831,1940.01825,0.0052101299679822,0.0,0.0,14,Validation
Widest range,1766,5,0.15705335761661,304.68638,1940.01825,0.0228701904343278,0.0,0.0,14,Validation
Widest range,1766,10,0.2285676797112604,443.42547,1940.01825,0.0485442354082056,0.0,0.0,14,Validation
Widest range,1773,1,0.0635486061522451,114.44462,1800.89898,0.0054915888030319,0.0,0.0,16,Validation
Widest range,1773,5,0.1333477128184058,240.14576,1800.89898,0.0188319310515493,0.0,0.0,16,Validation
Widest range,1773,10,0.205948087104808,370.8917,1800.89898,0.0445639451323119,0.0,0.0,16,Validation
Widest range,1780,1,0.0347957136981491,63.1431,1814.68041,0.0030118796264652,0.0,0.0,15,Validation
Widest range,1780,5,0.1059051384149785,192.18398,1814.68041,0.0166479797988943,0.0,0.0,15,Validation
Widest range,1780,10,0.1963939204038687,356.3922,1814.68041,0.0508817786214671,0.1,0.0666666666666666,15,Validation
Widest range,1787,1,0.0784931809319676,163.17659,2078.86326,0.0078713501146995,0.0,0.0,14,Validation
Widest range,1787,5,0.2395531632994466,497.99827,2078.86326,0.0407979048806378,0.2,0.0714285714285714,14,Validation
Widest range,1787,10,0.296215221004964,615.79094,2078.86326,0.0655040071171555,0.1,0.0714285714285714,14,Validation
Widest range,1794,1,0.0396695600268491,71.95931999999999,1813.96819,0.0035027727287339,0.0,0.0,17,Validation
Widest range,1794,5,0.1367717038081025,248.09952,1813.96819,0.0225732607566216,0.0,0.0,17,Validation
Widest range,1794,10,0.2303780751524644,417.8985,1813.96819,0.0542914269916389,0.0,0.0,17,Validation
Widest range,1801,1,0.0641702941903034,125.43287,1954.68747,0.0058313753553092,0.0,0.0,23,Validation
Widest range,1801,5,0.1617214080775787,316.11481,1954.68747,0.0248120190217788,0.0,0.0,23,Validation
Widest range,1801,10,0.2297769678750741,449.14216,1954.68747,0.0514449937174027,0.0,0.0,23,Validation
Widest range,1808,1,0.0988760807265458,182.05476,1841.24167,0.008656970731666,0.0,0.0,18,Validation
Widest range,1808,5,0.1864474096982608,343.29473999999993,1841.24167,0.0266118129045704,0.0,0.0,18,Validation
Widest range,1808,10,0.253018116845031,465.8675,1841.24167,0.0522447247416185,0.0,0.0,18,Validation
Widest range,1815,1,0.1014782756583343,184.23165,1815.47872,0.0089665868827804,0.0,0.0,16,Validation
Widest range,1815,5,0.1736584662363875,315.27325,1815.47872,0.0222769430459979,0.0,0.0,16,Validation
Widest range,1815,10,0.2427433795533554,440.69544,1815.47872,0.0467932570818147,0.0,0.0,16,Validation
Widest range,1822,1,0.0745908993870803,131.2198,1759.19316,0.0066197049432082,0.0,0.0,12,Validation
Widest range,1822,5,0.1865235083110486,328.13088,1759.19316,0.0327844406402175,0.0,0.0,12,Validation
Widest range,1822,10,0.2464035444521623,433.47143,1759.19316,0.0548369671907095,0.0,0.0,12,Validation
Widest range,1829,1,0.0928701988310564,178.48527,1921.87884,0.0081632856181309,0.0,0.0,20,Validation
Widest range,1829,5,0.1772572406281345,340.66694,1921.87884,0.0267870225760308,0.0,0.0,20,Validation
Widest range,1829,10,0.2493654646824667,479.2502100000001,1921.87884,0.0544507142889581,0.0,0.0,20,Validation
Widest range,1836,1,0.036733349264374,72.92696000000001,1985.30658,0.0032631405040406,0.0,0.0,20,Validation
Widest range,1836,5,0.1631921000332351,323.98635,1985.30658,0.0274997290778982,0.0,0.0,20,Validation
Widest range,1836,10,0.2439814106695803,484.3779,1985.30658,0.0559150571764543,0.1,0.05,20,Validation
Widest range,1843,1,0.0983602953185287,192.10742,1953.09926,0.008670551260153,1.0,0.0476190476190476,21,Validation
Widest range,1843,5,0.1829889792697991,357.39564,1953.09926,0.0259511177360563,0.2,0.0476190476190476,21,Validation
Widest range,1843,10,0.2561803592102123,500.34567,1953.09926,0.05496423314639,0.2,0.0952380952380952,21,Validation
Widest range,1850,1,0.1218646318039668,232.68169,1909.34553,0.0103625330557128,1.0,0.05,20,Validation
Widest range,1850,5,0.2055031443156336,392.37651,1909.34553,0.0270423447340452,0.2,0.05,20,Validation
Widest range,1850,10,0.2719724805389206,519.28944,1909.34553,0.0527741402504639,0.1,0.05,20,Validation
Widest range,1857,1,0.0636331166081959,118.20225,1857.55871,0.0052795855915728,0.0,0.0,22,Validation
Widest range,1857,5,0.1487157033114716,276.24815,1857.55871,0.0232446391088749,0.0,0.0,22,Validation
Widest range,1857,10,0.2241125073241965,416.30214,1857.55871,0.0512573726502773,0.0,0.0,22,Validation
Widest range,1864,1,0.0387326377705351,72.20749,1864.25439,0.0031937195529615,0.0,0.0,17,Validation
Widest range,1864,5,0.1156264516024553,215.55712,1864.25439,0.0175813994909513,0.0,0.0,17,Validation
Widest range,1864,10,0.2053417881451254,382.8093300000001,1864.25439,0.0500334920478343,0.1,0.0588235294117647,17,Validation
Widest range,1871,1,0.1068323959589456,204.19005,1911.31209,0.0093042330754005,1.0,0.0714285714285714,14,Validation
Widest range,1871,5,0.1819927430061931,347.84493,1911.31209,0.0253739465483383,0.2,0.0714285714285714,14,Validation
Widest range,1871,10,0.2502058520437653,478.22147,1911.31209,0.0509176553722091,0.1,0.0714285714285714,14,Validation
Widest range,1878,1,0.0593529723641382,113.84067000000002,1918.02812,0.0050752978791597,0.0,0.0,18,Validation
Widest range,1878,5,0.1549967890981702,297.2882,1918.02812,0.0232055120428203,0.0,0.0,18,Validation
Widest range,1878,10,0.235666581363781,452.01513,1918.02812,0.053250376114911,0.1,0.0555555555555555,18,Validation
Widest range,1885,1,0.0873491871559672,168.66152,1930.88826,0.007616148570186,0.0,0.0,15,Validation
Widest range,1885,5,0.1962117424650974,378.86295,1930.88826,0.0308353113348937,0.2,0.0666666666666666,15,Validation
Widest range,1885,10,0.2752129219533397,531.4054,1930.88826,0.0610690556924757,0.2,0.1333333333333333,15,Validation
Widest range,1892,1,0.0769110327980656,168.09316,2185.55328,0.0067418301766819,0.0,0.0,27,Validation
Widest range,1892,5,0.1394946958236589,304.87309000000005,2185.55328,0.0200964937595084,0.0,0.0,27,Validation
Widest range,1892,10,0.2575629544936099,562.91756,2185.55328,0.067314898715726,0.2,0.074074074074074,27,Validation
Widest range,1899,1,0.0700974006136892,136.33218,1944.89637,0.0061198804963076,0.0,0.0,12,Validation
Widest range,1899,5,0.1841227149804387,358.09959999999995,1944.89637,0.0318951823405409,0.2,0.0833333333333333,12,Validation
Widest range,1899,10,0.2498614669119877,485.95466,1944.89637,0.0566187606933697,0.1,0.0833333333333333,12,Validation
Widest range,1906,1,0.0457640804239472,81.56598000000001,1782.31441,0.0037430449786835,0.0,0.0,16,Validation
Widest range,1906,5,0.1205126821591483,214.79149,1782.31441,0.0167715271403962,0.0,0.0,16,Validation
Widest range,1906,10,0.2116543960389121,377.23468,1782.31441,0.0498459809848972,0.1,0.0625,16,Validation
Normalised error (diagnostic),1668,1,0.009822207489479,17.37667,1769.12064,0.0075729213196048,0.0,0.0,12,Validation
Normalised error (diagnostic),1668,5,0.0366744802660829,64.88158000000001,1769.12064,0.0470324393917897,0.4,0.1666666666666666,12,Validation
Normalised error (diagnostic),1668,10,0.0546445888506506,96.67287,1769.12064,0.0871288536273253,0.4,0.3333333333333333,12,Validation
Normalised error (diagnostic),1675,1,0.0063449911051369,11.1721,1760.77473,0.0129698241050666,1.0,0.0625,16,Validation
Normalised error (diagnostic),1675,5,0.0308114485491281,54.25202,1760.77473,0.0591146132465306,0.6,0.1875,16,Validation
Normalised error (diagnostic),1675,10,0.0502027990826515,88.39582,1760.77473,0.097947185827289,0.4,0.25,16,Validation
Normalised error (diagnostic),1682,1,0.005170979485799,9.90401,1915.30638,0.0110515783348681,1.0,0.0454545454545454,22,Validation
Normalised error (diagnostic),1682,5,0.0260521713502567,49.89789,1915.30638,0.0609158881376394,0.8,0.1818181818181818,22,Validation
Normalised error (diagnostic),1682,10,0.0500088920499497,95.78235,1915.30638,0.099835165695869,0.6,0.2727272727272727,22,Validation
Normalised error (diagnostic),1689,1,0.0117782899623799,20.37431,1729.81902,0.0235047338253534,1.0,0.0833333333333333,12,Validation
Normalised error (diagnostic),1689,5,0.0317034610938663,54.84125,1729.81902,0.0690065049760786,0.6,0.25,12,Validation
Normalised error (diagnostic),1689,10,0.0631975129976314,109.32026000000002,1729.81902,0.1125284351403721,0.5,0.4166666666666667,12,Validation
Normalised error (diagnostic),1696,1,0.0095572757384345,17.07732,1786.83973,0.0185043697327045,1.0,0.0588235294117647,17,Validation
Normalised error (diagnostic),1696,5,0.0246529049362474,44.05079,1786.83973,0.0532344500404797,0.6,0.1764705882352941,17,Validation
Normalised error (diagnostic),1696,10,0.0531042367185332,94.88876,1786.83973,0.099271157910797,0.6,0.3529411764705882,17,Validation
Normalised error (diagnostic),1703,1,0.0104730531983292,19.79395,1889.98849,0.0208435803230994,1.0,0.0454545454545454,22,Validation
Normalised error (diagnostic),1703,5,0.0257806543573183,48.72514,1889.98849,0.0582487654715838,0.8,0.1818181818181818,22,Validation
Normalised error (diagnostic),1703,10,0.0560669869476295,105.96596,1889.98849,0.1012050323039037,0.6,0.2727272727272727,22,Validation
Normalised error (diagnostic),1710,1,0.0033720188655265,6.43942,1909.6631,0.0065880210820311,0.0,0.0,21,Validation
Normalised error (diagnostic),1710,5,0.0234164706853266,44.71757,1909.6631,0.0526941528913854,0.8,0.1904761904761904,21,Validation
Normalised error (diagnostic),1710,10,0.0387546421146222,74.00831,1909.6631,0.0785132460261779,0.4,0.1904761904761904,21,Validation
Normalised error (diagnostic),1717,1,0.0005355981016637,1.07066,1998.99887,0.0011509518094557,0.0,0.0,16,Validation
Normalised error (diagnostic),1717,5,0.014532344382966,29.050140000000003,1998.99887,0.035878626843686,0.4,0.125,16,Validation
Normalised error (diagnostic),1717,10,0.0921205773367945,184.14893,1998.99887,0.0760849381368244,0.3,0.1875,16,Validation
Normalised error (diagnostic),1724,1,0.0392509058343467,77.98861,1986.9251,0.0093698523218502,1.0,0.0454545454545454,22,Validation
Normalised error (diagnostic),1724,5,0.052846747972533,105.00253,1986.9251,0.0438810223428759,0.6,0.1363636363636363,22,Validation
Normalised error (diagnostic),1724,10,0.0696548299681754,138.39893,1986.9251,0.0712511111572336,0.3,0.1363636363636363,22,Validation
Normalised error (diagnostic),1731,1,0.0294341467667627,57.13548,1941.12914,0.0069780153614462,0.0,0.0,22,Validation
Normalised error (diagnostic),1731,5,0.0527119540331046,102.32071,1941.12914,0.0481535395184077,0.6,0.1363636363636363,22,Validation
Normalised error (diagnostic),1731,10,0.0712052316107108,138.21855,1941.12914,0.0829677756165717,0.4,0.1818181818181818,22,Validation
Normalised error (diagnostic),1738,1,0.0045485080154839,8.35128,1836.04821,0.0126867922911456,1.0,0.0555555555555555,18,Validation
Normalised error (diagnostic),1738,5,0.0659449350733552,121.07808,1836.04821,0.0494034108132523,0.6,0.1666666666666666,18,Validation
Normalised error (diagnostic),1738,10,0.0952288393342351,174.84474,1836.04821,0.0976275752219016,0.6,0.3333333333333333,18,Validation
Normalised error (diagnostic),1745,1,0.004575627629753,8.868210000000001,1938.14067,0.0130231987195415,1.0,0.0434782608695652,23,Validation
Normalised error (diagnostic),1745,5,0.0412959963324024,80.03745,1938.14067,0.0367644863155304,0.4,0.0869565217391304,23,Validation
Normalised error (diagnostic),1745,10,0.0653818125595599,126.71914999999998,1938.14067,0.0818835292112786,0.4,0.1739130434782608,23,Validation
Normalised error (diagnostic),1752,1,0.0072193480350764,13.303,1842.68717,0.0201633153556648,1.0,0.0909090909090909,11,Validation
Normalised error (diagnostic),1752,5,0.0994545807794385,183.26368,1842.68717,0.1264991343890353,0.8,0.3636363636363636,11,Validation
Normalised error (diagnostic),1752,10,0.1286174093240145,237.00165,1842.68717,0.1608267715339106,0.6,0.5454545454545454,11,Validation
Normalised error (diagnostic),1759,1,0.0482344508531244,100.47761,2083.10882,0.0512567895150784,1.0,0.0588235294117647,17,Validation
Normalised error (diagnostic),1759,5,0.0826361678023138,172.14013000000003,2083.10882,0.1099803707054947,0.6,0.1764705882352941,17,Validation
Normalised error (diagnostic),1759,10,0.1092685306761842,227.61824,2083.10882,0.1497499010071538,0.4,0.2352941176470588,17,Validation
Normalised error (diagnostic),1766,1,0.0105055248835932,20.38091,1940.01825,0.0105854697897945,1.0,0.0714285714285714,14,Validation
Normalised error (diagnostic),1766,5,0.0680079014720609,131.93657000000002,1940.01825,0.1271460551424559,1.0,0.3571428571428571,14,Validation
Normalised error (diagnostic),1766,10,0.1178517109310698,228.63447,1940.01825,0.1793353874816806,0.8,0.5714285714285714,14,Validation
Normalised error (diagnostic),1773,1,0.0057292830495134,10.31786,1800.89898,0.0056396027001813,0.0,0.0,16,Validation
Normalised error (diagnostic),1773,5,0.0484253592058783,87.20918,1800.89898,0.0888886707331748,0.8,0.25,16,Validation
Normalised error (diagnostic),1773,10,0.0815367389457902,146.83943,1800.89898,0.121927654494267,0.5,0.3125,16,Validation
Normalised error (diagnostic),1780,1,0.013426050044812,24.36399,1814.68041,0.0132289179017157,1.0,0.0666666666666666,15,Validation
Normalised error (diagnostic),1780,5,0.0482695627931532,87.59383,1814.68041,0.0775906020331646,0.8,0.2666666666666666,15,Validation
Normalised error (diagnostic),1780,10,0.0965330859553391,175.1767,1814.68041,0.1295184368354852,0.7,0.4666666666666667,15,Validation
Normalised error (diagnostic),1787,1,0.0109831321950439,22.83243,2078.86326,0.0233165547097214,1.0,0.0714285714285714,14,Validation
Normalised error (diagnostic),1787,5,0.0494413182327345,102.78174,2078.86326,0.0813658509302101,0.8,0.2857142857142857,14,Validation
Normalised error (diagnostic),1787,10,0.1242277185657703,258.25244,2078.86326,0.1592181175549424,0.7,0.5,14,Validation
Normalised error (diagnostic),1794,1,0.0093104113363751,16.88879,1813.96819,0.0171657078343634,1.0,0.0588235294117647,17,Validation
Normalised error (diagnostic),1794,5,0.0492551195178345,89.34722,1813.96819,0.0748806312691383,0.8,0.2352941176470588,17,Validation
Normalised error (diagnostic),1794,10,0.0936464657629966,169.87170999999998,1813.96819,0.1185406984707355,0.6,0.3529411764705882,17,Validation
Normalised error (diagnostic),1801,1,0.0053279975238189,10.41457,1954.68747,0.0100020195646119,1.0,0.0434782608695652,23,Validation
Normalised error (diagnostic),1801,5,0.0338566451239389,66.17916,1954.68747,0.0445276640587756,0.4,0.0869565217391304,23,Validation
Normalised error (diagnostic),1801,10,0.0605208719120709,118.29939,1954.68747,0.0814745038105483,0.4,0.1739130434782608,23,Validation
Normalised error (diagnostic),1808,1,0.0080540486572846,14.82945,1841.24167,0.014486199594695,1.0,0.0555555555555555,18,Validation
Normalised error (diagnostic),1808,5,0.0258061072450092,47.51528,1841.24167,0.0373452466134868,0.4,0.1111111111111111,18,Validation
Normalised error (diagnostic),1808,10,0.0560877703794309,103.27114,1841.24167,0.0701733361402202,0.3,0.1666666666666666,18,Validation
Normalised error (diagnostic),1815,1,0.0076787184814812,13.94055,1815.47872,0.0138350343244079,1.0,0.0625,16,Validation
Normalised error (diagnostic),1815,5,0.0172827473295858,31.37646,1815.47872,0.0323785854253623,0.4,0.125,16,Validation
Normalised error (diagnostic),1815,10,0.0659643920254818,119.75695,1815.47872,0.0867548777600268,0.4,0.25,16,Validation
Normalised error (diagnostic),1822,1,0.0045026323317446,7.920999999999999,1759.19316,0.0080892636982371,0.0,0.0,12,Validation
Normalised error (diagnostic),1822,5,0.0279546960039339,49.177710000000005,1759.19316,0.0513059762376247,0.6,0.25,12,Validation
Normalised error (diagnostic),1822,10,0.0491460016818164,86.45731,1759.19316,0.0916601392372737,0.5,0.4166666666666667,12,Validation
Normalised error (diagnostic),1829,1,0.0080943604124389,15.55638,1921.87884,0.0089793370635898,1.0,0.05,20,Validation
Normalised error (diagnostic),1829,5,0.0267810222625688,51.46988,1921.87884,0.0508241238744919,0.6,0.15,20,Validation
Normalised error (diagnostic),1829,10,0.0541968920371692,104.15986,1921.87884,0.0931011852281602,0.5,0.25,20,Validation
Normalised error (diagnostic),1836,1,0.0070193944554397,13.93565,1985.30658,0.0147401363204164,1.0,0.05,20,Validation
Normalised error (diagnostic),1836,5,0.025468409015196,50.5626,1985.30658,0.0534653305826589,0.6,0.15,20,Validation
Normalised error (diagnostic),1836,10,0.0458703662786429,91.06674,1985.30658,0.0953893950936971,0.5,0.25,20,Validation
Normalised error (diagnostic),1843,1,0.0120061844680643,23.44927,1953.09926,0.0248632224631088,1.0,0.0476190476190476,21,Validation
Normalised error (diagnostic),1843,5,0.0310940622649153,60.72979,1953.09926,0.0469408743994013,0.2,0.0476190476190476,21,Validation
Normalised error (diagnostic),1843,10,0.0635631237707806,124.14509,1953.09926,0.0965701157850405,0.4,0.1904761904761904,21,Validation
Normalised error (diagnostic),1850,1,0.0077695418492429,14.83474,1909.34553,0.0154478447256341,1.0,0.05,20,Validation
Normalised error (diagnostic),1850,5,0.0374564419463668,71.51729,1909.34553,0.0558467629890391,0.8,0.2,20,Validation
Normalised error (diagnostic),1850,10,0.0607945540375816,116.07781,1909.34553,0.1042433460643838,0.7,0.35,20,Validation
Normalised error (diagnostic),1857,1,0.0062537027429943,11.61662,1857.55871,0.0120389636043918,1.0,0.0454545454545454,22,Validation
Normalised error (diagnostic),1857,5,0.0274690914076142,51.02545,1857.55871,0.0422882276731846,0.4,0.0909090909090909,22,Validation
Normalised error (diagnostic),1857,10,0.0558036574790144,103.65857,1857.55871,0.0697862718563405,0.2,0.0909090909090909,22,Validation
Normalised error (diagnostic),1864,1,0.0052336044116811,9.75677,1864.25439,0.009858349447612,1.0,0.0588235294117647,17,Validation
Normalised error (diagnostic),1864,5,0.0426490507017124,79.50868,1864.25439,0.0498989153926212,0.8,0.2352941176470588,17,Validation
Normalised error (diagnostic),1864,10,0.0654191137508867,121.95787,1864.25439,0.0833200160170797,0.5,0.2941176470588235,17,Validation
Normalised error (diagnostic),1871,1,0.0038709481505974,7.398589999999999,1911.31209,0.0076648998474273,0.0,0.0,14,Validation
Normalised error (diagnostic),1871,5,0.0362205525524614,69.22878,1911.31209,0.0483398037891193,0.6,0.2142857142857142,14,Validation
Normalised error (diagnostic),1871,10,0.0484403988675653,92.58472,1911.31209,0.0752776260894813,0.3,0.2142857142857142,14,Validation
Normalised error (diagnostic),1878,1,0.0038823049163637,7.44637,1918.02812,0.0065123729361931,0.0,0.0,18,Validation
Normalised error (diagnostic),1878,5,0.0335293676507725,64.31027,1918.02812,0.0477308458652163,0.6,0.1666666666666666,18,Validation
Normalised error (diagnostic),1878,10,0.0513655712200924,98.52061,1918.02812,0.0764269361069304,0.4,0.2222222222222222,18,Validation
Normalised error (diagnostic),1885,1,0.0056499178259025,10.90936,1930.88826,0.0138151520935529,1.0,0.0666666666666666,15,Validation
Normalised error (diagnostic),1885,5,0.0273629712783069,52.83484,1930.88826,0.0393249965370725,0.2,0.0666666666666666,15,Validation
Normalised error (diagnostic),1885,10,0.0729902723630418,140.93606,1930.88826,0.0977392083868748,0.4,0.2666666666666666,15,Validation
Normalised error (diagnostic),1892,1,0.0052783018861018,11.53601,2185.55328,0.0129764269749803,1.0,0.037037037037037,27,Validation
Normalised error (diagnostic),1892,5,0.0264979859013091,57.91275999999999,2185.55328,0.0497300860075872,0.4,0.074074074074074,27,Validation
Normalised error (diagnostic),1892,10,0.0675871786571133,147.71538,2185.55328,0.0906342597666911,0.4,0.1481481481481481,27,Validation
Normalised error (diagnostic),1899,1,0.00340460813344,6.62161,1944.89637,0.0058586942279906,0.0,0.0,12,Validation
Normalised error (diagnostic),1899,5,0.0422276843470071,82.12847000000001,1944.89637,0.0452982993075566,0.4,0.1666666666666666,12,Validation
Normalised error (diagnostic),1899,10,0.0756530539465195,147.13735,1944.89637,0.0998684875918472,0.5,0.4166666666666667,12,Validation
Normalised error (diagnostic),1906,1,0.0092673660198932,16.51736,1782.31441,0.0170633003687928,1.0,0.0625,16,Validation
Normalised error (diagnostic),1906,5,0.0467624059662963,83.34531,1782.31441,0.0646905038360066,0.8,0.25,16,Validation
Normalised error (diagnostic),1906,10,0.0998302482444722,177.92889000000002,1782.31441,0.1128697294183593,0.7,0.4375,16,Validation
Combined score (frozen),1668,1,0.0710443014219765,125.68594,1769.12064,0.0060682715143951,0.0,0.0,12,Validation
Combined score (frozen),1668,5,0.1553904712795618,274.90449,1769.12064,0.0225477613359551,0.0,0.0,12,Validation
Combined score (frozen),1668,10,0.2229897447807742,394.49576,1769.12064,0.0454555538515095,0.0,0.0,12,Validation
Combined score (frozen),1675,1,0.0238851110726697,42.0563,1760.77473,0.0019984977215847,0.0,0.0,16,Validation
Combined score (frozen),1675,5,0.1003343965528174,176.66626999999997,1760.77473,0.0165380407263001,0.0,0.0,16,Validation
Combined score (frozen),1675,10,0.1888804253795714,332.57588,1760.77473,0.0480351132191678,0.1,0.0625,16,Validation
Combined score (frozen),1682,1,0.0777967909238625,149.00468999999998,1915.30638,0.0068837042679939,0.0,0.0,22,Validation
Combined score (frozen),1682,5,0.1983685711943381,379.93659,1915.30638,0.0323587076462036,0.2,0.0454545454545454,22,Validation
Combined score (frozen),1682,10,0.2557613210686428,489.86129,1915.30638,0.0530849763921569,0.1,0.0454545454545454,22,Validation
Combined score (frozen),1689,1,0.0395416799151624,68.39994999999999,1729.81902,0.0033151677391325,0.0,0.0,12,Validation
Combined score (frozen),1689,5,0.1402193334653008,242.55407,1729.81902,0.0220574503438759,0.0,0.0,12,Validation
Combined score (frozen),1689,10,0.1965846982073303,340.05595,1729.81902,0.0404303434309493,0.0,0.0,12,Validation
Combined score (frozen),1696,1,0.0375747801399065,67.14011,1786.83973,0.0030827625243463,0.0,0.0,17,Validation
Combined score (frozen),1696,5,0.1196854907630691,213.85879,1786.83973,0.0202631325509076,0.0,0.0,17,Validation
Combined score (frozen),1696,10,0.1765908965993273,315.53963,1786.83973,0.0408668953267813,0.0,0.0,17,Validation
Combined score (frozen),1703,1,0.0453753080792571,85.75880999999998,1889.98849,0.003904591452781,0.0,0.0,22,Validation
Combined score (frozen),1703,5,0.2058406980034042,389.03655,1889.98849,0.0397123856906677,0.2,0.0454545454545454,22,Validation
Combined score (frozen),1703,10,0.2618427321745224,494.87975,1889.98849,0.0612969748038688,0.1,0.0454545454545454,22,Validation
Combined score (frozen),1710,1,0.0248841798325578,47.5204,1909.6631,0.0021098012764464,0.0,0.0,21,Validation
Combined score (frozen),1710,5,0.1432172093601222,273.49662,1909.6631,0.0264450556092233,0.2,0.0476190476190476,21,Validation
Combined score (frozen),1710,10,0.2080588612724412,397.32233,1909.6631,0.0475120761440883,0.1,0.0476190476190476,21,Validation
Combined score (frozen),1717,1,0.045928790344939,91.8116,1998.99887,0.0042735901523788,0.0,0.0,16,Validation
Combined score (frozen),1717,5,0.2042780144242902,408.35152,1998.99887,0.0415840017485215,0.4,0.125,16,Validation
Combined score (frozen),1717,10,0.2780589715891134,555.83957,1998.99887,0.0698737524521374,0.2,0.125,16,Validation
Combined score (frozen),1724,1,0.0392509058343467,77.98861,1986.9251,0.0093698523218502,1.0,0.0454545454545454,22,Validation
Combined score (frozen),1724,5,0.2216771633716842,440.45592,1986.9251,0.0315066444847147,0.4,0.0909090909090909,22,Validation
Combined score (frozen),1724,10,0.2701309223986349,536.72991,1986.9251,0.0477030957050523,0.2,0.0909090909090909,22,Validation
Combined score (frozen),1731,1,0.0294341467667627,57.13548,1941.12914,0.0069780153614462,0.0,0.0,22,Validation
Combined score (frozen),1731,5,0.160964849561735,312.45356000000004,1941.12914,0.0255542638549234,0.0,0.0,22,Validation
Combined score (frozen),1731,10,0.24547904628334,476.50653,1941.12914,0.0536997353006213,0.0,0.0,22,Validation
Combined score (frozen),1738,1,0.0557096537241797,102.28561,1836.04821,0.0047813718449978,0.0,0.0,18,Validation
Combined score (frozen),1738,5,0.1602764286892009,294.27525,1836.04821,0.0258416781476495,0.2,0.0555555555555555,18,Validation
Combined score (frozen),1738,10,0.220110238826463,404.13301,1836.04821,0.0470098251123061,0.1,0.0555555555555555,18,Validation
Combined score (frozen),1745,1,0.0560823637223401,108.69551,1938.14067,0.0049505276674084,0.0,0.0,23,Validation
Combined score (frozen),1745,5,0.1606306109865596,311.32472,1938.14067,0.0272403760807411,0.0,0.0,23,Validation
Combined score (frozen),1745,10,0.2410199513536857,467.13057,1938.14067,0.0540459470201266,0.0,0.0,23,Validation
Combined score (frozen),1752,1,0.0481342256265885,88.69632,1842.68717,0.0042029756062433,0.0,0.0,11,Validation
Combined score (frozen),1752,5,0.1339165996363886,246.7664,1842.68717,0.0218182551526446,0.0,0.0,11,Validation
Combined score (frozen),1752,10,0.2236698050054801,412.15348,1842.68717,0.0537183143410581,0.0,0.0,11,Validation
Combined score (frozen),1759,1,0.0527642766161395,109.91373000000002,2083.10882,0.0048588990516231,0.0,0.0,17,Validation
Combined score (frozen),1759,5,0.1653339598456503,344.40863,2083.10882,0.0276104278384605,0.2,0.0588235294117647,17,Validation
Combined score (frozen),1759,10,0.2943567777702559,613.1772,2083.10882,0.1071048247305541,0.3,0.1764705882352941,17,Validation
Combined score (frozen),1766,1,0.0588051684565338,114.0831,1940.01825,0.0052101299679822,0.0,0.0,14,Validation
Combined score (frozen),1766,5,0.1546803232392272,300.08264999999994,1940.01825,0.0244743934170889,0.0,0.0,14,Validation
Combined score (frozen),1766,10,0.2290988499721588,444.45595,1940.01825,0.0553553265264878,0.1,0.0714285714285714,14,Validation
Combined score (frozen),1773,1,0.0635486061522451,114.44462,1800.89898,0.0054915888030319,0.0,0.0,16,Validation
Combined score (frozen),1773,5,0.1289341004568729,232.19729,1800.89898,0.019569428693784,0.0,0.0,16,Validation
Combined score (frozen),1773,10,0.1947820804473997,350.78285000000005,1800.89898,0.0447145225425799,0.0,0.0,16,Validation
Combined score (frozen),1780,1,0.0347957136981491,63.1431,1814.68041,0.0030118796264652,0.0,0.0,15,Validation
Combined score (frozen),1780,5,0.1164128343678984,211.25209,1814.68041,0.0209411960841527,0.0,0.0,15,Validation
Combined score (frozen),1780,10,0.197134932425925,357.7369,1814.68041,0.0612755251160909,0.2,0.1333333333333333,15,Validation
Combined score (frozen),1787,1,0.0784931809319676,163.17659,2078.86326,0.0078713501146995,0.0,0.0,14,Validation
Combined score (frozen),1787,5,0.2330863983810075,484.55475,2078.86326,0.0414627889197819,0.2,0.0714285714285714,14,Validation
Combined score (frozen),1787,10,0.2947395539618128,612.7232300000001,2078.86326,0.082113636325724,0.2,0.1428571428571428,14,Validation
Combined score (frozen),1794,1,0.0396695600268491,71.95931999999999,1813.96819,0.0035027727287339,0.0,0.0,17,Validation
Combined score (frozen),1794,5,0.1262536637977097,229.02013,1813.96819,0.0216583390589402,0.0,0.0,17,Validation
Combined score (frozen),1794,10,0.1998512388466966,362.52379,1813.96819,0.0478976804521415,0.0,0.0,17,Validation
Combined score (frozen),1801,1,0.0641702941903034,125.43287,1954.68747,0.0058313753553092,0.0,0.0,23,Validation
Combined score (frozen),1801,5,0.1683240492660445,329.02091,1954.68747,0.0284568620754259,0.0,0.0,23,Validation
Combined score (frozen),1801,10,0.215046382836843,420.34847,1954.68747,0.0512716873297095,0.0,0.0,23,Validation
Combined score (frozen),1808,1,0.0988760807265458,182.05476,1841.24167,0.008656970731666,0.0,0.0,18,Validation
Combined score (frozen),1808,5,0.1864474096982608,343.29473999999993,1841.24167,0.0266118129045704,0.0,0.0,18,Validation
Combined score (frozen),1808,10,0.2478022453185083,456.26382,1841.24167,0.0553971034141585,0.0,0.0,18,Validation
Combined score (frozen),1815,1,0.1014782756583343,184.23165,1815.47872,0.0089665868827804,0.0,0.0,16,Validation
Combined score (frozen),1815,5,0.1736584662363875,315.27325,1815.47872,0.0222769430459979,0.0,0.0,16,Validation
Combined score (frozen),1815,10,0.2254294503655763,409.26237,1815.47872,0.0441741145126368,0.0,0.0,16,Validation
Combined score (frozen),1822,1,0.0745908993870803,131.2198,1759.19316,0.0066197049432082,0.0,0.0,12,Validation
Combined score (frozen),1822,5,0.1812899329372108,318.92400999999995,1759.19316,0.0293171675127095,0.0,0.0,12,Validation
Combined score (frozen),1822,10,0.2607032021429642,458.62729,1759.19316,0.059753880495206,0.0,0.0,12,Validation
Combined score (frozen),1829,1,0.0928701988310564,178.48527,1921.87884,0.0081632856181309,0.0,0.0,20,Validation
Combined score (frozen),1829,5,0.1831001219619026,351.89625,1921.87884,0.0295573130712575,0.2,0.05,20,Validation
Combined score (frozen),1829,10,0.2492217251322669,478.97396,1921.87884,0.0531256597481963,0.1,0.05,20,Validation
Combined score (frozen),1836,1,0.036733349264374,72.92696000000001,1985.30658,0.0032631405040406,0.0,0.0,20,Validation
Combined score (frozen),1836,5,0.1808526268018514,359.04791,1985.30658,0.0344100954045792,0.2,0.05,20,Validation
Combined score (frozen),1836,10,0.2813296221483334,558.5255500000001,1985.30658,0.0742512547943342,0.2,0.1,20,Validation
Combined score (frozen),1843,1,0.0983602953185287,192.10742,1953.09926,0.008670551260153,1.0,0.0476190476190476,21,Validation
Combined score (frozen),1843,5,0.1815854049322613,354.65432,1953.09926,0.0266435135923457,0.2,0.0476190476190476,21,Validation
Combined score (frozen),1843,10,0.2556866976643061,499.3815,1953.09926,0.0537689855560181,0.2,0.0952380952380952,21,Validation
Combined score (frozen),1850,1,0.1218646318039668,232.68169,1909.34553,0.0103625330557128,1.0,0.05,20,Validation
Combined score (frozen),1850,5,0.2124541700946082,405.64842,1909.34553,0.0300628115382313,0.2,0.05,20,Validation
Combined score (frozen),1850,10,0.2583072745350602,493.19784,1909.34553,0.0467531862410954,0.1,0.05,20,Validation
Combined score (frozen),1857,1,0.0636331166081959,118.20225,1857.55871,0.0052795855915728,0.0,0.0,22,Validation
Combined score (frozen),1857,5,0.1424527464868122,264.61434,1857.55871,0.0221485207316902,0.0,0.0,22,Validation
Combined score (frozen),1857,10,0.2056385932480163,381.98576,1857.55871,0.0434556442655326,0.0,0.0,22,Validation
Combined score (frozen),1864,1,0.0387326377705351,72.20749,1864.25439,0.0031937195529615,0.0,0.0,17,Validation
Combined score (frozen),1864,5,0.1158211943381825,215.92017,1864.25439,0.0191904640669163,0.0,0.0,17,Validation
Combined score (frozen),1864,10,0.1966342694250005,366.5763,1864.25439,0.0463766688275615,0.0,0.0,17,Validation
Combined score (frozen),1871,1,0.1068323959589456,204.19005,1911.31209,0.0093042330754005,1.0,0.0714285714285714,14,Validation
Combined score (frozen),1871,5,0.1860139073362948,355.53063,1911.31209,0.0286721660972143,0.2,0.0714285714285714,14,Validation
Combined score (frozen),1871,10,0.2405133009962805,459.69598,1911.31209,0.0468324151065426,0.1,0.0714285714285714,14,Validation
Combined score (frozen),1878,1,0.0593529723641382,113.84067000000002,1918.02812,0.0050752978791597,0.0,0.0,18,Validation
Combined score (frozen),1878,5,0.1585129158586058,304.03223,1918.02812,0.023293904765345,0.0,0.0,18,Validation
Combined score (frozen),1878,10,0.2347252135177246,450.20956,1918.02812,0.0536901997891902,0.1,0.0555555555555555,18,Validation
Combined score (frozen),1885,1,0.0873491871559672,168.66152,1930.88826,0.007616148570186,0.0,0.0,15,Validation
Combined score (frozen),1885,5,0.1959193588965112,378.29839,1930.88826,0.0299506802868022,0.2,0.0666666666666666,15,Validation
Combined score (frozen),1885,10,0.2725158937990539,526.19774,1930.88826,0.0598262720396304,0.2,0.1333333333333333,15,Validation
Combined score (frozen),1892,1,0.0769110327980656,168.09316,2185.55328,0.0067418301766819,0.0,0.0,27,Validation
Combined score (frozen),1892,5,0.1433719291437269,313.34699000000006,2185.55328,0.0205172087295558,0.0,0.0,27,Validation
Combined score (frozen),1892,10,0.2609464181079127,570.3123,2185.55328,0.0688299974428983,0.2,0.074074074074074,27,Validation
Combined score (frozen),1899,1,0.0700974006136892,136.33218,1944.89637,0.0061198804963076,0.0,0.0,12,Validation
Combined score (frozen),1899,5,0.1841227149804387,358.09959999999995,1944.89637,0.0318951823405409,0.2,0.0833333333333333,12,Validation
Combined score (frozen),1899,10,0.2498614669119877,485.95466,1944.89637,0.0566187606933697,0.1,0.0833333333333333,12,Validation
Combined score (frozen),1906,1,0.0457640804239472,81.56598000000001,1782.31441,0.0037430449786835,0.0,0.0,16,Validation
Combined score (frozen),1906,5,0.1314626749833661,234.30782,1782.31441,0.0217929694956322,0.0,0.0,16,Validation
Combined score (frozen),1906,10,0.2116543960389121,377.23468,1782.31441,0.0498459809848972,0.1,0.0625,16,Validation
Top sellers,1913,1,0.0162126813098637,32.441556793933785,2000.998858479776,0.0020259277578632,0.0,0.0,17,Holdout
Top sellers,1913,5,0.1188029083220387,237.72448393647684,2000.998858479776,0.0252163187313545,0.2,0.0588235294117647,17,Holdout
Top sellers,1913,10,0.21992484649757,440.0693667929775,2000.998858479776,0.058934102259633,0.2,0.1176470588235294,17,Holdout
Top sellers,1920,1,0.003478612799951,7.340093131115616,2110.063279022884,0.0004335891550179,0.0,0.0,22,Holdout
Top sellers,1920,5,0.0983997974309784,207.62979922239785,2110.063279022884,0.0199232047921677,0.2,0.0454545454545454,22,Holdout
Top sellers,1920,10,0.2037227705553302,429.8679372496067,2110.063279022884,0.0570393067264994,0.3,0.1363636363636363,22,Holdout
Top sellers,1927,1,0.0509111015819076,102.23451420853856,2008.0986470909463,0.0041546322802049,0.0,0.0,25,Holdout
Top sellers,1927,5,0.1391924251770918,279.5121206834259,2008.0986470909463,0.023104338602267,0.0,0.0,25,Holdout
Top sellers,1927,10,0.2034014887919636,408.45025445942656,2008.0986470909463,0.0462674301894516,0.0,0.0,25,Holdout
Top sellers,1934,1,0.0476021594745529,98.33557132064723,2065.7796286156968,0.0042051417684661,0.0,0.0,15,Holdout
Top sellers,1934,5,0.1632154659003917,337.1671845320492,2065.7796286156968,0.026973595582287,0.0,0.0,15,Holdout
Top sellers,1934,10,0.2442267898619239,504.51872725896897,2065.7796286156968,0.0631490342497615,0.1,0.0666666666666666,15,Holdout
Largest recent error,1913,1,0.0268988023245727,53.82447274594325,2000.998858479776,0.0023123798786466,0.0,0.0,17,Holdout
Largest recent error,1913,5,0.120580876022703,241.2821952759202,2000.998858479776,0.0303225179469916,0.4,0.1176470588235294,17,Holdout
Largest recent error,1913,10,0.1854933409126803,371.1719634218731,2000.998858479776,0.0541860860427502,0.2,0.1176470588235294,17,Holdout
Largest recent error,1920,1,0.0308948046439773,65.18999279184233,2110.063279022884,0.0026497438953969,0.0,0.0,22,Holdout
Largest recent error,1920,5,0.1163291678560197,245.4619053722764,2110.063279022884,0.0282845271448923,0.4,0.0909090909090909,22,Holdout
Largest recent error,1920,10,0.2024152277387568,427.10893916660496,2110.063279022884,0.0579228270032716,0.3,0.1363636363636363,22,Holdout
Largest recent error,1927,1,0.0509111015819076,102.23451420853856,2008.0986470909463,0.0041546322802049,0.0,0.0,25,Holdout
Largest recent error,1927,5,0.1317168989400262,264.5005265604817,2008.0986470909463,0.0287259859699318,0.0,0.0,25,Holdout
Largest recent error,1927,10,0.2065095533861437,414.6915547660708,2008.0986470909463,0.0503986790295612,0.0,0.0,25,Holdout
Largest recent error,1934,1,0.0476021594745529,98.33557132064723,2065.7796286156968,0.0042051417684661,0.0,0.0,15,Holdout
Largest recent error,1934,5,0.142367701382764,294.10029728935683,2065.7796286156968,0.0419372853064456,0.2,0.0666666666666666,15,Holdout
Largest recent error,1934,10,0.2538804902869792,524.4611449378068,2065.7796286156968,0.0671946948386396,0.1,0.0666666666666666,15,Holdout
Persistent bias,1913,1,0.0268988023245727,53.82447274594325,2000.998858479776,0.0023123798786466,0.0,0.0,17,Holdout
Persistent bias,1913,5,0.0827020318108274,165.48667124742374,2000.998858479776,0.0329365562871508,0.4,0.1176470588235294,17,Holdout
Persistent bias,1913,10,0.1229735559555884,246.0699450903313,2000.998858479776,0.0559580256322116,0.2,0.1176470588235294,17,Holdout
Persistent bias,1920,1,0.0308948046439773,65.18999279184233,2110.063279022884,0.0026497438953969,0.0,0.0,22,Holdout
Persistent bias,1920,5,0.073594320408248,155.2886730380886,2110.063279022884,0.0227786505246704,0.2,0.0454545454545454,22,Holdout
Persistent bias,1920,10,0.1502187193188046,316.9710034564552,2110.063279022884,0.0617112303594526,0.4,0.1818181818181818,22,Holdout
Persistent bias,1927,1,0.0509111015819076,102.23451420853856,2008.0986470909463,0.0041546322802049,0.0,0.0,25,Holdout
Persistent bias,1927,5,0.1048289361756808,210.50684491036785,2008.0986470909463,0.030181206284194,0.2,0.04,25,Holdout
Persistent bias,1927,10,0.1875342386780371,376.587250972597,2008.0986470909463,0.0553947746671421,0.1,0.04,25,Holdout
Persistent bias,1934,1,0.0200989328971862,41.5199661359213,2065.7796286156968,0.007400298674114,0.0,0.0,15,Holdout
Persistent bias,1934,5,0.0825899409193653,170.61261747979887,2065.7796286156968,0.034237440555255,0.2,0.0666666666666666,15,Holdout
Persistent bias,1934,10,0.147777102005782,305.27492689940834,2065.7796286156968,0.0678719057655991,0.2,0.1333333333333333,15,Holdout
Widest range,1913,1,0.0268988023245727,53.82447274594325,2000.998858479776,0.0023123798786466,0.0,0.0,17,Holdout
Widest range,1913,5,0.1080238397201521,216.15557996862665,2000.998858479776,0.0206980332276463,0.0,0.0,17,Holdout
Widest range,1913,10,0.2120775221297654,424.3668796908799,2000.998858479776,0.0579178557830631,0.2,0.1176470588235294,17,Holdout
Widest range,1920,1,0.0308948046439773,65.18999279184233,2110.063279022884,0.0026497438953969,0.0,0.0,22,Holdout
Widest range,1920,5,0.1145509202247497,241.7096903445241,2110.063279022884,0.0265509159693887,0.4,0.0909090909090909,22,Holdout
Widest range,1920,10,0.1967530765881888,415.1614419435143,2110.063279022884,0.056475858317009,0.3,0.1363636363636363,22,Holdout
Widest range,1927,1,0.0509111015819076,102.23451420853856,2008.0986470909463,0.0041546322802049,0.0,0.0,25,Holdout
Widest range,1927,5,0.1271056576480907,255.240699160736,2008.0986470909463,0.0199892170628469,0.0,0.0,25,Holdout
Widest range,1927,10,0.2185470264851924,438.8639882106643,2008.0986470909463,0.0494129294533221,0.0,0.0,25,Holdout
Widest range,1934,1,0.0476021594745529,98.33557132064723,2065.7796286156968,0.0042051417684661,0.0,0.0,15,Holdout
Widest range,1934,5,0.1621336801004238,334.9324534639497,2065.7796286156968,0.0277639725834424,0.0,0.0,15,Holdout
Widest range,1934,10,0.2325655758640809,480.4292289372968,2065.7796286156968,0.0528632644304359,0.0,0.0,15,Holdout
Normalised error (diagnostic),1913,1,0.0059075303018796,11.82096139049584,2000.998858479776,0.0099407228976823,1.0,0.0588235294117647,17,Holdout
Normalised error (diagnostic),1913,5,0.049691510293101,99.43265537263116,2000.998858479776,0.0563340298851072,0.8,0.2352941176470588,17,Holdout
Normalised error (diagnostic),1913,10,0.0864856039380903,173.05759475505278,2000.998858479776,0.1000709575587802,0.6,0.3529411764705882,17,Holdout
Normalised error (diagnostic),1920,1,0.0057737899696538,12.183062195757271,2110.063279022884,0.0108836029201492,1.0,0.0454545454545454,22,Holdout
Normalised error (diagnostic),1920,5,0.0428820273251823,90.48379118892308,2110.063279022884,0.0433509394455622,0.6,0.1363636363636363,22,Holdout
Normalised error (diagnostic),1920,10,0.0709479221165513,149.70460518111042,2110.063279022884,0.08536184903078,0.6,0.2727272727272727,22,Holdout
Normalised error (diagnostic),1927,1,0.005113902397297,10.269220485367388,2008.0986470909463,0.0090933857852775,1.0,0.04,25,Holdout
Normalised error (diagnostic),1927,5,0.0175274439215752,35.196836425877706,2008.0986470909463,0.0385535893059692,0.6,0.12,25,Holdout
Normalised error (diagnostic),1927,10,0.0582000453802856,116.8714323887833,2008.0986470909463,0.0840839051589643,0.6,0.24,25,Holdout
Normalised error (diagnostic),1934,1,0.0060861060114759,12.572553816102646,2065.7796286156968,0.0116851852623651,1.0,0.0666666666666666,15,Holdout
Normalised error (diagnostic),1934,5,0.0436247386694242,90.11909644698,2065.7796286156968,0.0502744029355502,0.4,0.1333333333333333,15,Holdout
Normalised error (diagnostic),1934,10,0.0810690647535712,167.47082247885427,2065.7796286156968,0.0866199531084856,0.3,0.2,15,Holdout
Combined score (frozen),1913,1,0.0268988023245727,53.82447274594325,2000.998858479776,0.0023123798786466,0.0,0.0,17,Holdout
Combined score (frozen),1913,5,0.1188029083220387,237.72448393647684,2000.998858479776,0.0252163187313545,0.2,0.0588235294117647,17,Holdout
Combined score (frozen),1913,10,0.2141443897161648,428.502679371894,2000.998858479776,0.0581290035728524,0.2,0.1176470588235294,17,Holdout
Combined score (frozen),1920,1,0.0308948046439773,65.18999279184233,2110.063279022884,0.0026497438953969,0.0,0.0,22,Holdout
Combined score (frozen),1920,5,0.111897852991186,236.11155059820263,2110.063279022884,0.0238114725353372,0.4,0.0909090909090909,22,Holdout
Combined score (frozen),1920,10,0.2024152277387568,427.10893916660496,2110.063279022884,0.0579228270032716,0.3,0.1363636363636363,22,Holdout
Combined score (frozen),1927,1,0.0509111015819076,102.23451420853856,2008.0986470909463,0.0041546322802049,0.0,0.0,25,Holdout
Combined score (frozen),1927,5,0.1387882252463769,278.70044734940313,2008.0986470909463,0.0234507028429521,0.0,0.0,25,Holdout
Combined score (frozen),1927,10,0.2108452929246067,423.3981474673971,2008.0986470909463,0.048207409919823,0.0,0.0,25,Holdout
Combined score (frozen),1934,1,0.0476021594745529,98.33557132064723,2065.7796286156968,0.0042051417684661,0.0,0.0,15,Holdout
Combined score (frozen),1934,5,0.1672314926265082,345.4634107308368,2065.7796286156968,0.028849067128727,0.0,0.0,15,Holdout
Combined score (frozen),1934,10,0.2348007832419618,485.04667480425474,2065.7796286156968,0.0557784343394465,0.0,0.0,15,Holdout
