store_stratum,series
CA_1 / FOODS_high_frequent,11
CA_1 / FOODS_high_irregular,11
CA_1 / FOODS_low_irregular,10
CA_1 / FOODS_medium_frequent,10
CA_1 / FOODS_medium_irregular,10
CA_1 / HOUSEHOLD_high_frequent,10
CA_1 / HOUSEHOLD_high_irregular,8
CA_1 / HOUSEHOLD_low_irregular,10
CA_1 / HOUSEHOLD_medium_frequent,10
CA_1 / HOUSEHOLD_medium_irregular,10
TX_1 / FOODS_high_frequent,10
TX_1 / FOODS_high_irregular,10
TX_1 / FOODS_low_irregular,10
TX_1 / FOODS_medium_frequent,10
TX_1 / FOODS_medium_irregular,10
TX_1 / HOUSEHOLD_high_frequent,10
TX_1 / HOUSEHOLD_high_irregular,10
TX_1 / HOUSEHOLD_low_irregular,10
TX_1 / HOUSEHOLD_medium_frequent,10
TX_1 / HOUSEHOLD_medium_irregular,10
